molecule_chembl_id,smiles,pchembl_value,document_chembl_id,document_year,assay_chembl_id
CHEMBL12713,O=C1NCCN1CCN1CCC(c2cn(-c3ccc(F)cc3)c3ccc(Cl)cc23)CC1,7.85,CHEMBL1134478,2001,CHEMBL841079
CHEMBL1108,O=C(CCCN1CC=C(n2c(=O)[nH]c3ccccc32)CC1)c1ccc(F)cc1,7.49,CHEMBL1135758,2002,CHEMBL691014
CHEMBL2368925,O=C(O[C@@H]1C[C@@H]2C[C@H]3C[C@H](C1)N2CC3=O)c1c[nH]c2ccccc12,5.22,CHEMBL1135758,2002,CHEMBL691013
CHEMBL6966,COc1ccc(CCN(C)CCCC(C#N)(c2ccc(OC)c(OC)c2)C(C)C)cc1OC,6.84,CHEMBL1135758,2002,CHEMBL691014
CHEMBL1107,CCCCN(CCCC)CCC(O)c1cc2c(Cl)cc(Cl)cc2c2cc(C(F)(F)F)ccc12,6.71,CHEMBL1135758,2002,CHEMBL877203
CHEMBL998,CCOC(=O)N1CCC(=C2c3ccc(Cl)cc3CCc3cccnc32)CC1,6.76,CHEMBL1135758,2002,CHEMBL691014
CHEMBL12713,O=C1NCCN1CCN1CCC(c2cn(-c3ccc(F)cc3)c3ccc(Cl)cc23)CC1,7.85,CHEMBL1135758,2002,CHEMBL691014
CHEMBL370805,COC(=O)[C@H]1[C@@H](OC(=O)c2ccccc2)C[C@@H]2CC[C@H]1N2C,8.36,CHEMBL1135758,2002,CHEMBL822598
CHEMBL708,O=C1Cc2cc(CCN3CCN(c4nsc5ccccc45)CC3)c(Cl)cc2N1,6.82,CHEMBL1135758,2002,CHEMBL822598
CHEMBL472,COc1ccc(Cl)cc1C(=O)NCCc1ccc(S(=O)(=O)NC(=O)NC2CCCCC2)cc1,4.13,CHEMBL1135758,2002,CHEMBL749472
CHEMBL45816,COCC(=O)O[C@]1(CCN(C)CCCc2nc3ccccc3[nH]2)CCc2cc(F)ccc2[C@@H]1C(C)C,5.84,CHEMBL1135758,2002,CHEMBL656375
CHEMBL192,CCCc1nn(C)c2c(=O)[nH]c(-c3cc(S(=O)(=O)N4CCN(C)CC4)ccc3OCC)nc12,4.00,CHEMBL1135758,2002,CHEMBL691014
CHEMBL629,CN(C)CCC=C1c2ccccc2CCc2ccccc21,5.00,CHEMBL1135758,2002,CHEMBL822598
CHEMBL1008,CC(C)COCC(CN(Cc1ccccc1)c1ccccc1)N1CCCC1,6.26,CHEMBL1135758,2002,CHEMBL656604
CHEMBL473,CN(CCOc1ccc(NS(C)(=O)=O)cc1)CCc1ccc(NS(C)(=O)=O)cc1,7.82,CHEMBL1135758,2002,CHEMBL691014
CHEMBL296419,COc1ccc(CCN2CCC(Nc3nc4ccccc4n3Cc3ccc(F)cc3)CC2)cc1,9.05,CHEMBL1135758,2002,CHEMBL691013
CHEMBL54,O=C(CCCN1CCC(O)(c2ccc(Cl)cc2)CC1)c1ccc(F)cc1,7.55,CHEMBL1135758,2002,CHEMBL691014
CHEMBL61301,Fc1ccc(Cn2c(NC3CCNCC3)nc3ccccc32)cc1,7.55,CHEMBL1135758,2002,CHEMBL822598
CHEMBL17157,CC(C)(C)c1ccc(C(O)CCCN2CCC(C(O)(c3ccccc3)c3ccccc3)CC2)cc1,6.69,CHEMBL1135758,2002,CHEMBL691014
CHEMBL289469,CN1C2CCCC1CC(NC(=O)c1nn(C)c3ccccc13)C2,5.43,CHEMBL1135758,2002,CHEMBL691014
CHEMBL75880,C1CCC(C(CC2CCCCN2)C2CCCCC2)CC1,5.11,CHEMBL1135758,2002,CHEMBL822598
CHEMBL1423,O=c1[nH]c2ccccc2n1C1CCN(CCCC(c2ccc(F)cc2)c2ccc(F)cc2)CC1,7.75,CHEMBL1135758,2002,CHEMBL691014
CHEMBL42,CN1CCN(C2=Nc3cc(Cl)ccc3Nc3ccccc32)CC1,6.72,CHEMBL1135758,2002,CHEMBL822598
CHEMBL1729,COc1cc(N)c(Cl)cc1C(=O)NC1CCN(CCCOc2ccc(F)cc2)CC1OC,8.19,CHEMBL1135758,2002,CHEMBL691014
CHEMBL914,CC(C)(C(=O)O)c1ccc(C(O)CCCN2CCC(C(O)(c3ccccc3)c3ccccc3)CC2)cc1,4.67,CHEMBL1135758,2002,CHEMBL691014
CHEMBL327980,Cc1cccc(CCN2CCC(C(=O)c3ccc(NS(C)(=O)=O)cc3)CC2)n1,8.11,CHEMBL1135758,2002,CHEMBL691014
CHEMBL850,C[C@@H]1CN(c2c(F)c(N)c3c(=O)c(C(=O)O)cn(C4CC4)c3c2F)C[C@H](C)N1,4.46,CHEMBL1135758,2002,CHEMBL875385
CHEMBL71,CN(C)CCCN1c2ccccc2Sc2ccc(Cl)cc21,5.83,CHEMBL1135758,2002,CHEMBL662311
CHEMBL219916,O=c1[nH]c2ccccc2n1CCCN1CCC(n2c(=O)[nH]c3cc(Cl)ccc32)CC1,6.79,CHEMBL1135758,2002,CHEMBL691014
CHEMBL23,COc1ccc([C@@H]2Sc3ccccc3N(CCN(C)C)C(=O)[C@@H]2OC(C)=O)cc1,4.76,CHEMBL1135758,2002,CHEMBL691014
CHEMBL85,Cc1nc2n(c(=O)c1CCN1CCC(c3noc4cc(F)ccc34)CC1)CCCC2,6.79,CHEMBL1135758,2002,CHEMBL822598
CHEMBL94454,CN(c1nccc(=O)[nH]1)C1CCN(c2nc3ccccc3n2Cc2ccc(F)cc2)CC1,6.46,CHEMBL1135758,2002,CHEMBL691014
CHEMBL123558,CN1CCN(CCCCN2C(=O)CN(/N=C/c3ccc(-c4ccc(Cl)cc4)o3)C2=O)CC1,6.25,CHEMBL1135758,2002,CHEMBL662305
CHEMBL479,CSc1ccc2c(c1)N(CCC1CCCCN1C)c1ccccc1S2,7.45,CHEMBL1135758,2002,CHEMBL691014
CHEMBL11,CN(C)CCCN1c2ccccc2CCc2ccccc21,5.47,CHEMBL1135758,2002,CHEMBL662305
CHEMBL338109,CN1C(=O)[C@H](NC(=O)C(N)Cc2ccccc2)N=C(c2ccccc2)c2ccccc21,5.06,CHEMBL1130298,1997,CHEMBL686879
CHEMBL16900,O=C(Cc1ccc(C(F)(F)F)cc1C(F)(F)F)N[C@@H]1N=C(c2ccccc2)c2ccccc2N(CC(F)(F)F)C1=O,5.22,CHEMBL1130298,1997,CHEMBL686879
CHEMBL340353,CN1C(=O)[C@H](NC(=O)CCC2CCCCC2)N=C(c2ccccc2)c2ccccc21,6.00,CHEMBL1130298,1997,CHEMBL686879
CHEMBL332826,CN1C(=O)[C@H](NC(=O)/C=C/c2ccc(Cl)cc2Cl)N=C(c2ccccc2)c2ccccc21,5.82,CHEMBL1130298,1997,CHEMBL686879
CHEMBL127701,O=C(Cc1ccc(Cl)cc1Cl)N[C@@H]1N=C(c2ccccc2)c2ccccc2N(CC(F)(F)F)C1=O,5.62,CHEMBL1130298,1997,CHEMBL686879
CHEMBL9387,Cc1cccc(NC(=O)N[C@@H]2N=C(c3ccccc3)c3ccccc3N(C)C2=O)c1,5.30,CHEMBL1130298,1997,CHEMBL686879
CHEMBL339327,O=C(Cc1cc(Cl)cc(Cl)c1)N[C@@H]1N=C(c2ccccc2)c2ccccc2N(CC(F)(F)F)C1=O,5.40,CHEMBL1130298,1997,CHEMBL686879
CHEMBL70380,Cc1cccc(NC(=O)N[C@H]2N=C(c3ccccc3)c3ccccc3N(C)C2=O)c1,5.00,CHEMBL1130298,1997,CHEMBL686879
CHEMBL128007,CN(C)CCN1C(=O)C(NC(=O)CCc2ccc(Cl)cc2Cl)N=C(c2ccccc2)c2ccccc21,7.00,CHEMBL1130298,1997,CHEMBL686879
CHEMBL443476,O=C1NCCN1CCN1CCC(c2cn(-c3ccccc3)c3ccc(Cl)cc23)CC1,7.06,CHEMBL1136402,2003,CHEMBL766816
CHEMBL53661,O=C1NCCN1CCN1CCC(c2cn(C3CCCCC3)c3ccc(Cl)cc23)CC1,6.86,CHEMBL1136402,2003,CHEMBL766816
CHEMBL299390,CCC(CC)c1cn(-c2ccc(F)cc2)c2ccc(Cl)cc12,5.83,CHEMBL1136402,2003,CHEMBL766816
CHEMBL12186,O=C1NCCN1CCN1CC=C(c2cn(-c3ccc(F)cc3)c3ccc(Cl)cc23)CC1,8.00,CHEMBL1136402,2003,CHEMBL766816
CHEMBL556312,O=C1NCCN1CCN1CCC(C2CN(c3ccc(F)cc3)c3ccccc32)CC1,7.63,CHEMBL1136402,2003,CHEMBL766816
CHEMBL1729,COc1cc(N)c(Cl)cc1C(=O)NC1CCN(CCCOc2ccc(F)cc2)CC1OC,7.35,CHEMBL1136402,2003,CHEMBL766816
CHEMBL6966,COc1ccc(CCN(C)CCCC(C#N)(c2ccc(OC)c(OC)c2)C(C)C)cc1OC,6.84,CHEMBL1136402,2003,CHEMBL766816
CHEMBL55835,O=C(O)Cc1ccc(-n2cc(C3CCN(CCN4CCNC4=O)CC3)c3cc(Cl)ccc32)cc1,6.24,CHEMBL1136402,2003,CHEMBL766816
CHEMBL17157,CC(C)(C)c1ccc(C(O)CCCN2CCC(C(O)(c3ccccc3)c3ccccc3)CC2)cc1,7.25,CHEMBL1136402,2003,CHEMBL766816
CHEMBL298978,Fc1ccc(-n2cc(C3CCN(CCN4CCN=C4S)CC3)c3ccccc32)cc1,8.21,CHEMBL1136402,2003,CHEMBL766816
CHEMBL53871,CCC(O)(CC)c1cn(-c2ccc(F)cc2)c2ccc(Cl)cc12,4.80,CHEMBL1136402,2003,CHEMBL766816
CHEMBL300927,O=C(O)c1ccc(-n2cc(C3CCN(CCN4CCNC4=O)CC3)c3cc(Cl)ccc32)cc1,4.12,CHEMBL1136402,2003,CHEMBL766816
CHEMBL473,CN(CCOc1ccc(NS(C)(=O)=O)cc1)CCc1ccc(NS(C)(=O)=O)cc1,8.00,CHEMBL1136402,2003,CHEMBL766816
CHEMBL52348,CCCc1cn(-c2ccc(F)cc2)c2ccc(Cl)cc12,4.58,CHEMBL1136402,2003,CHEMBL766816
CHEMBL53866,CCC(O)c1cn(-c2ccc(F)cc2)c2ccc(Cl)cc12,5.66,CHEMBL1136402,2003,CHEMBL766816
CHEMBL301956,CN(C)Cc1cn(-c2ccc(F)cc2)c2ccc(Cl)cc12,7.96,CHEMBL1136402,2003,CHEMBL766816
CHEMBL53321,CCC(=O)c1cn(-c2ccc(F)cc2)c2ccc(Cl)cc12,5.71,CHEMBL1136402,2003,CHEMBL766816
CHEMBL914,CC(C)(C(=O)O)c1ccc(C(O)CCCN2CCC(C(O)(c3ccccc3)c3ccccc3)CC2)cc1,4.64,CHEMBL1136402,2003,CHEMBL766816
CHEMBL52794,CC(O)c1cn(-c2ccc(F)cc2)c2ccc(Cl)cc12,5.34,CHEMBL1136402,2003,CHEMBL766816
CHEMBL54,O=C(CCCN1CCC(O)(c2ccc(Cl)cc2)CC1)c1ccc(F)cc1,7.50,CHEMBL1136402,2003,CHEMBL766816
CHEMBL12780,O=C1NCCN1CCN1CCC(c2cn(-c3ccc(F)cc3)c3ccccc23)CC1,8.15,CHEMBL1136402,2003,CHEMBL766816
CHEMBL300907,CCc1cn(-c2ccc(F)cc2)c2ccc(Cl)cc12,5.46,CHEMBL1136402,2003,CHEMBL766816
CHEMBL415944,COC(=O)Cc1ccc(-n2cc(C3CCN(CCN4CCNC4=O)CC3)c3cc(Cl)ccc32)cc1,6.88,CHEMBL1136402,2003,CHEMBL766816
CHEMBL52627,CS(=O)(=O)Nc1ccc2c(c1)C(O)CC1(CCN(C3CCc4cc(C#N)ccc4C3)CC1)O2,7.47,CHEMBL1136402,2003,CHEMBL766816
CHEMBL52832,CC(C)(O)c1ccc(C(O)CCCN2CCC(C(O)(c3ccccc3)c3ccccc3)CC2)cc1,6.34,CHEMBL1136402,2003,CHEMBL766816
CHEMBL52999,COC(=O)c1ccc(-n2cc(C3CCN(CCN4CCNC4=O)CC3)c3cc(Cl)ccc32)cc1,7.44,CHEMBL1136402,2003,CHEMBL766816
CHEMBL273235,Fc1ccc(-n2cc(C3CCNCC3)c3cc(Cl)ccc32)cc1,6.69,CHEMBL1136402,2003,CHEMBL766816
CHEMBL12713,O=C1NCCN1CCN1CCC(c2cn(-c3ccc(F)cc3)c3ccc(Cl)cc23)CC1,8.52,CHEMBL1136402,2003,CHEMBL766816
CHEMBL1423,O=c1[nH]c2ccccc2n1C1CCN(CCCC(c2ccc(F)cc2)c2ccc(F)cc2)CC1,7.75,CHEMBL1136402,2003,CHEMBL766816
CHEMBL1729,COc1cc(N)c(Cl)cc1C(=O)NC1CCN(CCCOc2ccc(F)cc2)CC1OC,7.33,CHEMBL1145042,2003,CHEMBL768686
CHEMBL12713,O=C1NCCN1CCN1CCC(c2cn(-c3ccc(F)cc3)c3ccc(Cl)cc23)CC1,8.52,CHEMBL1145042,2003,CHEMBL768686
CHEMBL583,Cc1c(F)c(N2CCNC(C)C2)cc2c1c(=O)c(C(=O)O)cn2C1CC1,4.30,CHEMBL1145042,2003,CHEMBL768686
CHEMBL1423,O=c1[nH]c2ccccc2n1C1CCN(CCCC(c2ccc(F)cc2)c2ccc(F)cc2)CC1,7.75,CHEMBL1145042,2003,CHEMBL768686
CHEMBL296419,COc1ccc(CCN2CCC(Nc3nc4ccccc4n3Cc3ccc(F)cc3)CC2)cc1,9.05,CHEMBL1145042,2003,CHEMBL768686
CHEMBL17157,CC(C)(C)c1ccc(C(O)CCCN2CCC(C(O)(c3ccccc3)c3ccccc3)CC2)cc1,7.25,CHEMBL1145042,2003,CHEMBL768686
CHEMBL479,CSc1ccc2c(c1)N(CCC1CCCCN1C)c1ccccc1S2,6.72,CHEMBL1145042,2003,CHEMBL768686
CHEMBL193,COC(=O)C1=C(C)NC(C)=C(C(=O)OC)C1c1ccccc1[N+](=O)[O-],4.30,CHEMBL1136167,2003,CHEMBL766814
CHEMBL473,CN(CCOc1ccc(NS(C)(=O)=O)cc1)CCc1ccc(NS(C)(=O)=O)cc1,8.00,CHEMBL1136167,2003,CHEMBL766814
CHEMBL998,CCOC(=O)N1CCC(=C2c3ccc(Cl)cc3CCc3cccnc32)CC1,6.77,CHEMBL1136167,2003,CHEMBL766814
CHEMBL60796,Oc1ccc(CCN2CCC(Nc3nc4ccccc4n3Cc3ccc(F)cc3)CC2)cc1,9.00,CHEMBL1136167,2003,CHEMBL766814
CHEMBL1110,Cc1[nH]cnc1CN1CCc2c(c3ccccc3n2C)C1=O,5.49,CHEMBL1136167,2003,CHEMBL766814
CHEMBL1008,CC(C)COCC(CN(Cc1ccccc1)c1ccccc1)N1CCCC1,6.26,CHEMBL1136167,2003,CHEMBL766814
CHEMBL723,COc1ccccc1OCCNCC(O)COc1cccc2[nH]c3ccccc3c12,4.98,CHEMBL1136167,2003,CHEMBL766814
CHEMBL2093896,CSc1ccc([C@H]2N=C(OCc3ccc(NS(C)(=O)=O)cc3)N(C)Cc3ccccc32)cc1.Cl,4.68,CHEMBL1128716,1995,CHEMBL684971
CHEMBL1107,CCCCN(CCCC)CCC(O)c1cc2c(Cl)cc(Cl)cc2c2cc(C(F)(F)F)ccc12,6.70,CHEMBL1136167,2003,CHEMBL766814
CHEMBL75880,C1CCC(C(CC2CCCCN2)C2CCCCC2)CC1,5.11,CHEMBL1136167,2003,CHEMBL766814
CHEMBL549,CN(C)CCCC1(c2ccc(F)cc2)OCc2cc(C#N)ccc21,5.40,CHEMBL1136167,2003,CHEMBL766814
CHEMBL3350235,CSc1ccc([C@@H]2N=C(OCc3ccc(NS(C)(=O)=O)cc3)N(C)Cc3ccccc32)cc1.Cl,4.25,CHEMBL1128716,1995,CHEMBL684971
CHEMBL296419,COc1ccc(CCN2CCC(Nc3nc4ccccc4n3Cc3ccc(F)cc3)CC2)cc1,8.22,CHEMBL1136167,2003,CHEMBL766814
CHEMBL319742,O=C(O[C@H]1C[C@@H]2C[C@@H]3C[C@@H](C1)N2CC3=O)C1CNc2ccccc21,5.23,CHEMBL1136167,2003,CHEMBL766814
CHEMBL370805,COC(=O)[C@H]1[C@@H](OC(=O)c2ccccc2)C[C@@H]2CC[C@H]1N2C,5.14,CHEMBL1136167,2003,CHEMBL766814
CHEMBL533,CCCCCCCN(CC)CCCC(O)c1ccc(NS(C)(=O)=O)cc1,8.00,CHEMBL1136167,2003,CHEMBL766814
CHEMBL45816,COCC(=O)O[C@]1(CCN(C)CCCc2nc3ccccc3[nH]2)CCc2cc(F)ccc2[C@@H]1C(C)C,5.84,CHEMBL1136167,2003,CHEMBL766814
CHEMBL1729,COc1cc(N)c(Cl)cc1C(=O)NC1CCN(CCCOc2ccc(F)cc2)CC1OC,7.40,CHEMBL1136167,2003,CHEMBL766814
CHEMBL517,CC(C)N(CCC(C(N)=O)(c1ccccc1)c1ccccn1)C(C)C,4.04,CHEMBL1136167,2003,CHEMBL766814
CHEMBL850,C[C@@H]1CN(c2c(F)c(N)c3c(=O)c(C(=O)O)cn(C4CC4)c3c2F)C[C@H](C)N1,4.74,CHEMBL1136167,2003,CHEMBL766814
CHEMBL1788206,CN1Cc2ccccc2[C@@H](c2ccccc2)N=C1OCc1ccc(NS(C)(=O)=O)cc1.O=C(O)/C=C/C(=O)O,4.42,CHEMBL1128716,1995,CHEMBL687333
CHEMBL1788304,CN1Cc2ccccc2[C@H](c2ccc(F)cc2F)N=C1CCc1ccc(NS(C)(=O)=O)cc1.Cl,4.07,CHEMBL1128716,1995,CHEMBL684971
CHEMBL505,CN(C)CCC(c1ccc(Cl)cc1)c1ccccn1,4.68,CHEMBL1136167,2003,CHEMBL766814
CHEMBL54,O=C(CCCN1CCC(O)(c2ccc(Cl)cc2)CC1)c1ccc(F)cc1,7.52,CHEMBL1136167,2003,CHEMBL766814
CHEMBL94454,CN(c1nccc(=O)[nH]1)C1CCN(c2nc3ccccc3n2Cc2ccc(F)cc2)CC1,6.36,CHEMBL1136167,2003,CHEMBL766814
CHEMBL17423,COc1ccc(C(=O)N2CCN(c3ccc4c(c3)CCC(=O)N4)CC2)cc1OC,5.96,CHEMBL1136167,2003,CHEMBL766814
CHEMBL535650,Cl.OC(c1cc(C(F)(F)F)nc2c(C(F)(F)F)cccc12)C1CCCCN1,5.25,CHEMBL1136167,2003,CHEMBL766814
CHEMBL42,CN1CCN(C2=Nc3cc(Cl)ccc3Nc3ccccc32)CC1,6.49,CHEMBL1136167,2003,CHEMBL766814
CHEMBL845,Clc1ccc2c(c1)N=C(N1CCNCC1)c1ccccc1N2,5.35,CHEMBL1136167,2003,CHEMBL766814
CHEMBL479,CSc1ccc2c(c1)N(CCC1CCCCN1C)c1ccccc1S2,6.44,CHEMBL1136167,2003,CHEMBL766814
CHEMBL71,CN(C)CCCN1c2ccccc2Sc2ccc(Cl)cc21,5.83,CHEMBL1136167,2003,CHEMBL766814
CHEMBL41,CNCCC(Oc1ccc(C(F)(F)F)cc1)c1ccccc1,5.82,CHEMBL1136167,2003,CHEMBL766814
CHEMBL633,CCCCc1oc2ccccc2c1C(=O)c1cc(I)c(OCCN(CC)CC)c(I)c1,5.00,CHEMBL1136167,2003,CHEMBL766814
CHEMBL123558,CN1CCN(CCCCN2C(=O)CN(/N=C/c3ccc(-c4ccc(Cl)cc4)o3)C2=O)CC1,5.85,CHEMBL1136167,2003,CHEMBL766814
CHEMBL17157,CC(C)(C)c1ccc(C(O)CCCN2CCC(C(O)(c3ccccc3)c3ccccc3)CC2)cc1,6.70,CHEMBL1136167,2003,CHEMBL766814
CHEMBL583,Cc1c(F)c(N2CCNC(C)C2)cc2c1c(=O)c(C(=O)O)cn2C1CC1,4.30,CHEMBL1136167,2003,CHEMBL766814
CHEMBL192,CCCc1nn(C)c2c(=O)[nH]c(-c3cc(S(=O)(=O)N4CCN(C)CC4)ccc3OCC)nc12,5.48,CHEMBL1136167,2003,CHEMBL766814
CHEMBL23,COc1ccc([C@@H]2Sc3ccccc3N(CCN(C)C)C(=O)[C@@H]2OC(C)=O)cc1,4.76,CHEMBL1136167,2003,CHEMBL766814
CHEMBL1000,O=C(O)COCCN1CCN(C(c2ccccc2)c2ccc(Cl)cc2)CC1,4.52,CHEMBL1136167,2003,CHEMBL766814
CHEMBL657,CN(C)CCOC(c1ccccc1)c1ccccc1,4.57,CHEMBL1136167,2003,CHEMBL766814
CHEMBL157101,CC(=O)N1CCN(c2ccc(OCC3COC(Cn4ccnc4)(c4ccc(Cl)cc4Cl)O3)cc2)CC1,5.72,CHEMBL1136167,2003,CHEMBL766814
CHEMBL6966,COc1ccc(CCN(C)CCCC(C#N)(c2ccc(OC)c(OC)c2)C(C)C)cc1OC,6.85,CHEMBL1136167,2003,CHEMBL766814
CHEMBL72,CNCCCN1c2ccccc2CCc2ccccc21,5.82,CHEMBL1136167,2003,CHEMBL766814
CHEMBL85,Cc1nc2n(c(=O)c1CCN1CCC(c3noc4cc(F)ccc34)CC1)CCCC2,6.82,CHEMBL1136167,2003,CHEMBL766814
CHEMBL473,CN(CCOc1ccc(NS(C)(=O)=O)cc1)CCc1ccc(NS(C)(=O)=O)cc1,4.36,CHEMBL1128716,1995,CHEMBL684971
CHEMBL296419,COc1ccc(CCN2CCC(Nc3nc4ccccc4n3Cc3ccc(F)cc3)CC2)cc1,8.00,CHEMBL1136167,2003,CHEMBL766814
CHEMBL1423,O=c1[nH]c2ccccc2n1C1CCN(CCCC(c2ccc(F)cc2)c2ccc(F)cc2)CC1,7.30,CHEMBL1136167,2003,CHEMBL766814
CHEMBL12713,O=C1NCCN1CCN1CCC(c2cn(-c3ccc(F)cc3)c3ccc(Cl)cc23)CC1,8.00,CHEMBL1136167,2003,CHEMBL766814
CHEMBL1741,CC[C@H]1OC(=O)[C@H](C)[C@@H](O[C@H]2C[C@@](C)(OC)[C@@H](O)[C@H](C)O2)[C@H](C)[C@@H](O[C@@H]2O[C@H](C)C[C@H](N(C)C)[C@H]2O)[C@](C)(OC)C[C@@H](C)C(=O)[C@H](C)[C@@H](O)[C@]1(C)O,4.23,CHEMBL1136167,2003,CHEMBL766814
CHEMBL1741,CC[C@H]1OC(=O)[C@H](C)[C@@H](O[C@H]2C[C@@](C)(OC)[C@@H](O)[C@H](C)O2)[C@H](C)[C@@H](O[C@@H]2O[C@H](C)C[C@H](N(C)C)[C@H]2O)[C@](C)(OC)C[C@@H](C)C(=O)[C@H](C)[C@@H](O)[C@]1(C)O,4.48,CHEMBL1136167,2003,CHEMBL766815
CHEMBL475534,CCOC(=O)C1=C(C)NC(C)=C(C(=O)OC)C1c1cccc([N+](=O)[O-])c1,5.00,CHEMBL1136167,2003,CHEMBL766814
CHEMBL1108,O=C(CCCN1CC=C(n2c(=O)[nH]c3ccccc32)CC1)c1ccc(F)cc1,7.49,CHEMBL1136167,2003,CHEMBL766814
CHEMBL1088,CN1CCCCC1CCN1c2ccccc2Sc2ccc([S+](C)[O-])cc21,6.49,CHEMBL1136167,2003,CHEMBL766814
CHEMBL96153,COc1ccc(C2CCN(CC[C@H]3CCOc4ccccc43)CC2)cc1OC,6.60,CHEMBL1136167,2003,CHEMBL766814
CHEMBL629,CN(C)CCC=C1c2ccccc2CCc2ccccc21,5.00,CHEMBL1136167,2003,CHEMBL766814
CHEMBL94664,COc1ccc(C2CCN(CCC3CCOc4ccccc43)CC2)cc1OC,6.70,CHEMBL1136167,2003,CHEMBL766814
CHEMBL2092889,CN1Cc2ccccc2[C@H](c2ccccc2)N=C1OCc1ccc(NS(C)(=O)=O)cc1.O=C(O)/C=C/C(=O)O,4.54,CHEMBL1128716,1995,CHEMBL684971
CHEMBL1106,NC1=NCC2c3ccccc3Cc3ccccc3N12,4.00,CHEMBL1136167,2003,CHEMBL766814
CHEMBL46,Cc1nccn1CC1CCc2c(c3ccccc3n2C)C1=O,6.09,CHEMBL1136167,2003,CHEMBL766814
CHEMBL1294,C=C[C@H]1CN2CC[C@H]1C[C@@H]2[C@@H](O)c1ccnc2ccc(OC)cc12,6.49,CHEMBL1136167,2003,CHEMBL766814
CHEMBL715,Cc1cc2c(s1)Nc1ccccc1N=C2N1CCN(C)CC1,6.74,CHEMBL1136167,2003,CHEMBL766814
CHEMBL2092890,CN1Cc2ccccc2[C@@H](c2ccc(F)cc2F)N=C1CCc1ccc(NS(C)(=O)=O)cc1.Cl,4.42,CHEMBL1128716,1995,CHEMBL684971
CHEMBL652,O=C(NCC1CCCCN1)c1cc(OCC(F)(F)F)ccc1OCC(F)(F)F,5.41,CHEMBL1136167,2003,CHEMBL766814
CHEMBL1375743,Cl.O.O=C1Cc2cc(CCN3CCN(c4nsc5ccccc45)CC3)c(Cl)cc2N1,6.92,CHEMBL1136167,2003,CHEMBL766814
CHEMBL2368925,O=C(O[C@@H]1C[C@@H]2C[C@H]3C[C@H](C1)N2CC3=O)c1c[nH]c2ccccc12,4.92,CHEMBL1136167,2003,CHEMBL766814
CHEMBL327980,Cc1cccc(CCN2CCC(C(=O)c3ccc(NS(C)(=O)=O)cc3)CC2)n1,7.70,CHEMBL1136167,2003,CHEMBL766814
CHEMBL11,CN(C)CCCN1c2ccccc2CCc2ccccc21,5.47,CHEMBL1136167,2003,CHEMBL766814
CHEMBL61301,Fc1ccc(Cn2c(NC3CCNCC3)nc3ccccc32)cc1,7.55,CHEMBL1136167,2003,CHEMBL766814
CHEMBL368895,CN(C)CCCn1nc(C2=C(c3cn(-c4ccc5ccccc5c4)c4ccccc34)C(=O)NC2=O)c2ccccc21,7.55,CHEMBL1142718,2005,CHEMBL827917
CHEMBL180672,CC(C)(Cc1ccc2ccccc2c1)NC[C@@H](O)COc1cccc(Cl)c1C#N,6.71,CHEMBL1144337,2005,CHEMBL832717
CHEMBL629,CN(C)CCC=C1c2ccccc2CCc2ccccc21,5.00,CHEMBL1142050,2005,CHEMBL832277
CHEMBL296419,COc1ccc(CCN2CCC(Nc3nc4ccccc4n3Cc3ccc(F)cc3)CC2)cc1,9.04,CHEMBL1142050,2005,CHEMBL832277
CHEMBL537847,CN1CCN(CCCCN2C(=O)CN(/N=C/c3ccc(-c4ccc(Cl)cc4)o3)C2=O)CC1.Cl,6.25,CHEMBL1142050,2005,CHEMBL832277
CHEMBL1008,CC(C)COCC(CN(Cc1ccccc1)c1ccccc1)N1CCCC1,6.26,CHEMBL1142050,2005,CHEMBL832277
CHEMBL23,COc1ccc([C@@H]2Sc3ccccc3N(CCN(C)C)C(=O)[C@@H]2OC(C)=O)cc1,4.76,CHEMBL1142050,2005,CHEMBL832277
CHEMBL2368925,O=C(O[C@@H]1C[C@@H]2C[C@H]3C[C@H](C1)N2CC3=O)c1c[nH]c2ccccc12,5.22,CHEMBL1142050,2005,CHEMBL832277
CHEMBL219916,O=c1[nH]c2ccccc2n1CCCN1CCC(n2c(=O)[nH]c3cc(Cl)ccc32)CC1,6.79,CHEMBL1142050,2005,CHEMBL832277
CHEMBL1108,O=C(CCCN1CC=C(n2c(=O)[nH]c3ccccc32)CC1)c1ccc(F)cc1,7.49,CHEMBL1142050,2005,CHEMBL832277
CHEMBL914,CC(C)(C(=O)O)c1ccc(C(O)CCCN2CCC(C(O)(c3ccccc3)c3ccccc3)CC2)cc1,4.67,CHEMBL1142050,2005,CHEMBL832277
CHEMBL583,Cc1c(F)c(N2CCNC(C)C2)cc2c1c(=O)c(C(=O)O)cn2C1CC1,4.11,CHEMBL1142050,2005,CHEMBL832277
CHEMBL1107,CCCCN(CCCC)CCC(O)c1cc2c(Cl)cc(Cl)cc2c2cc(C(F)(F)F)ccc12,6.70,CHEMBL1142050,2005,CHEMBL832277
CHEMBL54,O=C(CCCN1CCC(O)(c2ccc(Cl)cc2)CC1)c1ccc(F)cc1,7.55,CHEMBL1142050,2005,CHEMBL832277
CHEMBL45816,COCC(=O)O[C@]1(CCN(C)CCCc2nc3ccccc3[nH]2)CCc2cc(F)ccc2[C@@H]1C(C)C,5.84,CHEMBL1142050,2005,CHEMBL832277
CHEMBL61301,Fc1ccc(Cn2c(NC3CCNCC3)nc3ccccc32)cc1,7.55,CHEMBL1142050,2005,CHEMBL832277
CHEMBL1423,O=c1[nH]c2ccccc2n1C1CCN(CCCC(c2ccc(F)cc2)c2ccc(F)cc2)CC1,7.74,CHEMBL1142050,2005,CHEMBL832277
CHEMBL85,Cc1nc2n(c(=O)c1CCN1CCC(c3noc4cc(F)ccc34)CC1)CCCC2,6.79,CHEMBL1142050,2005,CHEMBL832277
CHEMBL12713,O=C1NCCN1CCN1CCC(c2cn(-c3ccc(F)cc3)c3ccc(Cl)cc23)CC1,7.85,CHEMBL1142050,2005,CHEMBL832277
CHEMBL850,C[C@@H]1CN(c2c(F)c(N)c3c(=O)c(C(=O)O)cn(C4CC4)c3c2F)C[C@H](C)N1,4.58,CHEMBL1142050,2005,CHEMBL832277
CHEMBL6966,COc1ccc(CCN(C)CCCC(C#N)(c2ccc(OC)c(OC)c2)C(C)C)cc1OC,6.84,CHEMBL1142050,2005,CHEMBL832277
CHEMBL71,CN(C)CCCN1c2ccccc2Sc2ccc(Cl)cc21,5.83,CHEMBL1142050,2005,CHEMBL832278
CHEMBL1729,COc1cc(N)c(Cl)cc1C(=O)NC1CCN(CCCOc2ccc(F)cc2)CC1OC,8.19,CHEMBL1142050,2005,CHEMBL832278
CHEMBL42,CN1CCN(C2=Nc3cc(Cl)ccc3Nc3ccccc32)CC1,5.24,CHEMBL1142050,2005,CHEMBL832278
CHEMBL370805,COC(=O)[C@H]1[C@@H](OC(=O)c2ccccc2)C[C@@H]2CC[C@H]1N2C,5.24,CHEMBL1142050,2005,CHEMBL832278
CHEMBL289469,CN1C2CCCC1CC(NC(=O)c1nn(C)c3ccccc13)C2,5.42,CHEMBL1142050,2005,CHEMBL832278
CHEMBL11,CN(C)CCCN1c2ccccc2CCc2ccccc21,5.47,CHEMBL1142050,2005,CHEMBL832278
CHEMBL94454,CN(c1nccc(=O)[nH]1)C1CCN(c2nc3ccccc3n2Cc2ccc(F)cc2)CC1,6.45,CHEMBL1142050,2005,CHEMBL832278
CHEMBL75880,C1CCC(C(CC2CCCCN2)C2CCCCC2)CC1,5.11,CHEMBL1142050,2005,CHEMBL832278
CHEMBL17157,CC(C)(C)c1ccc(C(O)CCCN2CCC(C(O)(c3ccccc3)c3ccccc3)CC2)cc1,6.89,CHEMBL1142050,2005,CHEMBL832278
CHEMBL479,CSc1ccc2c(c1)N(CCC1CCCCN1C)c1ccccc1S2,7.45,CHEMBL1142050,2005,CHEMBL832278
CHEMBL708,O=C1Cc2cc(CCN3CCN(c4nsc5ccccc45)CC3)c(Cl)cc2N1,6.82,CHEMBL1142050,2005,CHEMBL832278
CHEMBL298475,CN([C@H]1c2cc(OCCCC(F)(F)F)ccc2OC(C)(C)[C@@H]1O)S(C)(=O)=O,4.90,CHEMBL1137856,2004,CHEMBL827807
CHEMBL17423,COc1ccc(C(=O)N2CCN(c3ccc4c(c3)CCC(=O)N4)CC2)cc1OC,4.75,CHEMBL1137856,2004,CHEMBL827807
CHEMBL532,CC[C@H]1OC(=O)[C@H](C)[C@@H](O[C@H]2C[C@@](C)(OC)[C@@H](O)[C@H](C)O2)[C@H](C)[C@@H](O[C@@H]2O[C@H](C)C[C@H](N(C)C)[C@H]2O)[C@](C)(O)C[C@@H](C)C(=O)[C@H](C)[C@@H](O)[C@]1(C)O,4.41,CHEMBL1137856,2004,CHEMBL827807
CHEMBL1264,CCCNCC(O)COc1ccc(O)cc1C(=O)CCc1ccccc1,4.40,CHEMBL1137856,2004,CHEMBL827807
CHEMBL1365,NCC(O)COc1ccccc1C(=O)CCc1ccccc1,4.36,CHEMBL1137856,2004,CHEMBL827807
CHEMBL1741,CC[C@H]1OC(=O)[C@H](C)[C@@H](O[C@H]2C[C@@](C)(OC)[C@@H](O)[C@H](C)O2)[C@H](C)[C@@H](O[C@@H]2O[C@H](C)C[C@H](N(C)C)[C@H]2O)[C@](C)(OC)C[C@@H](C)C(=O)[C@H](C)[C@@H](O)[C@]1(C)O,4.34,CHEMBL1137856,2004,CHEMBL827807
CHEMBL296419,COc1ccc(CCN2CCC(Nc3nc4ccccc4n3Cc3ccc(F)cc3)CC2)cc1,8.82,CHEMBL1137856,2004,CHEMBL827807
CHEMBL129583,CS(=O)(=O)Nc1ccc2c(c1)C(=O)CC1(CCN(CCc3ccc4nonc4c3)CC1)O2,8.10,CHEMBL1137856,2004,CHEMBL827807
CHEMBL182977,CCCCCCCN(CC)CCCCc1ccc([N+](=O)[O-])cc1,8.00,CHEMBL1137856,2004,CHEMBL827807
CHEMBL533,CCCCCCCN(CC)CCCC(O)c1ccc(NS(C)(=O)=O)cc1,7.70,CHEMBL1137856,2004,CHEMBL827807
CHEMBL182646,COc1ccc(CCN(C)CCCN(C(=O)c2ccc([N+](=O)[O-])cc2)c2ccc(OC)c(OC)c2)cc1OC,7.70,CHEMBL1137856,2004,CHEMBL827807
CHEMBL327980,Cc1cccc(CCN2CCC(C(=O)c3ccc(NS(C)(=O)=O)cc3)CC2)n1,7.70,CHEMBL1137856,2004,CHEMBL827807
CHEMBL96153,COc1ccc(C2CCN(CC[C@H]3CCOc4ccccc43)CC2)cc1OC,7.52,CHEMBL1137856,2004,CHEMBL827807
CHEMBL473,CN(CCOc1ccc(NS(C)(=O)=O)cc1)CCc1ccc(NS(C)(=O)=O)cc1,7.52,CHEMBL1137856,2004,CHEMBL827807
CHEMBL17157,CC(C)(C)c1ccc(C(O)CCCN2CCC(C(O)(c3ccccc3)c3ccccc3)CC2)cc1,7.30,CHEMBL1137856,2004,CHEMBL827807
CHEMBL9484,CCCCCCC[N+](CC)(CC)CCCCc1ccc(Cl)cc1,6.82,CHEMBL1137856,2004,CHEMBL827807
CHEMBL362103,CCC[S+]([O-])CCCN(CC)CC(O)COc1ccc(C#N)cc1,6.60,CHEMBL1137856,2004,CHEMBL827807
CHEMBL85,Cc1nc2n(c(=O)c1CCN1CCC(c3noc4cc(F)ccc34)CC1)CCCC2,6.58,CHEMBL1137856,2004,CHEMBL827807
CHEMBL723,COc1ccccc1OCCNCC(O)COc1cccc2[nH]c3ccccc3c12,6.46,CHEMBL1137856,2004,CHEMBL827807
CHEMBL123558,CN1CCN(CCCCN2C(=O)CN(/N=C/c3ccc(-c4ccc(Cl)cc4)o3)C2=O)CC1,6.40,CHEMBL1137856,2004,CHEMBL827807
CHEMBL1008,CC(C)COCC(CN(Cc1ccccc1)c1ccccc1)N1CCCC1,6.37,CHEMBL1137856,2004,CHEMBL827807
CHEMBL363295,CC(CC(c1ccccc1)c1ccccc1)NC(C)(C)C,6.30,CHEMBL1137856,2004,CHEMBL827807
CHEMBL631,CCCNCC(O)COc1ccccc1C(=O)CCc1ccccc1,6.10,CHEMBL1137856,2004,CHEMBL827807
CHEMBL353985,COc1ccc(CCN(C)CCOc2ccc(NS(C)(=O)=O)cc2N)cc1OC,6.00,CHEMBL1137856,2004,CHEMBL827807
CHEMBL505,CN(C)CCC(c1ccc(Cl)cc1)c1ccccn1,5.96,CHEMBL1137856,2004,CHEMBL827807
CHEMBL511,COc1ccc(CN(CCN(C)C)c2ccccn2)cc1,5.96,CHEMBL1137856,2004,CHEMBL827807
CHEMBL45816,COCC(=O)O[C@]1(CCN(C)CCCc2nc3ccccc3[nH]2)CCc2cc(F)ccc2[C@@H]1C(C)C,5.85,CHEMBL1137856,2004,CHEMBL827807
CHEMBL184412,CCCCc1oc2ccc(NS(C)(=O)=O)cc2c1C(=O)c1ccc(OCCCN(CCCC)CCCC)cc1,5.52,CHEMBL1137856,2004,CHEMBL827807
CHEMBL9387,Cc1cccc(NC(=O)N[C@@H]2N=C(c3ccccc3)c3ccccc3N(C)C2=O)c1,5.30,CHEMBL1137856,2004,CHEMBL827807
CHEMBL184014,COc1ccc(CCNC(C)COc2c(C)cccc2C)cc1OC,5.21,CHEMBL1137856,2004,CHEMBL827807
CHEMBL87045,c1ccc(C2(c3ccccc3)CC2C2=NCCN2)cc1,5.06,CHEMBL1137856,2004,CHEMBL827807
CHEMBL360861,Cn1c(NCCN(CCO)CCCc2ccc([N+](=O)[O-])cc2)cc(=O)n(C)c1=O,5.00,CHEMBL1137856,2004,CHEMBL827807
CHEMBL185434,CCN(CC)CC#CCOC(=O)[C@](O)(c1ccccc1)C1CCCCC1,4.92,CHEMBL1137856,2004,CHEMBL827807
CHEMBL517,CC(C)N(CCC(C(N)=O)(c1ccccc1)c1ccccn1)C(C)C,4.92,CHEMBL1137856,2004,CHEMBL827807
CHEMBL186873,COc1cc2c(cc1OC)C1Cc3ccc(OC)c(OC)c3C(Cc3ccccc3)N1CC2,4.85,CHEMBL1137856,2004,CHEMBL827807
CHEMBL442717,COc1cc2c(cc1OC)[C@@H](Cc1ccc(Oc3cc(C[C@@H]4c5cc(OC)c(OC)cc5CCN4C)ccc3O)cc1)N(C)CC2,4.80,CHEMBL1137856,2004,CHEMBL827807
CHEMBL1726,COC(=O)C1=C(C)NC(C)=C(C(=O)OCC(C)C)C1c1ccccc1[N+](=O)[O-],4.64,CHEMBL1137856,2004,CHEMBL827807
CHEMBL1097,CCN(CC)CCNC(=O)c1ccc(NC(C)=O)cc1,4.00,CHEMBL1137856,2004,CHEMBL827807
CHEMBL1107,CCCCN(CCCC)CCC(O)c1cc2c(Cl)cc(Cl)cc2c2cc(C(F)(F)F)ccc12,7.40,CHEMBL1137856,2004,CHEMBL827807
CHEMBL362721,CN1Cc2ccccc2[C@@H](c2ccccc2)N=C1CCc1ccccc1,7.05,CHEMBL1137856,2004,CHEMBL827807
CHEMBL184461,COc1ccc(CCNCCCNC(=O)c2ccc([N+](=O)[O-])cc2)cc1OC,6.38,CHEMBL1137856,2004,CHEMBL827807
CHEMBL54,O=C(CCCN1CCC(O)(c2ccc(Cl)cc2)CC1)c1ccc(F)cc1,5.85,CHEMBL1137856,2004,CHEMBL827807
CHEMBL1423,O=c1[nH]c2ccccc2n1C1CCN(CCCC(c2ccc(F)cc2)c2ccc(F)cc2)CC1,5.77,CHEMBL1137856,2004,CHEMBL827807
CHEMBL46516,O=C1NCN(c2ccccc2)C12CCN(CCCC(c1ccc(F)cc1)c1ccc(F)cc1)CC2,5.64,CHEMBL1137856,2004,CHEMBL827807
CHEMBL76,CCN(CC)CCCC(C)Nc1ccnc2cc(Cl)ccc12,5.60,CHEMBL1137856,2004,CHEMBL827807
CHEMBL416956,OC(c1cc(C(F)(F)F)nc2c(C(F)(F)F)cccc12)C1CCCCN1,5.58,CHEMBL1137856,2004,CHEMBL827807
CHEMBL6966,COc1ccc(CCN(C)CCCC(C#N)(c2ccc(OC)c(OC)c2)C(C)C)cc1OC,5.51,CHEMBL1137856,2004,CHEMBL827807
CHEMBL16900,O=C(Cc1ccc(C(F)(F)F)cc1C(F)(F)F)N[C@@H]1N=C(c2ccccc2)c2ccccc2N(CC(F)(F)F)C1=O,5.22,CHEMBL1137856,2004,CHEMBL827807
CHEMBL38827,CCCCN(CCCC)CC(O)c1cc(Cl)cc2c1-c1ccc(Cl)cc1/C2=C/c1ccc(Cl)cc1,5.09,CHEMBL1137856,2004,CHEMBL827807
CHEMBL182223,NC(CC(=O)N1CCC[C@H]1C(=O)NCc1ccc(C(=O)O)cc1)Cc1ccc(F)c(F)c1.O=C(O)C(F)(F)F,4.10,CHEMBL1137046,2004,CHEMBL829261
CHEMBL435882,NC(CC(=O)N1CCC[C@H]1C(=O)NCc1ccc(C(F)(F)F)cc1)Cc1ccccc1F.O=C(O)C(F)(F)F,6.06,CHEMBL1137046,2004,CHEMBL829261
CHEMBL364102,CC(C)[C@@H](Oc1ccc(CNC(=O)[C@@H]2CCCN2C(=O)CC(N)Cc2cc(F)ccc2F)cc1)C(=O)O.O=C(O)C(F)(F)F,4.12,CHEMBL1137046,2004,CHEMBL829261
CHEMBL186482,COC(=O)Cc1ccc(CNC(=O)[C@@H]2CSCN2C(=O)CC(N)Cc2ccccc2F)cc1.O=C(O)C(F)(F)F,5.01,CHEMBL1137046,2004,CHEMBL829261
CHEMBL186730,NCc1ccc(F)c(C2CCN(C(=O)c3cccc(-c4nc(-c5cccs5)no4)c3)CC2)c1,6.10,CHEMBL1138723,2004,CHEMBL827842
CHEMBL188068,NCc1ccc(F)c(C2CCN(C(=O)c3cc(C(=O)O)cc(-c4nc(-c5cccs5)no4)c3)CC2)c1,4.12,CHEMBL1138723,2004,CHEMBL827842
CHEMBL365062,NCc1ccc(F)c(C2CCN(C(=O)c3cc(C(N)=O)cc(-c4nc(-c5cccs5)no4)c3)CC2)c1,4.77,CHEMBL1138723,2004,CHEMBL827842
CHEMBL189881,C[C@@H](c1ccc(-c2ccc(F)cc2)cc1)[C@H](N)C(=O)N1CC[C@H](F)C1.O=C(O)C(F)(F)F,5.96,CHEMBL1139555,2005,CHEMBL829377
CHEMBL2113086,O=C(O)[C@@H](CC1CCC1)N1C[C@H](CN2CCC(c3cnc4ccccn34)CC2)[C@@H](c2cccc(F)c2)C1,5.57,CHEMBL1143543,2005,CHEMBL827855
CHEMBL195378,C[C@@H](c1ccc(-c2cccc(-c3nn[nH]n3)c2)cc1)[C@H](N)C(=O)N1CC[C@H](F)C1.O=C(O)C(F)(F)F,4.23,CHEMBL1139555,2005,CHEMBL829377
CHEMBL370072,C[C@@H](c1ccc(-c2cccc(-c3noc(O)n3)c2)cc1)[C@H](N)C(=O)N1CC[C@H](F)C1.O=C(O)C(F)(F)F,4.55,CHEMBL1139555,2005,CHEMBL829377
CHEMBL196983,COc1ccc([C@@H](O)C[C@H]2c3cc(OC)c(OC)cc3CCN2C)cc1,6.10,CHEMBL1144373,2005,CHEMBL828008
CHEMBL197467,COc1cc2c(cc1OC)[C@H](C[C@H](O)c1ccc(Cl)cc1)N(C)CC2,6.40,CHEMBL1144373,2005,CHEMBL828008
CHEMBL197243,COc1cccc(CN2CCCCCCC2)c1OCc1csc(-c2ccccc2)n1,6.75,CHEMBL1140272,2005,CHEMBL827704
CHEMBL197304,COc1cccc(CN2CCCCCCC2)c1OCc1csc(-c2ccc(Cl)cc2)n1,7.40,CHEMBL1140272,2005,CHEMBL827704
CHEMBL195180,Clc1ccc(-c2nc(COc3ccccc3CN3CCCCCCC3)cs2)cc1,7.52,CHEMBL1140272,2005,CHEMBL827704
CHEMBL296419,COc1ccc(CCN2CCC(Nc3nc4ccccc4n3Cc3ccc(F)cc3)CC2)cc1,8.00,CHEMBL1139598,2005,CHEMBL829152
CHEMBL473,CN(CCOc1ccc(NS(C)(=O)=O)cc1)CCc1ccc(NS(C)(=O)=O)cc1,8.00,CHEMBL1139598,2005,CHEMBL829152
CHEMBL12713,O=C1NCCN1CCN1CCC(c2cn(-c3ccc(F)cc3)c3ccc(Cl)cc23)CC1,8.00,CHEMBL1139598,2005,CHEMBL829152
CHEMBL533,CCCCCCCN(CC)CCCC(O)c1ccc(NS(C)(=O)=O)cc1,8.00,CHEMBL1139598,2005,CHEMBL829152
CHEMBL92870,Cc1cccc(C)c1NC(=O)CN1CCN(CCCC(c2ccc(F)cc2)c2ccc(F)cc2)CC1,7.80,CHEMBL1139598,2005,CHEMBL829152
CHEMBL1382,Cc1ccc(O)c([C@H](CCN(C(C)C)C(C)C)c2ccccc2)c1,7.77,CHEMBL1139598,2005,CHEMBL829152
CHEMBL327980,Cc1cccc(CCN2CCC(C(=O)c3ccc(NS(C)(=O)=O)cc3)CC2)n1,7.70,CHEMBL1139598,2005,CHEMBL829152
CHEMBL54,O=C(CCCN1CCC(O)(c2ccc(Cl)cc2)CC1)c1ccc(F)cc1,7.52,CHEMBL1139598,2005,CHEMBL829152
CHEMBL1108,O=C(CCCN1CC=C(n2c(=O)[nH]c3ccccc32)CC1)c1ccc(F)cc1,7.49,CHEMBL1139598,2005,CHEMBL829152
CHEMBL1729,COc1cc(N)c(Cl)cc1C(=O)NC1CCN(CCCOc2ccc(F)cc2)CC1OC,7.40,CHEMBL1139598,2005,CHEMBL829152
CHEMBL1423,O=c1[nH]c2ccccc2n1C1CCN(CCCC(c2ccc(F)cc2)c2ccc(F)cc2)CC1,7.30,CHEMBL1139598,2005,CHEMBL829152
CHEMBL708,O=C1Cc2cc(CCN3CCN(c4nsc5ccccc45)CC3)c(Cl)cc2N1,6.92,CHEMBL1139598,2005,CHEMBL829152
CHEMBL6966,COc1ccc(CCN(C)CCCC(C#N)(c2ccc(OC)c(OC)c2)C(C)C)cc1OC,6.85,CHEMBL1139598,2005,CHEMBL829152
CHEMBL364512,Cc1nc2n(c(=O)c1CCN1CCC(C3NOc4cc(F)ccc43)CC1)CCCC2,6.82,CHEMBL1139598,2005,CHEMBL829152
CHEMBL364912,COc1cccc(C(=O)N2CCCC2)c1OCc1csc(-c2ccc(Cl)cc2)n1,5.11,CHEMBL1140272,2005,CHEMBL827704
CHEMBL195235,O=C(c1ccccc1OCc1csc(-c2ccc(Cl)cc2)n1)N1CCCC1,5.01,CHEMBL1140272,2005,CHEMBL828432
CHEMBL219916,O=c1[nH]c2ccccc2n1CCCN1CCC(n2c(=O)[nH]c3cc(Cl)ccc32)CC1,6.79,CHEMBL1139598,2005,CHEMBL829152
CHEMBL998,CCOC(=O)N1CCC(=C2c3ccc(Cl)cc3CCc3cccnc32)CC1,6.77,CHEMBL1139598,2005,CHEMBL829152
CHEMBL715,Cc1cc2c(s1)Nc1ccccc1N=C2N1CCN(C)CC1,6.74,CHEMBL1139598,2005,CHEMBL829152
CHEMBL479,CSc1ccc2c(c1)N(CCC1CCCCN1C)c1ccccc1S2,6.72,CHEMBL1139598,2005,CHEMBL829152
CHEMBL17157,CC(C)(C)c1ccc(C(O)CCCN2CCC(C(O)(c3ccccc3)c3ccccc3)CC2)cc1,6.70,CHEMBL1139598,2005,CHEMBL829152
CHEMBL1107,CCCCN(CCCC)CCC(O)c1cc2c(Cl)cc(Cl)cc2c2cc(C(F)(F)F)ccc12,6.70,CHEMBL1139598,2005,CHEMBL829152
CHEMBL96153,COc1ccc(C2CCN(CC[C@H]3CCOc4ccccc43)CC2)cc1OC,6.60,CHEMBL1139598,2005,CHEMBL829152
CHEMBL1294,C=C[C@H]1CN2CC[C@H]1C[C@@H]2[C@@H](O)c1ccnc2ccc(OC)cc12,6.49,CHEMBL1139598,2005,CHEMBL829152
CHEMBL607,CCOC(=O)C1(c2ccccc2)CCN(C)CC1,6.49,CHEMBL1139598,2005,CHEMBL829152
CHEMBL42,CN1CCN(C2=Nc3cc(Cl)ccc3Nc3ccccc32)CC1,6.49,CHEMBL1139598,2005,CHEMBL829152
CHEMBL94454,CN(c1nccc(=O)[nH]1)C1CCN(c2nc3ccccc3n2Cc2ccc(F)cc2)CC1,6.36,CHEMBL1139598,2005,CHEMBL829152
CHEMBL1088,CN1CCCCC1CCN1c2ccccc2Sc2ccc([S+](C)[O-])cc21,6.26,CHEMBL1139598,2005,CHEMBL829152
CHEMBL1008,CC(C)COCC(CN(Cc1ccccc1)c1ccccc1)N1CCCC1,6.26,CHEMBL1139598,2005,CHEMBL829152
CHEMBL46,Cc1nccn1CC1CCc2c(c3ccccc3n2C)C1=O,6.09,CHEMBL1139598,2005,CHEMBL829152
CHEMBL72,CNCCCN1c2ccccc2CCc2ccccc21,5.86,CHEMBL1139598,2005,CHEMBL829152
CHEMBL123558,CN1CCN(CCCCN2C(=O)CN(/N=C/c3ccc(-c4ccc(Cl)cc4)o3)C2=O)CC1,5.85,CHEMBL1139598,2005,CHEMBL829152
CHEMBL45816,COCC(=O)O[C@]1(CCN(C)CCCc2nc3ccccc3[nH]2)CCc2cc(F)ccc2[C@@H]1C(C)C,5.84,CHEMBL1139598,2005,CHEMBL829152
CHEMBL71,CN(C)CCCN1c2ccccc2Sc2ccc(Cl)cc21,5.83,CHEMBL1139598,2005,CHEMBL829152
CHEMBL41,CNCCC(Oc1ccc(C(F)(F)F)cc1)c1ccccc1,5.82,CHEMBL1139598,2005,CHEMBL829152
CHEMBL2,COc1cc2nc(N3CCN(C(=O)c4ccco4)CC3)nc(N)c2cc1OC,5.80,CHEMBL1139598,2005,CHEMBL829152
CHEMBL596,CCC(=O)N(c1ccccc1)C1CCN(CCc2ccccc2)CC1,5.74,CHEMBL1139598,2005,CHEMBL829152
CHEMBL157101,CC(=O)N1CCN(c2ccc(OCC3COC(Cn4ccnc4)(c4ccc(Cl)cc4Cl)O3)cc2)CC1,5.72,CHEMBL1139598,2005,CHEMBL829152
CHEMBL1514,CC[C@H](OC(C)=O)C(C[C@H](C)N(C)C)(c1ccccc1)c1ccccc1,5.66,CHEMBL1139598,2005,CHEMBL829152
CHEMBL305660,CC(C)(C)c1ccc(C(=O)CCCN2CCC(OC(c3ccccc3)c3ccccc3)CC2)cc1,5.52,CHEMBL1139598,2005,CHEMBL829152
CHEMBL1110,Cc1[nH]cnc1CN1CCc2c(c3ccccc3n2C)C1=O,5.49,CHEMBL1139598,2005,CHEMBL829152
CHEMBL192,CCCc1nn(C)c2c(=O)[nH]c(-c3cc(S(=O)(=O)N4CCN(C)CC4)ccc3OCC)nc12,5.48,CHEMBL1139598,2005,CHEMBL829152
CHEMBL11,CN(C)CCCN1c2ccccc2CCc2ccccc21,5.47,CHEMBL1139598,2005,CHEMBL829152
CHEMBL289469,CN1C2CCCC1CC(NC(=O)c1nn(C)c3ccccc13)C2,5.43,CHEMBL1139598,2005,CHEMBL829152
CHEMBL652,O=C(NCC1CCCCN1)c1cc(OCC(F)(F)F)ccc1OCC(F)(F)F,5.41,CHEMBL1139598,2005,CHEMBL829152
CHEMBL549,CN(C)CCCC1(c2ccc(F)cc2)OCc2cc(C#N)ccc21,5.40,CHEMBL1139598,2005,CHEMBL829152
CHEMBL416956,OC(c1cc(C(F)(F)F)nc2c(C(F)(F)F)cccc12)C1CCCCN1,5.25,CHEMBL1139598,2005,CHEMBL829152
CHEMBL370805,COC(=O)[C@H]1[C@@H](OC(=O)c2ccccc2)C[C@@H]2CC[C@H]1N2C,5.14,CHEMBL1139598,2005,CHEMBL829152
CHEMBL511142,CO[C@@]12CC[C@@]3(C[C@@H]1[C@](C)(O)C(C)(C)C)[C@H]1Cc4ccc(O)c5c4[C@@]3(CCN1CC1CC1)[C@H]2O5,5.12,CHEMBL1139598,2005,CHEMBL829152
CHEMBL651,CCC(=O)C(CC(C)N(C)C)(c1ccccc1)c1ccccc1,5.01,CHEMBL1139598,2005,CHEMBL829152
CHEMBL475534,CCOC(=O)C1=C(C)NC(C)=C(C(=O)OC)C1c1cccc([N+](=O)[O-])c1,5.00,CHEMBL1139598,2005,CHEMBL829152
CHEMBL633,CCCCc1oc2ccccc2c1C(=O)c1cc(I)c(OCCN(CC)CC)c(I)c1,5.00,CHEMBL1139598,2005,CHEMBL829152
CHEMBL629,CN(C)CCC=C1c2ccccc2CCc2ccccc21,5.00,CHEMBL1139598,2005,CHEMBL829152
CHEMBL723,COc1ccccc1OCCNCC(O)COc1cccc2[nH]c3ccccc3c12,4.98,CHEMBL1139598,2005,CHEMBL829152
CHEMBL2368925,O=C(O[C@@H]1C[C@@H]2C[C@H]3C[C@H](C1)N2CC3=O)c1c[nH]c2ccccc12,4.92,CHEMBL1139598,2005,CHEMBL829152
CHEMBL23,COc1ccc([C@@H]2Sc3ccccc3N(CCN(C)C)C(=O)[C@@H]2OC(C)=O)cc1,4.76,CHEMBL1139598,2005,CHEMBL829152
CHEMBL850,C[C@@H]1CN(c2c(F)c(N)c3c(=O)c(C(=O)O)cn(C4CC4)c3c2F)C[C@H](C)N1,4.74,CHEMBL1139598,2005,CHEMBL829152
CHEMBL505,CN(C)CCC(c1ccc(Cl)cc1)c1ccccn1,4.68,CHEMBL1139598,2005,CHEMBL829152
CHEMBL657,CN(C)CCOC(c1ccccc1)c1ccccc1,4.57,CHEMBL1139598,2005,CHEMBL829152
CHEMBL1000,O=C(O)COCCN1CCN(C(c2ccccc2)c2ccc(Cl)cc2)CC1,4.52,CHEMBL1139598,2005,CHEMBL829152
CHEMBL583,Cc1c(F)c(N2CCNC(C)C2)cc2c1c(=O)c(C(=O)O)cn2C1CC1,4.30,CHEMBL1139598,2005,CHEMBL829152
CHEMBL193,COC(=O)C1=C(C)NC(C)=C(C(=O)OC)C1c1ccccc1[N+](=O)[O-],4.30,CHEMBL1139598,2005,CHEMBL829152
CHEMBL196431,C/C=C1/N(C)C(C)CC1(c1ccccc1)c1ccccc1,4.30,CHEMBL1139598,2005,CHEMBL829152
CHEMBL1741,CC[C@H]1OC(=O)[C@H](C)[C@@H](O[C@H]2C[C@@](C)(OC)[C@@H](O)[C@H](C)O2)[C@H](C)[C@@H](O[C@@H]2O[C@H](C)C[C@H](N(C)C)[C@H]2O)[C@](C)(OC)C[C@@H](C)C(=O)[C@H](C)[C@@H](O)[C@]1(C)O,4.23,CHEMBL1139598,2005,CHEMBL829152
CHEMBL517,CC(C)N(CCC(C(N)=O)(c1ccccc1)c1ccccn1)C(C)C,4.04,CHEMBL1139598,2005,CHEMBL829152
CHEMBL1106,NC1=NCC2c3ccccc3Cc3ccccc3N12,4.04,CHEMBL1139598,2005,CHEMBL829152
CHEMBL194564,O=c1cc(NC2CCN(Cc3ccc4c(c3)OCO4)CC2)c2cc(Cl)ccc2o1,5.65,CHEMBL1141081,2005,CHEMBL882589
CHEMBL198387,CC(C)(C)C1CCC2(CC1)CCN(c1ccc(OC(F)(F)F)cc1)C(=O)N2Cc1ccc(C(=O)Nc2nn[nH]n2)cc1,5.27,CHEMBL1142854,2005,CHEMBL882919
CHEMBL381145,C[C@@H](c1ccc(-c2ccc(O)nc2)cc1)[C@H](N)C(=O)N1CC[C@H](F)C1.O=C(O)C(F)(F)F,5.08,CHEMBL1138985,2006,CHEMBL866509
CHEMBL191054,Cc1c(Cl)ccc2c1N1[C@H](CNC[C@H]1C)C2,5.60,CHEMBL1139653,2006,CHEMBL865567
CHEMBL206845,Cc1ccc2c(n1)N1[C@@H](CNC[C@H]1C)C2,4.68,CHEMBL1139653,2006,CHEMBL865567
CHEMBL203230,C[C@@H]1CNC[C@H]2Cc3ccc(Cl)nc3N21,4.40,CHEMBL1139653,2006,CHEMBL865567
CHEMBL377300,Cc1cc2c(F)c(Oc3ncnn4cc(OC[C@@H](C)O)c(C)c34)ccc2[nH]1,4.75,CHEMBL1146078,2006,CHEMBL859790
CHEMBL205710,COC[C@@H](O)COc1cn2ncnc(Oc3ccc4[nH]c(C)cc4c3F)c2c1C,4.75,CHEMBL1146078,2006,CHEMBL859790
CHEMBL383077,Cc1cc2c(F)c(Oc3ncnn4cc(OCCCS(C)(=O)=O)c(C)c34)ccc2[nH]1,4.70,CHEMBL1146078,2006,CHEMBL859790
CHEMBL204459,N[C@H](C(=O)N1CC(c2cc(F)ccc2F)=C[C@H]1c1ccccc1)C1CC1,5.19,CHEMBL1146123,2006,CHEMBL868945
CHEMBL205437,CN(C(=O)N1CC(c2cc(F)ccc2F)=C[C@H]1c1ccccc1)C1CCNCC1,5.89,CHEMBL1146123,2006,CHEMBL868944
CHEMBL382165,O=C([C@@H](O)C1CC1)N1CC(c2cc(F)ccc2F)=C[C@H]1c1ccccc1,4.96,CHEMBL1146123,2006,CHEMBL868944
CHEMBL202788,CC(C)(C)[C@H](NC(=O)OCCO)C(=O)N1CC(c2cc(F)ccc2F)=C[C@H]1c1ccccc1,4.60,CHEMBL1146123,2006,CHEMBL868944
CHEMBL204408,CC(C)(C)[C@H](N)C(=O)N1CC(c2cc(F)ccc2F)=C[C@H]1c1ccccc1,5.82,CHEMBL1146123,2006,CHEMBL868944
CHEMBL204459,N[C@H](C(=O)N1CC(c2cc(F)ccc2F)=C[C@H]1c1ccccc1)C1CC1,5.46,CHEMBL1146123,2006,CHEMBL868944
CHEMBL379690,CC(C)[C@H](N)C(=O)N1CC(c2cc(F)ccc2F)=C[C@H]1c1ccccc1,5.62,CHEMBL1146123,2006,CHEMBL868944
CHEMBL203045,CC(C)(CN)C(=O)N1CC(c2cc(F)ccc2F)=C[C@H]1c1ccccc1,5.66,CHEMBL1146123,2006,CHEMBL868944
CHEMBL382587,CN(CCCN)C(=O)N1CC(c2cc(F)ccc2F)=C[C@H]1c1ccccc1,5.89,CHEMBL1146123,2006,CHEMBL868944
CHEMBL378547,CC(C)(C)C(=O)N1CC(c2cc(F)ccc2F)=C[C@H]1c1cccc(O)c1,5.11,CHEMBL1146124,2006,CHEMBL869626
CHEMBL206249,CN(C(=O)N1CC(c2cc(F)ccc2F)=CC1c1cccc(O)c1)C1CCNCC1,5.18,CHEMBL1146124,2006,CHEMBL869626
CHEMBL206798,CN(CCO)C(=O)N1CC(c2cc(F)ccc2F)=C[C@H]1c1cccc(O)c1,4.82,CHEMBL1146124,2006,CHEMBL869626
CHEMBL381533,CN(C)C(=O)N1CC(c2cc(F)ccc2F)=C[C@H]1c1cccc(O)c1,4.48,CHEMBL1146124,2006,CHEMBL869626
CHEMBL262736,CC(C)(C)[C@H](O)C(=O)N1CC(c2cc(F)ccc2F)=C[C@H]1c1cccc(O)c1,5.11,CHEMBL1146124,2006,CHEMBL869626
CHEMBL377596,O=C([C@@H](O)C1CC1)N1CC(c2cc(F)ccc2F)=C[C@H]1c1cccc(O)c1,4.75,CHEMBL1146124,2006,CHEMBL869626
CHEMBL206115,N[C@H](C(=O)N1CC(c2cc(F)ccc2F)=C[C@H]1c1cccc(O)c1)C1CC1,5.25,CHEMBL1146124,2006,CHEMBL869626
CHEMBL381526,CC(C)[C@H](N)C(=O)N1CC(c2cc(F)ccc2F)=C[C@H]1c1cccc(O)c1,5.07,CHEMBL1146124,2006,CHEMBL869626
CHEMBL296419,COc1ccc(CCN2CCC(Nc3nc4ccccc4n3Cc3ccc(F)cc3)CC2)cc1,9.05,CHEMBL1147799,2006,CHEMBL853270
CHEMBL210537,CC(=O)Nc1cccc(N2CCN(CCCCNS(=O)(=O)c3ccc(C)cc3)CC2)c1,6.52,CHEMBL1147799,2006,CHEMBL853270
CHEMBL207478,CC(=O)Nc1cccc(N2CCN(CCCCN(C)S(=O)(=O)CC(C)C)CC2)c1,5.66,CHEMBL1147799,2006,CHEMBL853270
CHEMBL207220,CC(=O)Nc1cccc(N2CCN(CCCCN(C)S(=O)(=O)CC3CCCCC3)CC2)c1,5.40,CHEMBL1147799,2006,CHEMBL853270
CHEMBL379984,CC(=O)Nc1cccc(N2CCN(CCCCNS(=O)(=O)CC(C)C)CC2)c1,5.52,CHEMBL1147799,2006,CHEMBL853270
CHEMBL377697,O=C(Nc1cccc(N2CCN(CCCCNS(=O)(=O)CC3CCCCC3)CC2)c1)C1CC1,5.82,CHEMBL1147799,2006,CHEMBL853270
CHEMBL209821,CC(=O)Nc1cccc(N2CCN(CCCCNS(=O)(=O)CC3CCCCC3)CC2)c1,5.42,CHEMBL1147799,2006,CHEMBL853270
CHEMBL211012,CC(=O)Nc1cccc(N2CCN(CC3CCN(S(=O)(=O)CC4CCCCC4)CC3)CC2)c1,5.70,CHEMBL1147799,2006,CHEMBL853270
CHEMBL210829,CN(C)C(=O)[C@@H](c1ccc(-c2ccn3ncnc3c2)cc1)[C@H](N)C(=O)N1CCC(F)(F)C1.O=C(O)C(F)(F)F,4.80,CHEMBL1148642,2006,CHEMBL868204
CHEMBL195232,CC(=O)N1N=C(c2cc(F)ccc2F)C[C@H]1c1cccc(O)c1,4.58,CHEMBL1147831,2006,CHEMBL870149
CHEMBL377566,CN(C)C(=O)N1N=C(c2cc(F)ccc2F)C[C@@]1(CCCN)c1ccccc1,4.71,CHEMBL1147831,2006,CHEMBL870149
CHEMBL212689,CCN(C(=O)Cc1ccc(S(C)(=O)=O)cc1)C1CCN(CC[C@H](c2ccc(S(C)(=O)=O)cc2)c2cc(F)cc(F)c2)CC1,5.14,CHEMBL1138893,2006,CHEMBL870536
CHEMBL377734,O=C(NC1CC1)c1cc(NCc2cnc(Nc3ccccn3)s2)c(F)cc1F,4.78,CHEMBL1138058,2006,CHEMBL867451
CHEMBL377241,CN[C@@H]1CCN(c2ccc(-n3ncc4cc(-c5ccc(C(F)(F)F)cc5)sc4c3=O)cn2)C1,5.75,CHEMBL1138061,2006,CHEMBL864914
CHEMBL377114,O=C1NCC(c2ccc(F)cc2)C12CCN(C1(c3ccc(F)cc3)CCCCC1)CC2,5.89,CHEMBL1145308,2006,CHEMBL864852
CHEMBL534723,CCOc1ccccc1C[C@H](c1ccccc1)N1CCNCC1.Cl,4.80,CHEMBL1145304,2006,CHEMBL864238
CHEMBL214122,O=C1NCC(c2ccccc2)C12CCN(C1CCCCC1(O)c1ccc(F)cc1)CC2,5.75,CHEMBL1138974,2006,CHEMBL854582
CHEMBL2096837,O=C1NC[C@@H](c2ccccc2)C12CCN(C1CCCCC1c1ccccc1)CC2,5.85,CHEMBL1138974,2006,CHEMBL854582
CHEMBL205285,CN1CCN(CCCN(C(=O)Nc2ccc(F)c(C(F)(F)F)c2)[C@@H]2CC[C@]3(c4ccc(C#N)cc4)C[C@H]23)CC1,7.28,CHEMBL1146860,2006,CHEMBL869841
CHEMBL209964,CN1CCN(CCCN(C(=O)Nc2ccc(F)c(C(F)(F)F)c2)[C@@H]2CC[C@]3(c4ccc5c(N)noc5c4)C[C@H]23)CC1,6.16,CHEMBL1146860,2006,CHEMBL869841
CHEMBL382851,CN(C(=O)c1ccc(-c2ccc(C(F)(F)F)cc2)cc1)[C@H]1CCN(C(=O)N2CC[C@@H](NCCC(C)(C)c3ccc(Cl)cc3)C2)C1,5.58,CHEMBL1149519,2006,CHEMBL869869
CHEMBL375330,CN(C(=O)c1ccc(-c2ccc(C(F)(F)F)cc2)cc1)[C@H]1CCN(C(=O)N(C)[C@@H]2CCN(CCCc3ccc(Cl)cc3)C2)C1,6.77,CHEMBL1149519,2006,CHEMBL869869
CHEMBL206081,COc1ccc2c(=O)cc(C(=O)NC3CCN(Cc4ccc5c(c4)OCO5)CC3)oc2c1,7.94,CHEMBL1137327,2006,CHEMBL909940
CHEMBL387417,N#Cc1ccc2c(=O)cc(C(=O)NC3CCN(Cc4ccc5c(c4)OCO5)CC3)oc2c1,8.30,CHEMBL1137327,2006,CHEMBL909940
CHEMBL214021,O=C(NC1CCN(Cc2ccc3c(c2)OCO3)CC1)c1cc(=O)c2ccc(F)cc2o1,7.82,CHEMBL1137327,2006,CHEMBL909940
CHEMBL217789,O=C(NC1CCN(Cc2ccc3c(c2)OCO3)CC1)c1cc(=O)c2ccc(Cl)cc2o1,8.44,CHEMBL1137327,2006,CHEMBL909940
CHEMBL217706,O=C(NC1CCN(Cc2ccc3c(c2)OCO3)CC1)c1cc(=O)c2ccc(Br)cc2o1,8.60,CHEMBL1137327,2006,CHEMBL909940
CHEMBL214377,CCc1ccc2c(=O)cc(C(=O)NC3CCN(Cc4ccc5c(c4)OCO5)CC3)oc2c1,8.13,CHEMBL1137327,2006,CHEMBL909940
CHEMBL213715,O=C(NC1CCN(Cc2ccc3c(c2)OCO3)CC1)c1cc(=O)c2ccc(OC(F)F)cc2o1,8.44,CHEMBL1137327,2006,CHEMBL909940
CHEMBL215631,O=C(NC1CCN(Cc2ccc3c(c2)OCO3)CC1)c1cc(=O)c2ccc(O)cc2o1,7.20,CHEMBL1137327,2006,CHEMBL909940
CHEMBL214731,O=C(NC1CCN(Cc2ccc3c(c2)OCO3)CC1)c1cc(=O)c2cc(F)ccc2o1,8.40,CHEMBL1137327,2006,CHEMBL909940
CHEMBL387178,O=C(NC1CCN(Cc2ccc3c(c2)OCO3)CC1)c1cc(=O)c2cc(F)c(F)cc2o1,8.21,CHEMBL1137327,2006,CHEMBL909940
CHEMBL217442,COc1cc2oc(C(=O)NC3CCN(Cc4ccc5c(c4)OCO5)CC3)cc(=O)c2cc1F,7.80,CHEMBL1137327,2006,CHEMBL909940
CHEMBL387418,O=C(NC1CCN(Cc2ccc3c(c2)OCO3)CC1)c1cc(=O)c2cc(F)c(Cl)cc2o1,7.98,CHEMBL1137327,2006,CHEMBL909940
CHEMBL214767,O=C(NC1CCN(Cc2ccc3c(c2)OCO3)CC1)c1cc(=O)c2ccccc2o1,8.17,CHEMBL1137327,2006,CHEMBL909940
CHEMBL204828,O=C(NC1CCN(Cc2ccc3c(c2)OCO3)CC1)c1cc(=O)c2cc(Cl)c(Cl)cc2o1,8.85,CHEMBL1137327,2006,CHEMBL909940
CHEMBL213761,O=C(NC1CCN(Cc2ccccc2)CC1)c1cc(=O)c2ccc(F)cc2o1,7.70,CHEMBL1137327,2006,CHEMBL909940
CHEMBL217707,O=C(NC1CCN(Cc2ccc3c(c2)OC(F)(F)O3)CC1)c1cc(=O)c2ccc(F)cc2o1,8.25,CHEMBL1137327,2006,CHEMBL909940
CHEMBL216680,CC(=O)Nc1ccc(CN2CCC(NC(=O)c3cc(=O)c4ccc(F)cc4o3)CC2)cc1,7.32,CHEMBL1137327,2006,CHEMBL909940
CHEMBL384487,CC(=O)c1ccc(CN2CCC(NC(=O)c3cc(=O)c4ccc(F)cc4o3)CC2)cc1,7.69,CHEMBL1137327,2006,CHEMBL909940
CHEMBL214768,COc1ccc(CN2CCC(NC(=O)c3cc(=O)c4ccc(F)cc4o3)CC2)cc1F,8.07,CHEMBL1137327,2006,CHEMBL909940
CHEMBL387309,COc1ccc(CN2CCC(NC(=O)c3cc(=O)c4ccc(F)cc4o3)CC2)c(F)c1,7.83,CHEMBL1137327,2006,CHEMBL909940
CHEMBL216225,O=C(NC1CCN(Cc2cccc(F)c2)CC1)c1cc(=O)c2ccc(F)cc2o1,7.67,CHEMBL1137327,2006,CHEMBL909940
CHEMBL217593,COc1ccc(CN2CCC(NC(=O)c3cc(=O)c4ccc(F)cc4o3)CC2)cc1,8.27,CHEMBL1137327,2006,CHEMBL909940
CHEMBL217400,COc1cccc(CN2CCC(NC(=O)c3cc(=O)c4ccc(F)cc4o3)CC2)c1,7.98,CHEMBL1137327,2006,CHEMBL909940
CHEMBL425448,O=C(NC1CCN(Cc2ccc3c(c2)OCCO3)CC1)c1cc(=O)c2ccc(F)cc2o1,7.91,CHEMBL1137327,2006,CHEMBL909940
CHEMBL217105,O=C(NC1CCN(Cc2cc3c(cc2Cl)OCO3)CC1)c1cc(=O)c2ccc(F)cc2o1,7.87,CHEMBL1137327,2006,CHEMBL909940
CHEMBL214021,O=C(NC1CCN(Cc2ccc3c(c2)OCO3)CC1)c1cc(=O)c2ccc(F)cc2o1,5.80,CHEMBL1137327,2006,CHEMBL908898
CHEMBL214808,CN1CCN(Cc2ccc3cc(-n4cnc5cc(-c6ccc(Cl)cc6)sc5c4=O)ccc3n2)CC1,4.66,CHEMBL1137354,2006,CHEMBL908401
CHEMBL215023,COc1ccc2c(=O)n(CC(O)CO)c(C#N)c(-c3cccc(F)c3)c2c1,4.47,CHEMBL1137352,2006,CHEMBL908975
CHEMBL216168,COc1ccc2c(=O)n(CC(O)CO)c(C#N)c(-c3cccc(C(F)(F)F)c3)c2c1,4.80,CHEMBL1137352,2006,CHEMBL908975
CHEMBL217571,COc1ccc2c(=O)n(C[C@@H](O)CO)c(C#N)c(-c3ccccc3)c2c1,4.12,CHEMBL1137352,2006,CHEMBL908975
CHEMBL214553,COc1ccc2c(=O)n(CC(CO)NCc3cccnc3)c(C#N)c(-c3ccccc3)c2c1,5.00,CHEMBL1137352,2006,CHEMBL908975
CHEMBL215050,COCCN(C)CCn1c(C#N)c(-c2cccc(F)c2)c2cc(OC)ccc2c1=O,5.78,CHEMBL1137352,2006,CHEMBL908975
CHEMBL214969,COc1ccc2c(=O)n(CCO)c(C#N)c(-c3cccc(F)c3)c2c1,4.21,CHEMBL1137352,2006,CHEMBL908975
CHEMBL215818,COc1ccc2c(-n3cnc(C)c3)nc(C#N)c(-c3cccc(F)c3)c2c1,4.68,CHEMBL1137352,2006,CHEMBL908975
CHEMBL214876,COc1ccc2c(NC[C@H](O)CO)nc(C#N)c(-c3ccccc3)c2c1,4.82,CHEMBL1137352,2006,CHEMBL908975
CHEMBL383997,COc1ccc2c(OC[C@H](O)CO)nc(C#N)c(-c3ccccc3)c2c1,4.69,CHEMBL1137352,2006,CHEMBL908975
CHEMBL214742,COc1ccc2c(=O)n(C)c(CN(C)C)c(-c3ccccc3)c2c1,5.28,CHEMBL1137352,2006,CHEMBL908975
CHEMBL216228,Cc1nc(N2CCCC2)nc2ccc(NC(=O)COc3ccc(Cl)cc3)cc12,5.00,CHEMBL1137582,2007,CHEMBL854889
CHEMBL216554,O=C(NC1CCN(Cc2ccc3occc3c2)CC1)c1cc(=O)c2ccc(F)cc2o1,5.28,CHEMBL1137588,2007,CHEMBL854890
CHEMBL216104,O=C(NC1CCN(Cc2ccc3sccc3c2)CC1)c1cc(=O)c2ccc(F)cc2o1,5.86,CHEMBL1137588,2007,CHEMBL854890
CHEMBL216180,O=C(NC1CCN(Cc2ccc3[nH]ccc3c2)CC1)c1cc(=O)c2ccc(F)cc2o1,5.22,CHEMBL1137588,2007,CHEMBL854890
CHEMBL274168,O=C(NC1CCN(Cc2ccc3cc[nH]c3c2)CC1)c1cc(=O)c2ccc(F)cc2o1,5.60,CHEMBL1137588,2007,CHEMBL854890
CHEMBL216524,O=C(NC1CCN(Cc2ccc3ncoc3c2)CC1)c1cc(=O)c2ccc(F)cc2o1,4.46,CHEMBL1137588,2007,CHEMBL854890
CHEMBL215457,CCc1nc2ccc(CN3CCC(NC(=O)c4cc(=O)c5ccc(F)cc5o4)CC3)cc2o1,4.57,CHEMBL1137588,2007,CHEMBL854890
CHEMBL384043,CCc1nc2cc(CN3CCC(NC(=O)c4cc(=O)c5ccc(F)cc5o4)CC3)ccc2o1,4.70,CHEMBL1137588,2007,CHEMBL854890
CHEMBL217435,O=C(NC1CCN(Cc2ccc3oc(=O)[nH]c3c2)CC1)c1cc(=O)c2ccc(F)cc2o1,4.60,CHEMBL1137588,2007,CHEMBL854890
CHEMBL216323,O=C(NC1CCN(Cc2ccc3oc(=O)oc3c2)CC1)c1cc(=O)c2ccc(F)cc2o1,4.07,CHEMBL1137588,2007,CHEMBL854890
CHEMBL217233,O=C1COc2ccc(CN3CCC(NC(=O)c4cc(=O)c5ccc(F)cc5o4)CC3)cc2N1,5.24,CHEMBL1137588,2007,CHEMBL854890
CHEMBL216482,O=C(NC1CCN(Cc2ccc3ccc(=O)[nH]c3c2)CC1)c1cc(=O)c2ccc(F)cc2o1,4.07,CHEMBL1137588,2007,CHEMBL854890
CHEMBL266725,Cn1c(=O)ccc2ccc(CN3CCC(NC(=O)c4cc(=O)c5ccc(F)cc5o4)CC3)cc21,4.32,CHEMBL1137588,2007,CHEMBL854890
CHEMBL386281,O=C(NC1CCN(Cc2ccc3ccc(=O)oc3c2)CC1)c1cc(=O)c2ccc(F)cc2o1,4.29,CHEMBL1137588,2007,CHEMBL854890
CHEMBL216680,CC(=O)Nc1ccc(CN2CCC(NC(=O)c3cc(=O)c4ccc(F)cc4o3)CC2)cc1,4.32,CHEMBL1137588,2007,CHEMBL854890
CHEMBL269352,CC(=O)Nc1cccc(CN2CCC(NC(=O)c3cc(=O)c4ccc(F)cc4o3)CC2)c1,4.22,CHEMBL1137588,2007,CHEMBL854890
CHEMBL214731,O=C(NC1CCN(Cc2ccc3c(c2)OCO3)CC1)c1cc(=O)c2cc(F)ccc2o1,4.82,CHEMBL1137584,2007,CHEMBL854891
CHEMBL214585,O=C(NC1CCN(C2CCc3cc4c(cc32)OCO4)CC1)c1cc(=O)c2cc(F)ccc2o1,4.95,CHEMBL1137584,2007,CHEMBL854891
CHEMBL425257,O=C(NC1CCN(C2CCc3c2ccc2c3OCO2)CC1)c1cc(=O)c2cc(F)ccc2o1,5.23,CHEMBL1137584,2007,CHEMBL854891
CHEMBL214585,O=C(NC1CCN(C2CCc3cc4c(cc32)OCO4)CC1)c1cc(=O)c2cc(F)ccc2o1,5.03,CHEMBL1137584,2007,CHEMBL854891
CHEMBL214585,O=C(NC1CCN(C2CCc3cc4c(cc32)OCO4)CC1)c1cc(=O)c2cc(F)ccc2o1,5.10,CHEMBL1137584,2007,CHEMBL854891
CHEMBL384111,O=C(NC1CCN(C2CCc3cc4oc(=O)[nH]c4cc32)CC1)c1cc(=O)c2ccc(F)cc2o1,4.60,CHEMBL1137584,2007,CHEMBL854891
CHEMBL384919,O=C1COc2cc3c(cc2N1)C(N1CCC(NC(=O)c2cc(=O)c4ccc(F)cc4o2)CC1)CC3,4.84,CHEMBL1137584,2007,CHEMBL854891
CHEMBL215661,CC(=O)Nc1ccc2c(c1)C(N1CCC(NC(=O)c3cc(=O)c4ccc(F)cc4o3)CC1)CC2,4.46,CHEMBL1137584,2007,CHEMBL854891
CHEMBL215661,CC(=O)Nc1ccc2c(c1)C(N1CCC(NC(=O)c3cc(=O)c4ccc(F)cc4o3)CC1)CC2,4.57,CHEMBL1137584,2007,CHEMBL854891
CHEMBL215661,CC(=O)Nc1ccc2c(c1)C(N1CCC(NC(=O)c3cc(=O)c4ccc(F)cc4o3)CC1)CC2,4.81,CHEMBL1137584,2007,CHEMBL854891
CHEMBL216821,CN(C)Cc1ccc2c(c1)CC[C@H](N(C)C(=O)c1ccc(-c3ccc(F)cc3)cc1)C2,5.75,CHEMBL1137589,2007,CHEMBL854892
CHEMBL215278,CN(C)Cc1ccc2c(c1)CC[C@H](N(C)C(=O)c1ccc(-c3ccc(Cl)cc3)cn1)C2,5.58,CHEMBL1137589,2007,CHEMBL854892
CHEMBL217820,CN(C)Cc1ccc2c(c1)CC[C@H](N(C)C(=O)c1ccc(-c3ccc(Cl)cc3)nc1)C2,5.29,CHEMBL1137589,2007,CHEMBL854892
CHEMBL215660,CN(C)Cc1ccc2c(c1)CC[C@H](N(C)C(=O)c1ccc(-c3ccc(F)cc3)cn1)C2,5.28,CHEMBL1137589,2007,CHEMBL854892
CHEMBL216314,CN(C)Cc1ccc2c(c1)CC[C@H](N(C)C(=O)c1ccc(-c3ccc(F)cc3)nc1)C2,5.00,CHEMBL1137589,2007,CHEMBL854892
CHEMBL216741,CN(C)Cc1ccc2c(c1)CC[C@H](N(C)C(=O)c1ccc(-c3ccc(Cl)cn3)cc1)C2,4.85,CHEMBL1137589,2007,CHEMBL854892
CHEMBL216406,CN(C)Cc1ccc2c(c1)CC[C@H](N(C)C(=O)c1ccc(-c3ccccc3)cn1)C2,4.70,CHEMBL1137589,2007,CHEMBL854892
CHEMBL267320,CN(C)Cc1ccc2c(c1)CC[C@H](N(C)C(=O)c1ccc(-c3ccccn3)cc1)C2,4.52,CHEMBL1137589,2007,CHEMBL854892
CHEMBL214432,CN(CC(=O)N(C)C)Cc1ccc2c(c1)CC[C@H](N(C)C(=O)c1ccc(-c3ccc(F)cc3)cc1)C2,5.75,CHEMBL1137589,2007,CHEMBL854892
CHEMBL424895,CN(C)C(=O)[C@@H]1CCCN1Cc1ccc2c(c1)CC[C@H](N(C)C(=O)c1ccc(-c3ccc(F)cc3)cc1)C2,5.30,CHEMBL1137589,2007,CHEMBL854892
CHEMBL437728,CN(C(=O)c1ccc(-c2ccc(F)cc2)cc1)[C@H]1CCc2cc(CN3CCN(C(N)=O)CC3)ccc2C1,5.17,CHEMBL1137589,2007,CHEMBL854892
CHEMBL214629,CCN(CC)Cc1ccc2c(c1)CC[C@H](N1CCN(CCc3ccc(F)cc3)CC1=O)C2,5.09,CHEMBL1137586,2007,CHEMBL854894
CHEMBL384400,CCN(CC)Cc1ccc2c(c1)CC[C@H](N1CCN(CCc3ccc(Cl)cc3)CC1=O)C2,5.48,CHEMBL1137586,2007,CHEMBL854894
CHEMBL214323,CCN(CC)Cc1ccc2c(c1)CC[C@H](N1CCN(CCc3cccc(C(F)(F)F)c3)CC1=O)C2,5.77,CHEMBL1137586,2007,CHEMBL854894
CHEMBL384000,CCN(CC)Cc1ccc2c(c1)CC[C@H](N1CCN(CCC3CCCCC3)CC1=O)C2,5.48,CHEMBL1137586,2007,CHEMBL854894
CHEMBL215526,CCN(CC)Cc1ccc2c(c1)CC[C@H](N1CCN(CCC3CCCS3)CC1=O)C2,4.88,CHEMBL1137586,2007,CHEMBL854894
CHEMBL216486,O=C1CN(CCc2ccc(F)cc2)CCN1[C@H]1CCc2cc(CN3CCC(C(F)(F)F)CC3)ccc2C1,5.70,CHEMBL1137586,2007,CHEMBL854894
CHEMBL214983,O=C1CN(CCc2ccc(F)cc2)CCN1[C@H]1CCc2cc(Cn3ccnc3)ccc2C1,5.40,CHEMBL1137586,2007,CHEMBL854894
CHEMBL217875,O=C1CN(CCc2ccc(F)cc2)CCN1[C@H]1CCc2cc(CN3CCOCC3)ccc2C1,4.96,CHEMBL1137586,2007,CHEMBL854894
CHEMBL384030,CS(=O)(=O)N1CCN(Cc2ccc3c(c2)CC[C@H](N2CCN(CCc4ccc(F)cc4)CC2=O)C3)CC1,4.89,CHEMBL1137586,2007,CHEMBL854894
CHEMBL216959,O=C1CN(CCc2ccc(F)cc2)CCN1[C@H]1CCc2cc(CN3CCS(=O)(=O)CC3)ccc2C1,4.62,CHEMBL1137586,2007,CHEMBL854894
CHEMBL386717,CC(=O)N1CCN(Cc2ccc3c(c2)CC[C@H](N2CCN(CCc4ccc(F)cc4)CC2=O)C3)CC1,4.60,CHEMBL1137586,2007,CHEMBL854894
CHEMBL385710,CN(C)C(=O)C(CO)N(C)Cc1ccc2c(c1)CC[C@H](N1CCN(CCc3ccc(F)cc3)CC1=O)C2,4.60,CHEMBL1137586,2007,CHEMBL854894
CHEMBL217133,CCc1c(C)[nH]c2c1/C(=N/NC(=O)Nc1ccccc1)CCC2,4.68,CHEMBL1137272,2006,CHEMBL907676
CHEMBL438992,C[C@H](c1nc(-c2ccc(Cl)cc2Cl)no1)[C@H](N)C(=O)N1CCCC1.O=C(O)C(F)(F)F,4.43,CHEMBL1137276,2006,CHEMBL855968
CHEMBL375745,CS(=O)(=O)c1ccc(-c2noc([C@@H](CC3CC3)[C@H](N)C(=O)N3CC[C@H](F)C3)n2)c(F)c1.O=C(O)C(F)(F)F,4.23,CHEMBL1137276,2006,CHEMBL855968
CHEMBL914,CC(C)(C(=O)O)c1ccc(C(O)CCCN2CCC(C(O)(c3ccccc3)c3ccccc3)CC2)cc1,4.64,CHEMBL1139687,2006,CHEMBL907269
CHEMBL48029,c1ccc(COc2ccc(CCNc3ccncc3)cc2)cc1,6.89,CHEMBL1141373,2007,CHEMBL856827
CHEMBL181350,CCN(CC)c1ccc(NC(=O)C2(N(C)C(=O)OCC(C)C)CCc3cccc(OC)c3C2)cc1,5.21,CHEMBL1149290,2004,CHEMBL914485
CHEMBL223943,CC#Cc1cc(-c2n[nH]c3c2Cc2cc(CN4CCN(C)CC4)ccc2-3)cs1,5.85,CHEMBL1147155,2007,CHEMBL914755
CHEMBL225240,CN1CCN(Cc2ccc3c(c2)Cc2c(-c4csc(C#CCOc5ccc(CN6CCOCC6)cc5)c4)n[nH]c2-3)CC1,5.59,CHEMBL1147155,2007,CHEMBL914755
CHEMBL223997,CCCC#Cc1cc(-c2n[nH]c3c2Cc2cc(CN4CCN(C)CC4)ccc2-3)cs1,5.75,CHEMBL1147155,2007,CHEMBL914755
CHEMBL225036,COCC#Cc1cc(-c2n[nH]c3c2Cc2cc(CN4CCN(C)CC4)ccc2-3)cs1,5.29,CHEMBL1147155,2007,CHEMBL914755
CHEMBL225090,CN1CCN(Cc2ccc3c(c2)Cc2c(-c4csc(C#CCCOc5ccccc5)c4)n[nH]c2-3)CC1,6.35,CHEMBL1147155,2007,CHEMBL914755
CHEMBL225318,CN1CCN(Cc2ccc3c(c2)Cc2c(-c4csc(C#CCOc5ccccc5Cl)c4)n[nH]c2-3)CC1,6.10,CHEMBL1147155,2007,CHEMBL914755
CHEMBL225319,CN1CCN(Cc2ccc3c(c2)Cc2c(-c4csc(C#CCOc5cccc(Cl)c5)c4)n[nH]c2-3)CC1,5.59,CHEMBL1147155,2007,CHEMBL914755
CHEMBL387929,CN1CCN(Cc2ccc3c(c2)Cc2c(-c4csc(C#CCOc5ccc(Cl)cc5)c4)n[nH]c2-3)CC1,5.45,CHEMBL1147155,2007,CHEMBL914755
CHEMBL224497,Cc1ccc(OCC#Cc2cc(-c3n[nH]c4c3Cc3cc(CN5CCN(C)CC5)ccc3-4)cs2)cc1C,5.60,CHEMBL1147155,2007,CHEMBL914755
CHEMBL223219,CN1CCN(Cc2ccc3c(c2)Cc2c(-c4csc(C#CCOc5cccnc5)c4)n[nH]c2-3)CC1,5.47,CHEMBL1147155,2007,CHEMBL914755
CHEMBL223998,CN1CCN(Cc2ccc3c(c2)Cc2c(-c4csc(C#CCCc5ccccc5)c4)n[nH]c2-3)CC1,5.32,CHEMBL1147155,2007,CHEMBL914755
CHEMBL426009,CN1CCN(Cc2ccc3c(c2)Cc2c(-c4csc(C#CCNc5ccccc5)c4)n[nH]c2-3)CC1,5.76,CHEMBL1147155,2007,CHEMBL914755
CHEMBL225311,CN1CCN(Cc2ccc3c(c2)Cc2c(-c4csc(C#CCNC(=O)c5ccccc5)c4)n[nH]c2-3)CC1,5.13,CHEMBL1147155,2007,CHEMBL914755
CHEMBL376779,CN1CCN(Cc2ccc3c(c2)Cc2c(-c4csc(C#CCNS(=O)(=O)c5ccccc5)c4)n[nH]c2-3)CC1,5.31,CHEMBL1147155,2007,CHEMBL914755
CHEMBL224968,CN1CCN(Cc2ccc3c(c2)Cc2c(-c4csc(C#CCNC(=O)Oc5ccccc5)c4)n[nH]c2-3)CC1,5.56,CHEMBL1147155,2007,CHEMBL914755
CHEMBL225336,CN1CCN(Cc2ccc3c(c2)Cc2c(-c4csc(C#CCNC(=O)Nc5ccccc5)c4)n[nH]c2-3)CC1,5.10,CHEMBL1147155,2007,CHEMBL914755
CHEMBL224547,CN1CCN(c2ccc3c(c2)Cc2c(-c4csc(C#CCOc5ccccc5)c4)n[nH]c2-3)CC1,5.76,CHEMBL1147155,2007,CHEMBL914755
CHEMBL390353,CN1CCN(CCc2ccc3c(c2)Cc2c(-c4csc(C#CCOc5ccccc5)c4)n[nH]c2-3)CC1,5.23,CHEMBL1147155,2007,CHEMBL914755
CHEMBL387972,CC1CCN(Cc2ccc3c(c2)Cc2c(-c4csc(C#CCOc5ccccc5)c4)n[nH]c2-3)CC1,7.10,CHEMBL1147155,2007,CHEMBL914755
CHEMBL223999,CN1CCC(Cc2ccc3c(c2)Cc2c(-c4csc(C#CCOc5ccccc5)c4)n[nH]c2-3)CC1,5.68,CHEMBL1147155,2007,CHEMBL914755
CHEMBL225261,NC(=O)N1CCN(Cc2ccc3c(c2)Cc2c(-c4csc(C#CCOc5ccccc5)c4)n[nH]c2-3)CC1,5.27,CHEMBL1147155,2007,CHEMBL914755
CHEMBL390735,CN1CCN(C(=O)c2ccc3c(c2)Cc2c(-c4csc(C#CCOc5ccccc5)c4)n[nH]c2-3)CC1,5.76,CHEMBL1147155,2007,CHEMBL914755
CHEMBL224834,C(#Cc1cc(-c2n[nH]c3c2Cc2cc(Cn4ccnc4)ccc2-3)cs1)COc1ccccc1,5.84,CHEMBL1147155,2007,CHEMBL914755
CHEMBL225193,COCCOCC#Cc1cc(-c2n[nH]c3c2Cc2cc(CN4CCN(C)CC4)ccc2-3)cs1,5.04,CHEMBL1147155,2007,CHEMBL914755
CHEMBL225334,CN1CCN(Cc2ccc3c(c2)Cc2c(-c4csc(C#CCOc5ccccc5)c4)n[nH]c2-3)C(=O)C1,4.28,CHEMBL1147155,2007,CHEMBL914758
CHEMBL224918,C(#Cc1cc(-c2n[nH]c3c2Cc2cc(Cn4cncn4)ccc2-3)cs1)COc1ccccc1,5.77,CHEMBL1147155,2007,CHEMBL914758
CHEMBL223971,COCCOCC#Cc1cc(-c2n[nH]c3c2Cc2ccc(Cn4cncn4)cc2-3)cs1,4.94,CHEMBL1147155,2007,CHEMBL914758
CHEMBL387971,COCCOCC#Cc1cc(-c2n[nH]c3c2C(=O)c2cc(CN4CCN(C)CC4)ccc2-3)cs1,5.03,CHEMBL1147155,2007,CHEMBL914755
CHEMBL387971,COCCOCC#Cc1cc(-c2n[nH]c3c2C(=O)c2cc(CN4CCN(C)CC4)ccc2-3)cs1,5.28,CHEMBL1147155,2007,CHEMBL914758
CHEMBL214629,CCN(CC)Cc1ccc2c(c1)CC[C@H](N1CCN(CCc3ccc(F)cc3)CC1=O)C2,5.09,CHEMBL1142907,2007,CHEMBL903920
CHEMBL214323,CCN(CC)Cc1ccc2c(c1)CC[C@H](N1CCN(CCc3cccc(C(F)(F)F)c3)CC1=O)C2,5.77,CHEMBL1142907,2007,CHEMBL903920
CHEMBL384400,CCN(CC)Cc1ccc2c(c1)CC[C@H](N1CCN(CCc3ccc(Cl)cc3)CC1=O)C2,5.48,CHEMBL1142907,2007,CHEMBL903920
CHEMBL379218,Cc1n[nH]c2ccc(-c3cncc(OC[C@@H](N)Cc4ccccc4)c3)cc12,4.87,CHEMBL1145373,2007,CHEMBL889269
CHEMBL473,CN(CCOc1ccc(NS(C)(=O)=O)cc1)CCc1ccc(NS(C)(=O)=O)cc1,8.04,CHEMBL1145378,2007,CHEMBL889312
CHEMBL227000,CC1(C)C2=C3CC4C5=[N+](CCC4OC3CCN2c2ccc(CC(=O)NCCCCCCN(CCOc3ccc(NS(C)(=O)=O)cc3)CCc3ccc(NS(C)(=O)=O)cc3)cc21)c1ccc(S(=O)(=O)[O-])cc1C5(C)C,6.51,CHEMBL1145378,2007,CHEMBL889312
CHEMBL230984,N[C@H]1CN(c2ccncn2)CC[C@@H]1c1cc(F)c(F)cc1F.O=C(O)C(F)(F)F,4.58,CHEMBL1145410,2007,CHEMBL888509
CHEMBL231497,Cc1nnc2ccc(N3CC[C@H](c4cc(F)c(F)cc4F)[C@@H](N)C3)nn12.O=C(O)C(F)(F)F,4.69,CHEMBL1145410,2007,CHEMBL888509
CHEMBL231397,Cc1cc(=O)n2nc(N3CC[C@H](c4cc(F)c(F)cc4F)[C@@H](N)C3)ccc2n1.O=C(O)C(F)(F)F,4.48,CHEMBL1145410,2007,CHEMBL888509
CHEMBL231396,N[C@H]1CN(c2ccc3nc(=O)ccn3n2)CC[C@@H]1c1cc(F)c(F)cc1F.O=C(O)C(F)(F)F,4.00,CHEMBL1145410,2007,CHEMBL888509
CHEMBL231294,N[C@H]1CN(c2ccn3cnnc3n2)CC[C@@H]1c1cc(F)c(F)cc1F.O=C(O)C(F)(F)F,4.00,CHEMBL1145410,2007,CHEMBL888509
CHEMBL231293,N[C@H]1CN(c2ccc3nc(C(F)(F)F)nn3n2)CC[C@@H]1c1cc(F)c(F)cc1F.O=C(O)C(F)(F)F,5.09,CHEMBL1145410,2007,CHEMBL888509
CHEMBL231196,N[C@H]1CN(c2cnc3nccnc3n2)CC[C@@H]1c1cc(F)c(F)cc1F.O=C(O)C(F)(F)F,5.00,CHEMBL1145410,2007,CHEMBL888509
CHEMBL229008,CCN1CCN(c2ccc(C(C)(C)NC(=O)c3cc4[nH]c5ccccc5c(=O)c4cc3F)cn2)CC1,4.60,CHEMBL1146203,2007,CHEMBL890380
CHEMBL244347,CN(C(=O)CC[C@@H](C1CCCCC1)N1Cc2cc(Oc3ccccc3)ccc2N=C1N)C1CCCCC1,6.85,CHEMBL1148753,2007,CHEMBL895731
CHEMBL85606,N#Cc1ccc2c(c1)CCN(CC[C@H]1CC[C@H](NC(=O)c3ccnc4ccccc34)CC1)C2,5.70,CHEMBL1148818,2007,CHEMBL895464
CHEMBL242603,Cc1ccc2c(-c3nnc(SCCC(C)N4CCc5ccc(-c6cc(C)nn6C)cc5CC4)n3C)cccc2n1,5.90,CHEMBL1148818,2007,CHEMBL895464
CHEMBL242602,Cc1cc(-c2ccc3c(c2)CCN(CCSc2nnc(-c4ccc(F)c(F)c4)n2C)CC3)n(C)n1,6.30,CHEMBL1148818,2007,CHEMBL895464
CHEMBL242601,Cc1cnc(-c2nnc(SCCN3CCc4ccc(-c5cc(C)nn5C)cc4CC3)n2C)cn1,5.70,CHEMBL1148818,2007,CHEMBL895464
CHEMBL245120,Cc1ccc2c(-c3nnc(SCCN4CCc5ccc(-c6cc(C)nn6C)cc5CC4)n3C)cccc2n1,5.70,CHEMBL1148818,2007,CHEMBL895464
CHEMBL245119,Cc1cc(-c2ccc3c(c2)CCN(CCCSc2nnc(-c4ocnc4C)n2C)CC3)n(C)n1,5.60,CHEMBL1148818,2007,CHEMBL895464
CHEMBL390649,Cc1cc(-c2ccc3c(c2)CCN(CCCSc2nnc(-c4ccc(C(F)(F)F)cc4)n2C)CC3)n(C)n1,7.50,CHEMBL1148818,2007,CHEMBL895464
CHEMBL245118,Cc1cc(-c2ccc3c(c2)CCN(CCCSc2nnc(-c4ccc(F)c(F)c4)n2C)CC3)n(C)n1,6.60,CHEMBL1148818,2007,CHEMBL895464
CHEMBL244946,Cc1ccc2c(-c3nnc(SCCCN4CCc5ccc(-c6cc(C)nn6C)cc5CC4)n3C)cccc2n1,5.70,CHEMBL1148818,2007,CHEMBL895464
CHEMBL244945,COc1ccc(-c2nnc(SCCCN3CCc4ccc(-c5cc(C)on5)cc4CC3)n2C)cn1,6.80,CHEMBL1148818,2007,CHEMBL895464
CHEMBL242600,COc1ccc(-c2nnc(SCCCN3CCc4ccc(-c5cc(C)on5)cc4CC3)n2C)cc1,7.40,CHEMBL1148818,2007,CHEMBL895464
CHEMBL390429,COc1ccccc1-c1nnc(SCCCN2CCc3ccc(-c4cc(C)on4)cc3CC2)n1C,7.40,CHEMBL1148818,2007,CHEMBL895464
CHEMBL242598,Cc1cc(-c2ccc3c(c2)CCN(CCCSc2nnc(C4CCOCC4)n2C)CC3)no1,5.40,CHEMBL1148818,2007,CHEMBL895464
CHEMBL243860,Cc1cc(-c2ccc3c(c2)CCN(CCCSc2nnc(C4CCC(C)CC4)n2C)CC3)no1,6.90,CHEMBL1148818,2007,CHEMBL895464
CHEMBL243859,Cc1cc(-c2ccc3c(c2)CCN(CCCSc2nnc(C4CCCC4)n2C)CC3)no1,6.10,CHEMBL1148818,2007,CHEMBL895464
CHEMBL243474,Cc1cc(-c2ccc3c(c2)CCN(CCCSc2nnc(C(C)(C)C)n2C)CC3)no1,6.40,CHEMBL1148818,2007,CHEMBL895464
CHEMBL243901,Cc1cc(-c2ccc3c(c2)CCN(CCCSc2nnc(C(C)C)n2C)CC3)no1,5.90,CHEMBL1148818,2007,CHEMBL895464
CHEMBL243900,Cc1cc(-c2ccc3c(c2)CCN(CCCSc2nnc(C(F)(F)F)n2C)CC3)no1,6.50,CHEMBL1148818,2007,CHEMBL895464
CHEMBL243899,Cc1cc(-c2ccc3c(c2)CCN(CCCSc2nnc(C)n2C)CC3)no1,6.10,CHEMBL1148818,2007,CHEMBL895464
CHEMBL244280,Cc1cc(-c2ccc3c(c2)CCN(CCCSc2nnc(-c4cccc(F)c4)n2C)CC3)no1,6.60,CHEMBL1148818,2007,CHEMBL895464
CHEMBL397222,Cc1cc(-c2ccc3c(c2)CCN(CCCSc2nnc(-c4ccc(Cl)c(Cl)c4)n2C)CC3)no1,8.00,CHEMBL1148818,2007,CHEMBL895464
CHEMBL244279,Cc1cc(-c2ccc3c(c2)CCN(CCCSc2nnc(-c4ccc(Cl)cc4)n2C)CC3)no1,7.60,CHEMBL1148818,2007,CHEMBL895464
CHEMBL244278,Cc1cc(-c2ccc3c(c2)CCN(CCCSc2nnc(-c4cccc(Cl)c4)n2C)CC3)no1,7.10,CHEMBL1148818,2007,CHEMBL895464
CHEMBL244087,Cc1cc(-c2ccc3c(c2)CCN(CCCSc2nnc(-c4ccccc4Cl)n2C)CC3)no1,7.20,CHEMBL1148818,2007,CHEMBL895464
CHEMBL395743,Cc1cc(-c2ccc3c(c2)CCN(CCCSc2nnc(-c4cccn4C)n2C)CC3)no1,6.60,CHEMBL1148818,2007,CHEMBL895464
CHEMBL244086,Cc1cc(-c2ccc3c(c2)CCN(CCCSc2nnc(-c4cccs4)n2C)CC3)no1,6.90,CHEMBL1148818,2007,CHEMBL895464
CHEMBL244085,Cc1cc(-c2ccc3c(c2)CCN(CCCSc2nnc(-c4ccncc4)n2C)CC3)no1,6.10,CHEMBL1148818,2007,CHEMBL895464
CHEMBL243898,Cc1cc(-c2ccc3c(c2)CCN(CCCSc2nnc(-c4ccccn4)n2C)CC3)no1,6.60,CHEMBL1148818,2007,CHEMBL895464
CHEMBL395742,Cc1ccc(-c2nnc(SCCCN3CCc4ccc(-c5cc(C)on5)cc4CC3)n2C)cc1,7.60,CHEMBL1148818,2007,CHEMBL895464
CHEMBL243897,Cc1cc(-c2ccc3c(c2)CCN(CCCSc2nnc(-c4ccc(C(F)(F)F)cc4)n2C)CC3)no1,7.20,CHEMBL1148818,2007,CHEMBL895464
CHEMBL243896,Cc1cc(-c2ccc3c(c2)CCN(CCCSc2nnc(-c4ccc(C#N)cc4)n2C)CC3)no1,7.70,CHEMBL1148818,2007,CHEMBL895464
CHEMBL243709,Cc1cc(-c2ccc3c(c2)CCN(CCCSc2nnc(-c4ccccc4)n2C)CC3)no1,5.70,CHEMBL1148818,2007,CHEMBL895464
CHEMBL243708,Cc1cc(-c2ccc3c(c2)CCN(CCCSc2nnc(-c4ccc5nc(C)c(C)nc5c4)n2C)CC3)no1,6.50,CHEMBL1148818,2007,CHEMBL895464
CHEMBL243707,Cc1ccc2c(-c3nnc(SCCCN4CCc5ccc(-c6cc(C)on6)cc5CC4)n3C)cccc2n1,6.30,CHEMBL1148818,2007,CHEMBL895464
CHEMBL244277,Cc1cnc(-c2ccc3c(c2)CCN(CCCSc2nnc(-c4cccn4C)n2C)CC3)o1,6.30,CHEMBL1148818,2007,CHEMBL895464
CHEMBL244276,Cc1cnc(-c2ccc3c(c2)CCN(CCCSc2nnc(-c4ccc5[nH]ccc5c4)n2C)CC3)o1,7.40,CHEMBL1148818,2007,CHEMBL895464
CHEMBL397429,Cc1cnc(-c2ccc3c(c2)CCN(CCCSc2nnc(-c4cc5ccccc5[nH]4)n2C)CC3)o1,7.30,CHEMBL1148818,2007,CHEMBL895464
CHEMBL244275,Cc1cnc(-c2ccc3c(c2)CCN(CCCSc2nnc(-c4cccs4)n2C)CC3)o1,6.50,CHEMBL1148818,2007,CHEMBL895464
CHEMBL244084,Cc1ccc2c(-c3nnc(SCCCN4CCc5ccc(-c6ncc(C)o6)cc5CC4)n3C)cccc2n1,6.10,CHEMBL1148818,2007,CHEMBL895464
CHEMBL244083,Cc1nc(-c2cccc(C(=O)N[C@H]3CC[C@H](CCN4CCc5ccc(S(C)(=O)=O)cc5CC4)CC3)c2)no1,5.60,CHEMBL1148818,2007,CHEMBL895464
CHEMBL243707,Cc1ccc2c(-c3nnc(SCCCN4CCc5ccc(-c6cc(C)on6)cc5CC4)n3C)cccc2n1,6.90,CHEMBL1148818,2007,CHEMBL895478
CHEMBL233047,CCN(CC)C(C)CCCNc1nccc(NCc2ccc(Cl)cc2Cl)n1.N,6.52,CHEMBL1146290,2007,CHEMBL890046
CHEMBL377566,CN(C)C(=O)N1N=C(c2cc(F)ccc2F)C[C@@]1(CCCN)c1ccccc1,4.71,CHEMBL1147937,2007,CHEMBL893743
CHEMBL395034,CN(C)C(=O)N1CC(c2cc(F)ccc2F)=C[C@@]1(CC[C@H](N)C(F)F)c1ccccc1,4.80,CHEMBL1147937,2007,CHEMBL893743
CHEMBL395332,CN(C)C(=O)N1CC(c2cc(F)ccc2F)=C[C@@]1(CCCN)c1ccccc1,5.15,CHEMBL1147937,2007,CHEMBL893743
CHEMBL3392292,CS(=O)(=O)O.NC[C@H]1CC[C@]2(CC1)OOC1(O2)C2CC3CC(C2)CC1C3,5.75,CHEMBL1148835,2007,CHEMBL895925
CHEMBL233781,NC(=O)CNC[C@H]1CC[C@]2(CC1)OO[C@]1(O2)C2CC3CC(C2)CC1C3,5.57,CHEMBL1148835,2007,CHEMBL895925
CHEMBL237793,O=C1CCc2cc([C@@H](O)CN3CCC(O)(c4cccc(F)c4)CC3)ccc2N1,5.96,CHEMBL1137458,2007,CHEMBL899624
CHEMBL237119,CN(C)C(=O)[C@@H](c1ccc(-c2ccc(F)cc2)cc1)[C@H](N)C(=O)N1CC[C@H](F)C1,5.34,CHEMBL1137497,2007,CHEMBL898851
CHEMBL237337,CN(C)C(=O)[C@@H](c1ccc(-c2ccc3ncnn3c2)cc1)[C@H](N)C(=O)N1CC[C@H](F)C1,4.07,CHEMBL1137497,2007,CHEMBL898851
CHEMBL237336,C[C@@H](c1ccc(-c2ccc(F)cc2)cc1)[C@H](N)C(=O)N1CC[C@H](F)C1,5.96,CHEMBL1137497,2007,CHEMBL898851
CHEMBL393718,CCOc1cc(CN2CCC(Nc3nc4cc(S(N)(=O)=O)ccc4o3)CC2)ccc1OC,5.46,CHEMBL1138333,2007,CHEMBL902576
CHEMBL241330,CCOc1cc(CN2CCC(NC(=O)c3cccc(S(C)(=O)=O)c3)CC2)ccc1Cl,5.89,CHEMBL1138334,2007,CHEMBL902587
CHEMBL559206,Cl.O=C(c1ccccc1)N1CCN(c2ccc(OCCCN3CCCCC3)cc2)C(=O)C1,4.20,CHEMBL1138361,2007,CHEMBL903096
CHEMBL392354,O=C(c1ccc(F)cc1F)N1CCN(c2ccc(OC3CCN(C4CCCC4)CC3)cc2)C(=O)C1.O=CO,4.60,CHEMBL1138361,2007,CHEMBL903096
CHEMBL240567,O=C(c1cc(F)cc(F)c1)N1CCN(c2ccc(OC3CCN(C4CCCC4)CC3)cc2)C(=O)C1.O=CO,5.10,CHEMBL1138361,2007,CHEMBL903096
CHEMBL239963,O=C(c1ccc(F)cc1)N1CCN(c2ccc(OC3CCN(C4CCCC4)CC3)cc2)C(=O)C1.O=CO,4.70,CHEMBL1138361,2007,CHEMBL903096
CHEMBL239744,O=C(c1ccc(Cl)cc1)N1CCN(c2ccc(OC3CCN(C4CCCC4)CC3)cc2)C(=O)C1.O=CO,5.40,CHEMBL1138361,2007,CHEMBL903096
CHEMBL239099,N#Cc1ccc(C(=O)N2CCN(c3ccc(OC4CCN(C5CCC5)CC4)cc3)C(=O)C2)cc1.O=CO,5.03,CHEMBL1138361,2007,CHEMBL903096
CHEMBL540634,Cl.O=C(c1ccc(Cl)cc1)N1CCN(c2ccc(OC3CCN(C4CCC4)CC3)cc2)C(=O)C1,4.50,CHEMBL1138361,2007,CHEMBL903096
CHEMBL239724,C[C@H]1CCCN1CCCOc1ccc(N2CCN(C(=O)c3ccc(F)cc3F)CC2=O)cc1.O=CO,4.50,CHEMBL1138361,2007,CHEMBL903096
CHEMBL392713,C[C@H]1CCCN1CCCOc1ccc(N2CCN(C(=O)c3cc(F)cc(F)c3)CC2=O)cc1.O=CO,4.90,CHEMBL1138361,2007,CHEMBL903096
CHEMBL239300,C[C@H]1CCCN1CCCOc1ccc(N2CCN(C(=O)c3ccc(F)cc3)CC2=O)cc1.O=CO,4.60,CHEMBL1138361,2007,CHEMBL903096
CHEMBL239299,C[C@@H]1CCCN1CCCOc1ccc(N2CCN(C(=O)c3ccc(F)cc3F)CC2=O)cc1.O=CO,5.80,CHEMBL1138361,2007,CHEMBL903096
CHEMBL239081,C[C@@H]1CCCN1CCCOc1ccc(N2CCN(C(=O)c3cc(F)cc(F)c3)CC2=O)cc1.O=CO,6.30,CHEMBL1138361,2007,CHEMBL903096
CHEMBL394144,C[C@@H]1CCCN1CCCOc1ccc(N2CCN(C(=O)c3ccc(F)cc3)CC2=O)cc1.O=CO,4.70,CHEMBL1138361,2007,CHEMBL903096
CHEMBL238872,O=C(c1ccc(F)cc1F)N1CCN(c2ccc(OCCCN3CCCCCC3)cc2)C(=O)C1.O=CO,4.30,CHEMBL1138361,2007,CHEMBL903096
CHEMBL238871,O=C(c1cc(F)cc(F)c1)N1CCN(c2ccc(OCCCN3CCCCCC3)cc2)C(=O)C1.O=CO,4.90,CHEMBL1138361,2007,CHEMBL903096
CHEMBL400612,N#Cc1ccc(C(=O)N2CCN(c3ccc(OCCCN4CCCCCC4)cc3)C(=O)C2)cc1.O=CO,4.90,CHEMBL1138361,2007,CHEMBL903096
CHEMBL238870,O=C(c1ccc(F)cc1)N1CCN(c2ccc(OCCCN3CCCCCC3)cc2)C(=O)C1.O=CO,4.90,CHEMBL1138361,2007,CHEMBL903096
CHEMBL394015,O=C(c1cc(F)cc(F)c1)N1CCN(c2ccc(OCCCN3CCCC3)cc2)C(=O)C1,5.10,CHEMBL1138361,2007,CHEMBL903096
CHEMBL429458,O=C(c1ccc(F)cc1)N1CCN(c2ccc(OCCCN3CCCC3)cc2)C(=O)C1.O=CO,5.20,CHEMBL1138361,2007,CHEMBL903096
CHEMBL240394,O=C(c1cc(F)cc(F)c1)N1CCN(c2ccc(OCCCN3CCCCC3)cc2)C(=O)C1.O=CO,4.40,CHEMBL1138361,2007,CHEMBL903096
CHEMBL240185,O=C(c1ccc(F)cc1)N1CCN(c2ccc(OCCCN3CCCCC3)cc2)C(=O)C1.O=CO,4.30,CHEMBL1138361,2007,CHEMBL903096
CHEMBL536991,Cc1ccc(C(=O)N2CCN(c3ccc(OCCCN4CCCCC4)cc3)C(=O)C2)cc1.Cl,4.50,CHEMBL1138361,2007,CHEMBL903096
CHEMBL245568,COc1ccc2nccc([C@@H]3CN(C4CCN(Cc5cc6ccccc6[nH]5)CC4)C(=O)O3)c2c1,5.80,CHEMBL1139124,2007,CHEMBL903467
CHEMBL397395,COc1ccc2nccc(C3CN(C4CCN(Cc5ccc(C)c(C)c5)CC4)C(=O)O3)c2c1,5.20,CHEMBL1139124,2007,CHEMBL903467
CHEMBL391143,Cc1c(CN(C2CCOCC2)[C@H]2CCNC2)cccc1C(F)(F)F,5.54,CHEMBL1139125,2007,CHEMBL903477
CHEMBL246519,Fc1ccc(CN(C2CCOCC2)[C@H]2CCNC2)c(F)c1F,5.92,CHEMBL1139125,2007,CHEMBL903477
CHEMBL442272,FC(F)(F)c1ccccc1CN(C1CCOCC1)[C@H]1CCNC1,5.96,CHEMBL1139125,2007,CHEMBL903477
CHEMBL397392,Cc1ccccc1CN(C1CCOCC1)[C@H]1CCNC1,5.62,CHEMBL1139125,2007,CHEMBL903477
CHEMBL245492,Fc1cccc(CN(C2CCOCC2)[C@H]2CCNC2)c1C(F)(F)F,5.80,CHEMBL1139125,2007,CHEMBL903477
CHEMBL214768,COc1ccc(CN2CCC(NC(=O)c3cc(=O)c4ccc(F)cc4o3)CC2)cc1F,5.08,CHEMBL1139188,2007,CHEMBL886903
CHEMBL246464,O=C(CCN1CCCCC1)Nc1ccc(CN2CCC(NC(=O)c3cc(=O)c4ccc(F)cc4o3)CC2)cc1F,5.04,CHEMBL1139188,2007,CHEMBL886903
CHEMBL246259,COc1cc(C(=O)NCCN2CCCC2)ccc1CN1CCC(NC(=O)c2cc(=O)c3ccc(F)cc3o2)CC1,5.18,CHEMBL1139188,2007,CHEMBL886903
CHEMBL246258,O=C(NCCN1CCCC1)c1ccc(CN2CCC(NC(=O)c3cc(=O)c4ccc(F)cc4o3)CC2)c(Cl)c1,4.96,CHEMBL1139188,2007,CHEMBL886903
CHEMBL246051,O=C(NCCN1CCC(F)(F)CC1)c1ccc(CN2CCC(NC(=O)c3cc(=O)c4ccc(F)cc4o3)CC2)cc1,5.20,CHEMBL1139188,2007,CHEMBL886903
CHEMBL246050,O=C(NCCN1CCCCC1)c1ccc(CN2CCC(NC(=O)c3cc(=O)c4ccc(F)cc4o3)CC2)cc1,4.18,CHEMBL1139188,2007,CHEMBL886903
CHEMBL245844,O=C(NC1CCN(Cc2ccc(OCCCN3C(=O)CSC3=O)c(F)c2)CC1)c1cc(=O)c2ccc(F)cc2o1,5.07,CHEMBL1139188,2007,CHEMBL886903
CHEMBL394639,CC(C)CO/N=C/COc1ccc(CN2CCC(NC(=O)c3cc(=O)c4ccc(F)cc4o3)CC2)cc1F,6.35,CHEMBL1139188,2007,CHEMBL886903
CHEMBL245642,CO/N=C/COc1ccc(CN2CCC(NC(=O)c3cc(=O)c4ccc(F)cc4o3)CC2)cc1F,5.50,CHEMBL1139188,2007,CHEMBL886903
CHEMBL247891,O=C(NC1CCN(Cc2ccc(OCCCN(C3CC3)C3CC3)c(F)c2)CC1)c1cc(=O)c2ccc(F)cc2o1,6.13,CHEMBL1139188,2007,CHEMBL886903
CHEMBL247690,O=C(NC1CCN(Cc2ccc(OCCCN3CCOCC3)c(F)c2)CC1)c1cc(=O)c2ccc(F)cc2o1,4.47,CHEMBL1139188,2007,CHEMBL886903
CHEMBL247689,O=C(NC1CCN(Cc2ccc(OCC(F)(F)F)c(F)c2)CC1)c1cc(=O)c2ccc(F)cc2o1,5.80,CHEMBL1139188,2007,CHEMBL886903
CHEMBL247688,COC(C)(C)CCOc1ccc(CN2CCC(NC(=O)c3cc(=O)c4ccc(F)cc4o3)CC2)cc1,5.37,CHEMBL1139188,2007,CHEMBL886903
CHEMBL248297,O=C(NC1CCN(Cc2ccc(OCCCN3CCCCC3)c(F)c2)CC1)c1cc(=O)c2ccc(F)cc2o1,4.38,CHEMBL1139188,2007,CHEMBL886903
CHEMBL248296,CN(C)CCCOc1ccc(CN2CCC(NC(=O)c3cc(=O)c4ccc(F)cc4o3)CC2)cc1F,4.19,CHEMBL1139188,2007,CHEMBL886903
CHEMBL191067,CN(C)C(=O)[C@@H](c1ccc(-c2ccc(F)cc2)cc1)[C@H](N)C(=O)N1CC[C@H](F)C1.O=C(O)C(F)(F)F,5.34,CHEMBL1139199,2007,CHEMBL887127
CHEMBL392825,C[C@@H](C1CCC(N(C)C(=O)C2CC2)CC1)[C@H](N)C(=O)N1CC[C@H](F)C1.Cl,4.41,CHEMBL1139199,2007,CHEMBL887127
CHEMBL245379,C[C@@H](C1CCC(N(C)C(=O)c2cccc(F)c2)CC1)[C@H](N)C(=O)N1CC[C@H](F)C1.Cl,4.11,CHEMBL1139199,2007,CHEMBL887127
CHEMBL395213,Cl.N[C@H](C(=O)N1CC[C@H](F)C1)C1CCC(NS(=O)(=O)c2ccc(F)cc2F)CC1,4.31,CHEMBL1139199,2007,CHEMBL887127
CHEMBL246634,CC(C(O)c1ccc2[nH]c(=O)oc2c1)N1CCC(O)(c2ccc(F)cc2)CC1,5.58,CHEMBL1139807,2007,CHEMBL940929
CHEMBL404851,CC(C(O)c1ccc2c(c1)CCC(=O)N2)N1CCC(O)(c2ccc(F)cc2)CC1,5.07,CHEMBL1139807,2007,CHEMBL940929
CHEMBL246816,CC(C(O)c1ccc2c(c1)CN(C)C(=O)N2)N1CCC(O)(c2ccc(F)cc2)CC1,5.51,CHEMBL1139807,2007,CHEMBL940929
CHEMBL246815,CC(C(O)c1ccc2c(c1)CNC(=O)N2)N1CCC(O)(c2ccc(F)cc2)CC1,5.13,CHEMBL1139807,2007,CHEMBL940929
CHEMBL246635,CC(C(O)c1ccc2c(c1)OCC(=O)N2)N1CCC(O)(c2ccc(F)cc2)CC1,5.80,CHEMBL1139807,2007,CHEMBL940929
CHEMBL401407,CC(C(O)c1ccc2c(c1)COC(=O)N2)N1CCC(O)(c2ccc(F)cc2)CC1,5.62,CHEMBL1139807,2007,CHEMBL940929
CHEMBL246818,COc1cccc(C2(O)CCN(C(C)C(O)c3ccc4c(c3)CCC(=O)N4)CC2)c1,4.96,CHEMBL1139807,2007,CHEMBL940929
CHEMBL404852,CC(C(O)c1ccc2c(c1)CCC(=O)N2)N1CCC(O)(c2cccc(F)c2)CC1,5.00,CHEMBL1139807,2007,CHEMBL940929
CHEMBL247840,Cc1ccc(C2(O)CCN(C(C)C(O)c3ccc4c(c3)CCC(=O)N4)CC2)cc1,5.48,CHEMBL1139807,2007,CHEMBL940929
CHEMBL246817,CC(C(O)c1ccc2c(c1)CCC(=O)N2)N1CCC(O)(c2ccc3c(c2)COCC3)CC1,4.80,CHEMBL1139807,2007,CHEMBL940929
CHEMBL246819,O=C1CCc2cc(C(O)CN3CCC(O)(c4cccc(F)c4)CC3)ccc2N1,4.68,CHEMBL1139807,2007,CHEMBL940929
CHEMBL246819,O=C1CCc2cc(C(O)CN3CCC(O)(c4cccc(F)c4)CC3)ccc2N1,5.01,CHEMBL1139807,2007,CHEMBL940929
CHEMBL246819,O=C1CCc2cc(C(O)CN3CCC(O)(c4cccc(F)c4)CC3)ccc2N1,4.89,CHEMBL1139807,2007,CHEMBL940929
CHEMBL17350,C[C@@H]([C@@H](O)c1ccc(O)cc1)N1CCC(O)(c2ccccc2)CC1,5.00,CHEMBL1139807,2007,CHEMBL940929
CHEMBL250125,CC(=O)C1=NN2c3cc(F)ccc3OC[C@H]2[C@@]1(CCCN1CCN(C(C)=O)CC1)c1ccccc1,5.00,CHEMBL1139812,2007,CHEMBL940958
CHEMBL247044,CC(=O)C1=NN(c2cc(C)ccc2F)C[C@@]1(CCCN(C)C)c1ccccc1,5.52,CHEMBL1139812,2007,CHEMBL940958
CHEMBL398612,Cc1[nH]nc2c1c(=O)n(C[C@H](F)CN)c1cc(C3CCCCC3)c(C3CCCCC3)cc21,4.88,CHEMBL1139824,2007,CHEMBL941012
CHEMBL250481,Cc1[nH]nc2c1c(=O)n(CCCN)c1cc(C3CCCCC3)c(C3CCCCC3)cc21,5.28,CHEMBL1139824,2007,CHEMBL941012
CHEMBL251142,CC(=O)C1=NN2c3cc(F)ccc3OC[C@H]2[C@@]1(CCCN1CCC(=O)N(C)CC1)c1ccccc1,5.02,CHEMBL1139825,2007,CHEMBL941016
CHEMBL438876,CC(=O)C1=NN2c3cc(F)ccc3OC[C@H]2[C@@]1(CCCN1CCNC(=O)CC1)c1ccccc1,4.77,CHEMBL1139825,2007,CHEMBL941016
CHEMBL401476,CC(=O)C1=NN2c3cc(F)ccc3OC[C@H]2[C@@]1(CCCN1CCNCC1)c1ccccc1,5.34,CHEMBL1139825,2007,CHEMBL941016
CHEMBL250743,CC(=O)C1=NN2c3cc(F)ccc3OC[C@H]2[C@@]1(CCCO)c1ccccc1,4.75,CHEMBL1139825,2007,CHEMBL941016
CHEMBL250127,CC(=O)C1=NN2c3cc(F)ccc3OC[C@H]2[C@@]1(CCCN)c1ccccc1,6.03,CHEMBL1139825,2007,CHEMBL941016
CHEMBL250126,CC(=O)C1=NN2c3cc(Cl)ccc3OC[C@H]2[C@@]1(CCCN1CCN(C(C)=O)CC1)c1ccccc1,5.25,CHEMBL1139825,2007,CHEMBL941016
CHEMBL250125,CC(=O)C1=NN2c3cc(F)ccc3OC[C@H]2[C@@]1(CCCN1CCN(C(C)=O)CC1)c1ccccc1,5.00,CHEMBL1139825,2007,CHEMBL941016
CHEMBL399378,CC(=O)C1=NN2c3cc(C)ccc3OC[C@H]2[C@@]1(CCCN1CCOCC1)c1ccccc1,5.20,CHEMBL1139825,2007,CHEMBL941016
CHEMBL250533,CC(=O)C1=NN2c3cc(Cl)ccc3OC[C@H]2C1(CCCN1CCOCC1)c1ccccc1,5.48,CHEMBL1139825,2007,CHEMBL941016
CHEMBL398478,CC(=O)C1=NN2c3cc(F)ccc3OC[C@H]2[C@@]1(CCCN1CCOCC1)c1ccccc1,5.21,CHEMBL1139825,2007,CHEMBL941016
CHEMBL250532,CC(=O)C1=NN2c3cc(C)ccc3OC[C@H]2[C@@]1(CCCN(C)C)c1ccccc1,5.62,CHEMBL1139825,2007,CHEMBL941016
CHEMBL429553,CC(=O)C1=NN2c3cc(Cl)ccc3OC[C@H]2[C@@]1(CCCN(C)C)c1ccccc1,5.70,CHEMBL1139825,2007,CHEMBL941016
CHEMBL250328,CC(=O)C1=NN2c3cc(F)ccc3OC[C@H]2[C@@]1(CCCN(C)C)c1ccccc1,5.23,CHEMBL1139825,2007,CHEMBL941016
CHEMBL399791,Cc1cc(CN2C[C@H](N)[C@H](C(=O)C3CCC[C@H]3C#N)C2)cc(C)c1C#N,4.54,CHEMBL1140588,2007,CHEMBL943040
CHEMBL429115,Cc1cc(CN2C[C@H](N)[C@H](C(=O)C3CCC[C@H]3C#N)C2)ccc1C#N,4.71,CHEMBL1140588,2007,CHEMBL943040
CHEMBL249601,CC(c1ccc(C#N)cc1)N1C[C@H](N)[C@H](C(=O)N2CCC[C@H]2C#N)C1,5.00,CHEMBL1140588,2007,CHEMBL943040
CHEMBL399525,N#C[C@@H]1CCCN1C(=O)[C@@H]1CN(Cc2ccc(-n3cncn3)cc2)C[C@@H]1N,5.75,CHEMBL1140588,2007,CHEMBL943040
CHEMBL250689,CC(=O)c1cccc(NC(=O)N[C@@H]2CCCC[C@H]2CN2CCC[C@@H](Cc3ccc(F)cc3)C2)c1,6.40,CHEMBL1140623,2007,CHEMBL925077
CHEMBL249854,CC(=O)c1sc(NC(=O)N[C@@H]2CN(C(C)=O)CC[C@H]2CN2CCC[C@@H](Cc3ccc(F)cc3)C2)nc1C,5.22,CHEMBL1140623,2007,CHEMBL925077
CHEMBL429663,Cc1cccc(NC(=O)c2ccc(-c3ccc(Cl)cc3)o2)c1,4.57,CHEMBL1140726,2008,CHEMBL944718
CHEMBL250877,CN1CCCc2cc(NC(=O)c3ccc(-c4ccc(Cl)cc4)o3)ccc21,5.28,CHEMBL1140726,2008,CHEMBL944718
CHEMBL539863,Cc1cccc(NC(=N)c2ccc(-c3ccc(Cl)cc3)o2)c1.Cl,5.68,CHEMBL1140726,2008,CHEMBL944718
CHEMBL401258,Cc1cccc(NC(=O)c2ccc(-c3ccc(C#N)cc3)o2)c1,5.24,CHEMBL1140726,2008,CHEMBL944718
CHEMBL251241,C[C@@H](NC(=O)c1ccc(-c2ccc(Cl)cc2)o1)C(=O)N1CCN(CCCOc2ccc(C(=O)C3CC3)cc2)CC1,6.10,CHEMBL1140726,2008,CHEMBL944718
CHEMBL253868,Nc1ccc(-c2ccccc2)cc1NC(=O)c1ccc(CNC(=O)OCc2cccnc2)cc1,5.52,CHEMBL1140803,2008,CHEMBL927770
CHEMBL253869,Nc1ccc(-c2ccccc2)cc1NC(=O)c1ccc(CNC(=O)CCc2cccnc2)cc1,5.43,CHEMBL1140803,2008,CHEMBL927770
CHEMBL428594,CC(C)[C@]1(C(=O)NCc2cc(C(F)(F)F)cc(C(F)(F)F)c2)CC[C@@H](N2CCC(c3ccc(F)cc3)CC2)C1,7.80,CHEMBL1140833,2008,CHEMBL944859
CHEMBL255511,CC(C)[C@]1(C(=O)NCc2cc(C(F)(F)F)cc(C(F)(F)F)c2)CC[C@@H](N2CCC(c3cccc(C(=O)O)c3)CC2)C1,6.22,CHEMBL1140833,2008,CHEMBL944859
CHEMBL256954,CC(C)[C@]1(C(=O)NCc2cc(C(F)(F)F)cc(C(F)(F)F)c2)CC[C@@H](N2CCC(c3ccncn3)CC2)C1,6.89,CHEMBL1140833,2008,CHEMBL944859
CHEMBL401608,CC(C)(O)[C@]1(C(=O)NCc2cc(C(F)(F)F)cc(C(F)(F)F)c2)CC[C@@H](N2CCC(c3cc(Cl)ncn3)CC2)C1,6.73,CHEMBL1140833,2008,CHEMBL944859
CHEMBL429849,CC(C)(O)[C@]1(C(=O)NCc2cc(C(F)(F)F)cc(C(F)(F)F)c2)CC[C@@H](N2CCC(c3cncnc3)CC2)C1,6.07,CHEMBL1140833,2008,CHEMBL944859
CHEMBL256154,CC(C)[C@]1(C(=O)NCc2cc(C(F)(F)F)cc(C(F)(F)F)c2)CC[C@@H](N2CCC(c3cncnc3)CC2)C1,5.75,CHEMBL1140833,2008,CHEMBL944859
CHEMBL256154,CC(C)[C@]1(C(=O)NCc2cc(C(F)(F)F)cc(C(F)(F)F)c2)CC[C@@H](N2CCC(c3cncnc3)CC2)C1,5.85,CHEMBL1140833,2008,CHEMBL944859
CHEMBL402624,CC(C)(O)[C@]1(C(=O)NCc2cc(C(F)(F)F)cc(C(F)(F)F)c2)CC[C@@H](N2CCC(c3cccc(C(=O)O)c3)CC2)C1,4.71,CHEMBL1140833,2008,CHEMBL944859
CHEMBL255511,CC(C)[C@]1(C(=O)NCc2cc(C(F)(F)F)cc(C(F)(F)F)c2)CC[C@@H](N2CCC(c3cccc(C(=O)O)c3)CC2)C1,5.55,CHEMBL1140833,2008,CHEMBL944859
CHEMBL255312,CC(C)[C@]1(C(=O)NCc2cc(C(F)(F)F)cc(C(F)(F)F)c2)CC[C@@H](N2CCC(c3cccc(O)c3)CC2)C1,7.17,CHEMBL1140833,2008,CHEMBL944859
CHEMBL403033,COc1cccc(C2CCN([C@@H]3CC[C@@](C(=O)NCc4cc(C(F)(F)F)cc(C(F)(F)F)c4)(C(C)C)C3)CC2)c1,6.66,CHEMBL1140833,2008,CHEMBL944859
CHEMBL258246,CC(C)[C@]1(C(=O)NCc2cc(C(F)(F)F)cc(C(F)(F)F)c2)CC[C@@H](N2CCC(c3cccc(F)c3)CC2)C1,7.35,CHEMBL1140833,2008,CHEMBL944859
CHEMBL428602,CC(C)(O)[C@]1(C(=O)NCc2cc(C(F)(F)F)cc(C(F)(F)F)c2)CC[C@@H](N2CCC(c3ccc(F)cc3)CC2)C1,7.27,CHEMBL1140833,2008,CHEMBL944859
CHEMBL255513,CC(C)[C@]1(C(=O)NCc2cc(C(F)(F)F)cc(C(F)(F)F)c2)CC[C@@H](N2CCC(c3cccnc3)CC2)C1,6.65,CHEMBL1140833,2008,CHEMBL944859
CHEMBL58004,Cc1nc[n+]([O-])c(C)c1C(=O)N1CCC(C)(N2CCC(N(c3ccccc3)c3ccccc3)CC2)CC1,5.92,CHEMBL1141522,2008,CHEMBL928561
CHEMBL255857,Cc1nc(CN(c2ccccc2)C2CCN(C3(C)CCN(C(=O)c4c(C)cc[n+]([O-])c4C)CC3)CC2)cs1,4.91,CHEMBL1141522,2008,CHEMBL928561
CHEMBL255645,CC1(N2CCC(N(c3ccccc3)c3cccnc3)CC2)CCN(C(=O)c2c(Cl)c[n+]([O-])cc2Cl)CC1,5.36,CHEMBL1141522,2008,CHEMBL928561
CHEMBL255644,CC1(N2CCC(N(c3ccccc3)c3cccnc3)CC2)CCN(C(=O)c2c(Cl)cncc2Cl)CC1,5.70,CHEMBL1141522,2008,CHEMBL928561
CHEMBL255431,Cc1cccnc1C(=O)N1CCC(C)(N2CCC(N(c3ccccc3)c3cccnc3)CC2)CC1,6.39,CHEMBL1141522,2008,CHEMBL928561
CHEMBL59511,Cc1cc[n+]([O-])c(C)c1C(=O)N1CCC(C)(N2CCC(N(Cc3cccc(C#N)c3)c3ccccc3)CC2)CC1,5.89,CHEMBL1141522,2008,CHEMBL928561
CHEMBL301454,Cc1cccc(C)c1C(=O)N1CCC(C)(N2CCC(N(Cc3ccccc3)c3ccccc3)CC2)CC1,6.17,CHEMBL1141522,2008,CHEMBL928561
CHEMBL62152,Cc1cccc(C)c1C(=O)N1CCC(C)(N2CCC(N(c3ccccc3)c3ccccc3)CC2)CC1,6.82,CHEMBL1141522,2008,CHEMBL928561
CHEMBL61536,Cc1cc[n+]([O-])c(C)c1C(=O)N1CCC(C)(N2CCC(N(Cc3ccccc3)c3ccccc3)CC2)CC1,6.26,CHEMBL1141522,2008,CHEMBL928561
CHEMBL58387,Cc1ccnc(C)c1C(=O)N1CCC(C)(N2CCC(N(c3ccccc3)c3ccccc3)CC2)CC1,6.24,CHEMBL1141522,2008,CHEMBL928561
CHEMBL402011,C[C@@H](Oc1cccc2ncnc(Nc3ccc4c(cnn4Cc4ccccn4)c3)c12)C(=O)N(C)C,4.60,CHEMBL1141539,2008,CHEMBL928906
CHEMBL401895,Cc1cc(C)n(-c2cc(NC(=O)COc3cccc(CN(C)C)c3)nc(-c3ccc(C)o3)n2)n1,5.92,CHEMBL1141544,2008,CHEMBL928993
CHEMBL193544,CN1CCC(Oc2cccc3ncnc(Nc4ccc(OCc5ccccn5)c(Cl)c4)c23)CC1,5.30,CHEMBL1141561,2008,CHEMBL930660
CHEMBL429760,Cc1ccc(Oc2ccc(Nc3ncnc4cccc(O[C@@H](C)C(=O)N(C)C)c34)cc2C)cn1,4.96,CHEMBL1141561,2008,CHEMBL930660
CHEMBL256362,Cc1ccc(Oc2ccc(Nc3ncnc4cccc(O[C@H](C)C(=O)N(C)C)c34)cc2C)cn1,5.10,CHEMBL1141561,2008,CHEMBL930660
CHEMBL257478,Cc1ccc(Oc2ccc(Nc3ncnc4cccc(O[C@H](C)C(=O)N(C)CCO)c34)cc2C)cn1,4.92,CHEMBL1141561,2008,CHEMBL930660
CHEMBL403594,CNC(=O)[C@@H](C)Oc1cccc2ncnc(Nc3ccc(OCc4ccccn4)c(Cl)c3)c12,4.50,CHEMBL1141561,2008,CHEMBL930660
CHEMBL255968,C[C@H](Oc1cccc2ncnc(Nc3ccc(OCc4ccccn4)c(Cl)c3)c12)C(=O)N(C)C,5.00,CHEMBL1141561,2008,CHEMBL930660
CHEMBL428777,C[C@@H](Oc1cccc2ncnc(Nc3ccc(OCc4ccccn4)c(Cl)c3)c12)C(=O)N(C)C,4.85,CHEMBL1141561,2008,CHEMBL930660
CHEMBL403774,C[C@@H](Oc1cccc2ncnc(Nc3ccc(OCc4ccccn4)c(Cl)c3)c12)C(=O)N1CCOCC1,5.00,CHEMBL1141561,2008,CHEMBL930660
CHEMBL256060,C[C@H](Oc1cccc2ncnc(Nc3ccc(OCc4ccccn4)c(Cl)c3)c12)C(=O)N(C)CCO,4.96,CHEMBL1141561,2008,CHEMBL930660
CHEMBL258313,C[C@@H](Oc1cccc2ncnc(Nc3ccc(OCc4ccccn4)c(Cl)c3)c12)C(=O)N(C)CCO,4.92,CHEMBL1141561,2008,CHEMBL930660
CHEMBL85606,N#Cc1ccc2c(c1)CCN(CC[C@H]1CC[C@H](NC(=O)c3ccnc4ccccc34)CC1)C2,5.70,CHEMBL1143157,2008,CHEMBL931097
CHEMBL272297,Cc1cc(-c2nc3c4c(ccc3o2)CCN(CCCSc2nnc(-c3ocnc3C)n2C)CC4)n(C)n1,6.10,CHEMBL1143157,2008,CHEMBL931097
CHEMBL402853,Cc1ccc2c(-c3nnc(SCCCN4CCc5ccc6oc(-c7cc(C)nn7C)nc6c5CC4)n3C)cccc2n1,6.10,CHEMBL1143157,2008,CHEMBL931097
CHEMBL403815,Cc1ccc2c(-c3nnc(SCCCN4CCc5c(Cl)cc6oc(C)nc6c5CC4)n3C)cccc2n1,5.80,CHEMBL1143157,2008,CHEMBL931097
CHEMBL270376,Cc1nc(C)c(-c2nnc(SCCCN3CCc4ccc5oc(C(F)(F)F)nc5c4CC3)n2C)s1,6.10,CHEMBL1143157,2008,CHEMBL931097
CHEMBL270387,Cn1c(SCCCN2CCc3ccc4oc(C(F)(F)F)nc4c3CC2)nnc1-c1ccccc1,6.60,CHEMBL1143157,2008,CHEMBL931097
CHEMBL255158,Cc1ncccc1-c1nnc(SCCCN2CCc3ccc4oc(C(F)(F)F)nc4c3CC2)n1C,5.40,CHEMBL1143157,2008,CHEMBL931097
CHEMBL404404,Cc1ccc(-c2nnc(SCCCN3CCc4ccc5oc(C(F)(F)F)nc5c4CC3)n2C)cn1,5.80,CHEMBL1143157,2008,CHEMBL931097
CHEMBL270602,Cc1cnc(-c2nnc(SCCCN3CCc4ccc5oc(C(F)(F)F)nc5c4CC3)n2C)cn1,5.90,CHEMBL1143157,2008,CHEMBL931097
CHEMBL402215,Cc1ncoc1-c1nnc(SCCCN2CCc3ccc4oc(C(F)(F)C(F)(F)F)nc4c3CC2)n1C,6.50,CHEMBL1143157,2008,CHEMBL931097
CHEMBL271034,Cc1ccc2c(-c3nnc(SCCCN4CCc5ccc6oc(C(F)(F)C(F)(F)F)nc6c5CC4)n3C)cccc2n1,6.60,CHEMBL1143157,2008,CHEMBL931097
CHEMBL437792,Cc1ncoc1-c1nnc(SCCCN2CCc3ccc4oc(C(C)(F)F)nc4c3CC2)n1C,5.60,CHEMBL1143157,2008,CHEMBL931097
CHEMBL271449,Cc1ncoc1-c1nnc(SCCCN2CCc3ccc4oc(C(F)(F)F)nc4c3CC2)n1C,5.90,CHEMBL1143157,2008,CHEMBL931097
CHEMBL272150,Cc1ccc2c(-c3nnc(SCCCN4CCc5ccc6oc(C(F)(F)F)nc6c5CC4)n3C)cccc2n1,5.70,CHEMBL1143157,2008,CHEMBL931097
CHEMBL427836,CCc1nc2c3c(ccc2o1)CCN(CCCSc1nnc(-c2ocnc2C)n1C)CC3,5.30,CHEMBL1143157,2008,CHEMBL931097
CHEMBL442456,CCc1nc2c3c(ccc2o1)CCN(CCCSc1nnc(-c2cccc4nc(C)ccc24)n1C)CC3,5.20,CHEMBL1143157,2008,CHEMBL931097
CHEMBL402422,Cc1nc2c3c(ccc2o1)CCN(CCCSc1nnc(-c2ocnc2C)n1C)CC3,4.90,CHEMBL1143157,2008,CHEMBL931097
CHEMBL272511,Cc1ccc2c(-c3nnc(SCCCN4CCc5ccc6oc(C)nc6c5CC4)n3C)cccc2n1,5.60,CHEMBL1143157,2008,CHEMBL931097
CHEMBL244946,Cc1ccc2c(-c3nnc(SCCCN4CCc5ccc(-c6cc(C)nn6C)cc5CC4)n3C)cccc2n1,5.70,CHEMBL1143157,2008,CHEMBL931097
CHEMBL271511,Cc1ncoc1-c1nnc(SCCCN2CCc3nc4ccc(C(F)(F)F)cn4c3CC2)n1C,5.70,CHEMBL1143157,2008,CHEMBL931097
CHEMBL271729,Cc1ccc2c(-c3nnc(SCCCN4CCc5nc6ccc(C(F)(F)F)cn6c5CC4)n3C)cccc2n1,5.30,CHEMBL1143157,2008,CHEMBL931097
CHEMBL272588,Cc1ncoc1-c1nnc(SCCCN2CCc3nc4cc(C(F)(F)F)ccn4c3CC2)n1C,6.10,CHEMBL1143157,2008,CHEMBL931097
CHEMBL411293,Cc1ccc2c(-c3nnc(SCCCN4CCc5nc6cc(C(F)(F)F)ccn6c5CC4)n3C)cccc2n1,6.60,CHEMBL1143157,2008,CHEMBL931097
CHEMBL406678,Cc1ccc2c(-c3nnc(SCCCN4CCc5nc6ccccn6c5CC4)n3C)cccc2n1,5.60,CHEMBL1143157,2008,CHEMBL931097
CHEMBL257716,Cc1ccc2c(-c3nnc(SCCCN4CCc5nc6ccc(Cl)cn6c5CC4)n3C)cccc2n1,5.80,CHEMBL1143157,2008,CHEMBL931097
CHEMBL256658,Cc1ccc2nc3c(n2c1)CCN(CCCSc1nnc(-c2cccc4nc(C)ccc24)n1C)CC3,5.60,CHEMBL1143157,2008,CHEMBL931097
CHEMBL257717,Cc1ccn2c3c(nc2c1)CCN(CCCSc1nnc(-c2cccc4nc(C)ccc24)n1C)CC3,6.60,CHEMBL1143157,2008,CHEMBL931097
CHEMBL403804,CCc1nc2ccc3c(c2s1)CCN(CCCSc1nnc(-c2ocnc2C)n1C)CC3,5.50,CHEMBL1143157,2008,CHEMBL931097
CHEMBL256442,CCc1nc2ccc3c(c2s1)CCN(CCCSc1nnc(-c2cccc4nc(C)ccc24)n1C)CC3,6.80,CHEMBL1143157,2008,CHEMBL931097
CHEMBL255220,Cc1nc2ccc3c(c2s1)CCN(CCCSc1nnc(-c2ocnc2C)n1C)CC3,4.90,CHEMBL1143157,2008,CHEMBL931097
CHEMBL271909,Cc1ccc2c(-c3nnc(SCCCN4CCc5ccc6nc(C)sc6c5CC4)n3C)cccc2n1,5.50,CHEMBL1143157,2008,CHEMBL931097
CHEMBL272775,Cc1ncoc1-c1nnc(SCCCN2CCc3ccc4nc(C(C)(F)F)oc4c3CC2)n1C,5.30,CHEMBL1143157,2008,CHEMBL931097
CHEMBL256488,Cc1ccc2c(-c3nnc(SCCCN4CCc5ccc6nc(C(C)(F)F)oc6c5CC4)n3C)cccc2n1,5.60,CHEMBL1143157,2008,CHEMBL931097
CHEMBL256659,Cc1ncoc1-c1nnc(SCCCN2CCc3ccc4nc(C(F)(F)F)oc4c3CC2)n1C,5.30,CHEMBL1143157,2008,CHEMBL931097
CHEMBL404363,Cc1ccc2c(-c3nnc(SCCCN4CCc5ccc6nc(C(F)(F)F)oc6c5CC4)n3C)cccc2n1,6.00,CHEMBL1143157,2008,CHEMBL931097
CHEMBL408479,CN(C)S(=O)(=O)N(C)[C@@H]1CCCn2c1nc(C(=O)NCc1ccc(F)cc1)c(O)c2=O,4.70,CHEMBL1143246,2008,CHEMBL932292
CHEMBL271066,Cc1ccc2c(-c3nnc(SCCCN4CCc5cc6c(cc5CC4)OCC(=O)N6)n3C)cccc2n1,8.20,CHEMBL1142271,2008,CHEMBL948183
CHEMBL408169,Cc1ccc2c(-c3nnc(SCCCN4CCc5cc6c(cc5CC4)OCCN6)n3C)cccc2n1,6.40,CHEMBL1142271,2008,CHEMBL948183
CHEMBL272702,CC(=O)N1CCOc2cc3c(cc21)CCN(CCCSc1nnc(-c2cccc4nc(C)ccc24)n1C)CC3,5.00,CHEMBL1142271,2008,CHEMBL948183
CHEMBL272379,Cc1ccc2c(-c3nnc(SCCCN4CCc5cc6c(cc5CC4)N(S(C)(=O)=O)CCO6)n3C)cccc2n1,5.10,CHEMBL1142271,2008,CHEMBL948183
CHEMBL257534,Cc1ncoc1-c1nnc(SCCCN2CCc3cc4c(cc3CC2)N(C)C(=O)CO4)n1C,4.60,CHEMBL1142271,2008,CHEMBL948183
CHEMBL256652,Cc1ccc2c(-c3nnc(SCCCN4CCc5cc6c(cc5CC4)N(C)C(=O)CO6)n3C)cccc2n1,5.30,CHEMBL1142271,2008,CHEMBL948183
CHEMBL257536,Cc1ncoc1-c1nnc(SCCCN2CCc3cc4c(cc3CC2)OCC(=O)N4)n1C,7.20,CHEMBL1142271,2008,CHEMBL948183
CHEMBL401576,Cc1noc2cc3c(cc12)CCN(CCCSc1nnc(-c2ccc(C(F)(F)F)cc2)n1C)CC3,6.90,CHEMBL1142271,2008,CHEMBL948183
CHEMBL403181,CCc1noc2cc3c(cc12)CCN(CCCSc1nnc(-c2cccc4nc(C)ccc24)n1C)CC3,6.00,CHEMBL1142271,2008,CHEMBL948183
CHEMBL256475,Cc1ncoc1-c1nnc(SCCCN2CCc3cc4onc(C)c4cc3CC2)n1C,5.20,CHEMBL1142271,2008,CHEMBL948183
CHEMBL257946,Cc1ccc2c(-c3nnc(SCCCN4CCc5cc6onc(C)c6cc5CC4)n3C)cccc2n1,6.10,CHEMBL1142271,2008,CHEMBL948183
CHEMBL401728,Cc1cc(-c2nc3cc4c(cc3o2)CCN(CCCSc2nnc(-c3ocnc3C)n2C)CC4)n(C)n1,6.00,CHEMBL1142271,2008,CHEMBL948183
CHEMBL270567,Cc1ccc2c(-c3nnc(SCCCN4CCc5cc6nc(-c7cc(C)nn7C)oc6cc5CC4)n3C)cccc2n1,6.30,CHEMBL1142271,2008,CHEMBL948183
CHEMBL271083,Cc1ncoc1-c1nnc(SCCCN2CCc3cc4nc(C(F)(F)C(F)(F)F)oc4cc3CC2)n1C,6.70,CHEMBL1142271,2008,CHEMBL948183
CHEMBL270227,Cc1ccc2c(-c3nnc(SCCCN4CCc5cc6nc(C(F)(F)C(F)(F)F)oc6cc5CC4)n3C)cccc2n1,7.00,CHEMBL1142271,2008,CHEMBL948183
CHEMBL255620,Cc1ccc2c(-c3nnc(SCCCN4CCc5cc6nc(N(C)C)oc6cc5CC4)n3C)cccc2n1,4.70,CHEMBL1142271,2008,CHEMBL948183
CHEMBL255826,Cc1ccc2c(-c3nnc(SCCCN4CCc5cc6nc(N7CCCCC7)oc6cc5CC4)n3C)cccc2n1,5.30,CHEMBL1142271,2008,CHEMBL948183
CHEMBL255619,Cc1ncoc1-c1nnc(SCCCN2CCc3cc4nc(CC5CC5)oc4cc3CC2)n1C,6.00,CHEMBL1142271,2008,CHEMBL948183
CHEMBL273166,Cc1ccc2c(-c3nnc(SCCCN4CCc5cc6nc(CC7CC7)oc6cc5CC4)n3C)cccc2n1,5.90,CHEMBL1142271,2008,CHEMBL948183
CHEMBL256473,Cc1ccc2c(-c3nnc(SCCCN4CCc5cc6nc(C(C)(F)F)oc6cc5CC4)n3C)cccc2n1,5.90,CHEMBL1142271,2008,CHEMBL948183
CHEMBL258090,Cc1ccc2c(-c3nnc(SCCCN4CCc5cc6nc(CC(F)(F)F)oc6cc5CC4)n3C)cccc2n1,5.60,CHEMBL1142271,2008,CHEMBL948183
CHEMBL402016,Cc1ccc2c(-c3nnc(SCCCN4CCc5cc6nc(C(F)(F)F)oc6cc5CC4)n3C)cccc2n1,6.00,CHEMBL1142271,2008,CHEMBL948183
CHEMBL256651,CCc1nc2cc3c(cc2o1)CCN(CCCSc1nnc(-c2ccc(F)c(F)c2)n1C)CC3,5.90,CHEMBL1142271,2008,CHEMBL948183
CHEMBL271096,CCc1nc2cc3c(cc2o1)CCN(CCCSc1nnc(-c2ccc(C(F)(F)F)cc2)n1C)CC3,6.60,CHEMBL1142271,2008,CHEMBL948183
CHEMBL272302,CCc1nc2cc3c(cc2o1)CCN(CCCSc1nnc(-c2cccnc2)n1C)CC3,4.80,CHEMBL1142271,2008,CHEMBL948183
CHEMBL269995,Cc1nc2cc3c(cc2o1)CCN(CCCSc1nnc(-c2ccc(F)c(F)c2)n1C)CC3,5.00,CHEMBL1142271,2008,CHEMBL948183
CHEMBL439065,Cc1nc2cc3c(cc2o1)CCN(CCCSc1nnc(-c2ccc(C(F)(F)F)cc2)n1C)CC3,5.40,CHEMBL1142271,2008,CHEMBL948183
CHEMBL256653,Cc1nc2cc3c(cc2o1)CCN(CCCSc1nnc(-c2cccnc2)n1C)CC3,4.30,CHEMBL1142271,2008,CHEMBL948183
CHEMBL429132,Cc1ccc2c(-c3nnc(SCCCN4CCc5cc6nc(C(C)(C)C)oc6cc5CC4)n3C)cccc2n1,6.10,CHEMBL1142271,2008,CHEMBL948183
CHEMBL272695,Cc1ccc2c(-c3nnc(SCCCN4CCc5cc6nc(C7CC7)oc6cc5CC4)n3C)cccc2n1,6.00,CHEMBL1142271,2008,CHEMBL948183
CHEMBL256016,Cc1ncoc1-c1nnc(SCCCN2CCc3cc4nc(C(C)C)oc4cc3CC2)n1C,5.40,CHEMBL1142271,2008,CHEMBL948183
CHEMBL256015,Cc1ccc2c(-c3nnc(SCCCN4CCc5cc6nc(C(C)C)oc6cc5CC4)n3C)cccc2n1,5.70,CHEMBL1142271,2008,CHEMBL948183
CHEMBL402826,CCCc1nc2cc3c(cc2o1)CCN(CCCSc1nnc(-c2cccc4nc(C)ccc24)n1C)CC3,6.20,CHEMBL1142271,2008,CHEMBL948183
CHEMBL272546,CCc1nc2cc3c(cc2o1)CCN(CCCSc1nnc(-c2ocnc2C)n1C)CC3,5.20,CHEMBL1142271,2008,CHEMBL948183
CHEMBL272545,CCc1nc2cc3c(cc2o1)CCN(CCCSc1nnc(-c2cccc4nc(C)ccc24)n1C)CC3,5.30,CHEMBL1142271,2008,CHEMBL948183
CHEMBL271844,Cc1ccc2c(-c3nnc(SCCCN4CCc5cc6ncoc6cc5CC4)n3C)cccc2n1,5.40,CHEMBL1142271,2008,CHEMBL948183
CHEMBL255621,Cc1ncoc1-c1nnc(SCCCN2CCc3cc4ncoc4cc3CC2)n1C,5.20,CHEMBL1142271,2008,CHEMBL948183
CHEMBL255827,Cc1nc2cc3c(cc2o1)CCN(CCCSc1nnc(-c2ocnc2C)n1C)CC3,4.50,CHEMBL1142271,2008,CHEMBL948183
CHEMBL255618,Cc1ccc2c(-c3nnc(SCCC(C)N4CCc5cc6nc(C(F)(F)F)oc6c(Br)c5CC4)n3C)cccc2n1,5.70,CHEMBL1142271,2008,CHEMBL948183
CHEMBL255417,CCc1nc2cc3c(c(Br)c2o1)CCN(C(C)CCSc1nnc(-c2cccc4nc(C)ccc24)n1C)CC3,5.50,CHEMBL1142271,2008,CHEMBL948183
CHEMBL273165,Cc1ccc2c(-c3nnc(SCCC(C)N4CCc5cc6nc(C)oc6c(Br)c5CC4)n3C)cccc2n1,5.00,CHEMBL1142271,2008,CHEMBL948183
CHEMBL257525,Cc1ccc2c(-c3nnc(SCCC(C)N4CCc5cc6nc(C(F)(F)F)oc6c(C)c5CC4)n3C)cccc2n1,6.00,CHEMBL1142271,2008,CHEMBL948183
CHEMBL257524,CCc1nc2cc3c(c(C)c2o1)CCN(C(C)CCSc1nnc(-c2cccc4nc(C)ccc24)n1C)CC3,5.40,CHEMBL1142271,2008,CHEMBL948183
CHEMBL270239,Cc1ccc2c(-c3nnc(SCCC(C)N4CCc5cc6nc(C)oc6c(C)c5CC4)n3C)cccc2n1,4.90,CHEMBL1142271,2008,CHEMBL948183
CHEMBL257900,Cc1ccc2c(-c3nnc(SCCN4CCc5cc6nc(C(F)(F)F)oc6c(C)c5CC4)n3C)cccc2n1,6.40,CHEMBL1142271,2008,CHEMBL948183
CHEMBL401777,CCc1nc2cc3c(c(C)c2o1)CCN(CCSc1nnc(-c2cccc4nc(C)ccc24)n1C)CC3,5.60,CHEMBL1142271,2008,CHEMBL948183
CHEMBL257901,Cc1ccc2c(-c3nnc(SCCN4CCc5cc6nc(C)oc6c(C)c5CC4)n3C)cccc2n1,4.90,CHEMBL1142271,2008,CHEMBL948183
CHEMBL408208,Cc1ccc2c(-c3nnc(SCCN4CCc5cc6nc(C(F)(F)F)oc6c(Br)c5CC4)n3C)cccc2n1,6.20,CHEMBL1142271,2008,CHEMBL948183
CHEMBL272378,CCc1nc2cc3c(c(Br)c2o1)CCN(CCSc1nnc(-c2cccc4nc(C)ccc24)n1C)CC3,5.60,CHEMBL1142271,2008,CHEMBL948183
CHEMBL402015,Cc1ccc2c(-c3nnc(SCCN4CCc5cc6nc(C)oc6c(Br)c5CC4)n3C)cccc2n1,5.20,CHEMBL1142271,2008,CHEMBL948183
CHEMBL256650,Cc1ccc2c(-c3nnc(SCCN4CCc5cc6nc(C)oc6cc5CC4)n3C)cccc2n1,4.30,CHEMBL1142271,2008,CHEMBL948183
CHEMBL271097,Cc1ccc2c(-c3nnc(SCCCCN4CCc5cc6nc(C(F)(F)F)oc6c(C)c5CC4)n3C)cccc2n1,6.60,CHEMBL1142271,2008,CHEMBL948183
CHEMBL269994,CCc1nc2cc3c(c(C)c2o1)CCN(CCCCSc1nnc(-c2cccc4nc(C)ccc24)n1C)CC3,5.80,CHEMBL1142271,2008,CHEMBL948183
CHEMBL256481,Cc1ccc2c(-c3nnc(SCCCCN4CCc5cc6nc(C)oc6c(C)c5CC4)n3C)cccc2n1,5.80,CHEMBL1142271,2008,CHEMBL948183
CHEMBL257369,Cc1ccc2c(-c3nnc(SCCCCN4CCc5cc6nc(C(F)(F)F)oc6c(Br)c5CC4)n3C)cccc2n1,6.60,CHEMBL1142271,2008,CHEMBL948183
CHEMBL256482,CCc1nc2cc3c(c(Br)c2o1)CCN(CCCCSc1nnc(-c2cccc4nc(C)ccc24)n1C)CC3,5.80,CHEMBL1142271,2008,CHEMBL948183
CHEMBL271072,Cc1ccc2c(-c3nnc(SCCCCN4CCc5cc6nc(C)oc6c(Br)c5CC4)n3C)cccc2n1,5.30,CHEMBL1142271,2008,CHEMBL948183
CHEMBL271073,Cc1nc2cc3c(cc2o1)CCN(CCCCSc1nnc(-c2ocnc2C)n1C)CC3,4.30,CHEMBL1142271,2008,CHEMBL948183
CHEMBL402087,Cc1ccc2c(-c3nnc(SCCCN4CCc5cc6nc(C(C)(C)C)oc6c(C)c5CC4)n3C)cccc2n1,6.60,CHEMBL1142271,2008,CHEMBL948183
CHEMBL401752,CCc1nc2cc3c(c(C)c2o1)CCN(CCCSc1nnc(-c2cccc4nc(C)ccc24)n1C)CC3,6.30,CHEMBL1142271,2008,CHEMBL948183
CHEMBL272694,Cc1ccc2c(-c3nnc(SCCCN4CCc5cc6nc(C)oc6c(C)c5CC4)n3C)cccc2n1,5.30,CHEMBL1142271,2008,CHEMBL948183
CHEMBL255566,Cc1ccc2c(-c3nnc(SCCCN4CCc5cc6nc(C(C)(C)C)oc6c(Br)c5CC4)n3C)cccc2n1,6.40,CHEMBL1142271,2008,CHEMBL948183
CHEMBL255778,CCc1nc2cc3c(c(Br)c2o1)CCN(CCCSc1nnc(-c2cccc4nc(C)ccc24)n1C)CC3,5.90,CHEMBL1142271,2008,CHEMBL948183
CHEMBL255806,Cc1ccc2c(-c3nnc(SCCCN4CCc5cc6nc(C)oc6c(Br)c5CC4)n3C)cccc2n1,5.60,CHEMBL1142271,2008,CHEMBL948183
CHEMBL255567,CCc1nc2cc3c(cc2s1)CCN(CCCSc1nnc(-c2ocnc2C)n1C)CC3,5.90,CHEMBL1142271,2008,CHEMBL948183
CHEMBL271631,CCc1nc2cc3c(cc2s1)CCN(CCCSc1nnc(-c2cccc4nc(C)ccc24)n1C)CC3,6.60,CHEMBL1142271,2008,CHEMBL948183
CHEMBL256471,Cc1nc2cc3c(cc2s1)CCN(CCCSc1nnc(-c2ocnc2C)n1C)CC3,5.50,CHEMBL1142271,2008,CHEMBL948183
CHEMBL271632,Cc1ccc2c(-c3nnc(SCCCN4CCc5cc6nc(C)sc6cc5CC4)n3C)cccc2n1,5.60,CHEMBL1142271,2008,CHEMBL948183
CHEMBL256477,CCc1nn(C)c2cc3c(cc12)CCN(CCCSc1nnc(-c2cccc4nc(C)ccc24)n1C)CC3,6.00,CHEMBL1142271,2008,CHEMBL948183
CHEMBL272086,Cc1ccc2c(-c3nnc(SCCC(C)N4CCc5cc6c(cc5CC4)C(=O)N(C(C)C)C6)n3C)cccc2n1,5.60,CHEMBL1142271,2008,CHEMBL948183
CHEMBL272300,Cc1ccc2c(-c3nnc(SCCC(C)N4CCc5cc6c(cc5CC4)C(=O)N(C)C6)n3C)cccc2n1,4.40,CHEMBL1142271,2008,CHEMBL948183
CHEMBL270852,Cc1ccc2c(-c3nnc(SCCCCN4CCc5cc6c(cc5CC4)C(=O)N(C(C)C)C6)n3C)cccc2n1,5.40,CHEMBL1142271,2008,CHEMBL948183
CHEMBL270853,Cc1ccc2c(-c3nnc(SCCCCN4CCc5cc6c(cc5CC4)C(=O)N(C)C6)n3C)cccc2n1,4.50,CHEMBL1142271,2008,CHEMBL948183
CHEMBL272478,Cc1ccc2c(-c3nnc(SCCCN4CCc5cc6c(cc5CC4)C(=O)N(C(C)C)C6)n3C)cccc2n1,5.40,CHEMBL1142271,2008,CHEMBL948183
CHEMBL273199,Cc1cc2c(-c3nnc(SCCCN4CCc5ccc(-c6cc(C)nn6C)cc5CC4)n3C)cccc2cn1,5.70,CHEMBL1142271,2008,CHEMBL948183
CHEMBL85606,N#Cc1ccc2c(c1)CCN(CC[C@H]1CC[C@H](NC(=O)c3ccnc4ccccc34)CC1)C2,5.70,CHEMBL1142271,2008,CHEMBL948183
CHEMBL439304,O=C(c1ccc(O)cc1OC[C@@H](O)CN1CCC2(CC1)Cc1cc(Cl)ccc1O2)N1C[C@H](O)CO1,7.60,CHEMBL1142336,2008,CHEMBL948146
CHEMBL411651,COc1ccccc1Oc1cccc(CN2CCC3(CC2)CCN(C(=O)c2cccc[n+]2[O-])CC3)c1,4.82,CHEMBL1142336,2008,CHEMBL948146
CHEMBL272022,COc1ccccc1Oc1cccc(CN2CCC3(CC2)CCN(C(=O)c2cc[n+]([O-])cc2)CC3)c1,5.07,CHEMBL1142336,2008,CHEMBL948146
CHEMBL409849,O=C(c1cc[n+]([O-])cc1)N1CCC2(CCN(Cc3cccc(Oc4ccccc4)c3)CC2)CC1,4.85,CHEMBL1142336,2008,CHEMBL948146
CHEMBL410885,O=C(c1ccncn1)N1CCC2(CCN(Cc3cccc(Oc4ccccc4)c3)CC2)CC1,5.85,CHEMBL1142336,2008,CHEMBL948146
CHEMBL271801,O=C(c1ccncc1)N1CCC2(CCN(Cc3cccc(Oc4ccccc4)c3)CC2)CC1,6.44,CHEMBL1142336,2008,CHEMBL948146
CHEMBL409648,COc1ccccc1Oc1cccc(CN2CCC3(CC2)CCN(C(=O)c2ccc(Cl)cc2)CC3)c1,7.00,CHEMBL1142336,2008,CHEMBL948146
CHEMBL429436,O=C(c1ccc(Cl)cc1)N1CCC2(CCN(Cc3cccc(Oc4ccccc4)c3)CC2)CC1,7.09,CHEMBL1142336,2008,CHEMBL948146
CHEMBL270969,COc1ccccc1Oc1ccccc1CN1CCC2(CC1)CCN(C(=O)c1cccc[n+]1[O-])CC2,5.72,CHEMBL1142336,2008,CHEMBL948146
CHEMBL270971,COc1ccccc1Oc1ccccc1CN1CCC2(CC1)CCN(C(=O)c1cc[n+]([O-])cc1)CC2,6.68,CHEMBL1142336,2008,CHEMBL948146
CHEMBL271128,COc1ccccc1Oc1ccccc1CN1CCC2(CC1)CCN(C(=O)c1ccncc1)CC2,7.52,CHEMBL1142336,2008,CHEMBL948146
CHEMBL271127,COc1ccccc1Oc1ccccc1CN1CCC2(CC1)CCN(C(=O)c1ccccn1)CC2,6.92,CHEMBL1142336,2008,CHEMBL948146
CHEMBL271768,O=C(c1ccncc1)N1CCC2(CCN(Cc3ccccc3Oc3ccccc3)CC2)CC1,7.68,CHEMBL1142336,2008,CHEMBL948146
CHEMBL409224,COc1ccccc1Oc1ccccc1CN1CCC2(CC1)CCN(C(=O)c1ccc(Cl)cc1)CC2,8.60,CHEMBL1142336,2008,CHEMBL948146
CHEMBL259243,O=C(c1ccc(Cl)cc1)N1CCC2(CCN(Cc3ccccc3Oc3ccccc3)CC2)CC1,8.19,CHEMBL1142336,2008,CHEMBL948146
CHEMBL272336,Cc1oc(-c2ccc(Cl)cc2)nc1CCOc1cccc(C[C@@H]2C(=O)N(c3ccc(C(C)(C)C)cc3)[C@@H]2C(=O)O)c1,5.89,CHEMBL1142250,2008,CHEMBL933193
CHEMBL257517,COc1ccc(-c2nc(CCOc3cccc(C[C@@H]4C(=O)N(c5ccc(C(C)(C)C)cc5)[C@@H]4C(=O)O)c3)c(C)o2)cc1,5.50,CHEMBL1142250,2008,CHEMBL933193
CHEMBL429734,Cc1oc(-c2cccc(Cl)c2)nc1CCOc1cccc(C[C@@H]2C(=O)N(c3ccc(C(C)(C)C)cc3)[C@@H]2C(=O)O)c1,5.75,CHEMBL1142250,2008,CHEMBL933193
CHEMBL404646,COc1cccc(-c2nc(CCOc3cccc(C[C@@H]4C(=O)N(c5ccc(C(C)(C)C)cc5)[C@@H]4C(=O)O)c3)c(C)o2)c1,5.68,CHEMBL1142250,2008,CHEMBL933193
CHEMBL256468,Cc1oc(-c2ccccc2)nc1CCOc1ccc(C[C@@H]2C(=O)N(c3ccc(C(C)(C)C)cc3)[C@@H]2C(=O)O)cc1,4.74,CHEMBL1142250,2008,CHEMBL933193
CHEMBL255389,Cc1oc(-c2ccccc2)nc1CCOc1cccc(C[C@@H]2C(=O)N(c3ccc(C(C)(C)C)cc3)[C@@H]2C(=O)O)c1,5.21,CHEMBL1142250,2008,CHEMBL933193
CHEMBL411118,COc1ccc(N2C(=O)[C@@H](Cc3ccc(OCCc4nc(-c5ccccc5)oc4C)cc3)[C@H]2C(=O)O)cc1,4.27,CHEMBL1142250,2008,CHEMBL933193
CHEMBL258132,CN(C)C(=O)C(N)c1ccc(C(=O)Nc2cc(-c3cccs3)ccc2N)cc1,5.17,CHEMBL1142361,2008,CHEMBL934350
CHEMBL402911,CCOC(=O)C(N)c1ccc(C(=O)Nc2cc(-c3cccs3)ccc2N)cc1,5.24,CHEMBL1142361,2008,CHEMBL934350
CHEMBL270467,Cc1cc(C)n(-c2cc(NC(=O)CN3CCN(C)CC3)nc(-c3ccc(C)o3)n2)n1,6.02,CHEMBL1142327,2008,CHEMBL949251
CHEMBL270314,Cc1cc(C)n(-c2cc(NC(=O)CCN3CC[C@H](N(C)C)C3)nc(-c3ccc(C)o3)n2)n1,5.64,CHEMBL1142327,2008,CHEMBL949251
CHEMBL410234,Cc1cc(C)n(-c2cc(NC(=O)CCN(C)C)nc(-c3ccc(C)o3)n2)n1,6.19,CHEMBL1142327,2008,CHEMBL949251
CHEMBL272637,Cc1cc(C)n(-c2cc(NC(=O)CN3CC[C@@H](CN(C)C)C3)nc(-c3ccc(C)o3)n2)n1,6.00,CHEMBL1142327,2008,CHEMBL949251
CHEMBL429761,Cc1cc(C)n(-c2cc(NC(=O)CN3CC[C@H](CN(C)C)C3)nc(-c3ccc(C)o3)n2)n1,5.73,CHEMBL1142327,2008,CHEMBL949251
CHEMBL409229,CCN[C@H]1CCN(CC(=O)Nc2cc(-n3nc(C)cc3C)nc(-c3ccc(C)o3)n2)C1,6.38,CHEMBL1142327,2008,CHEMBL949251
CHEMBL271606,Cc1cc(C)n(-c2cc(NC(=O)CN3CC[C@H](N(C)C)C3)nc(-c3ccc(C)o3)n2)n1,6.22,CHEMBL1142327,2008,CHEMBL949251
CHEMBL272679,Cc1cc(C)n(-c2cc(NC(=O)CC3CCN(C)CC3)nc(-c3ccc(C)o3)n2)n1,5.38,CHEMBL1142327,2008,CHEMBL949251
CHEMBL409459,Cc1cc(C)n(-c2cc(NC(=O)CN3CCC(CN(C)C)CC3)nc(-c3ccc(C)o3)n2)n1,5.78,CHEMBL1142327,2008,CHEMBL949251
CHEMBL409419,Cc1cc(C)n(-c2cc(NC(=O)CN3CCCN(C)CC3)nc(-c3ccc(C)o3)n2)n1,6.54,CHEMBL1142327,2008,CHEMBL949251
CHEMBL437206,C[C@H](c1nc(-c2ccc(S(C)(=O)=O)cc2Cl)no1)[C@H](N)C(=O)N1CCCC1.O=C(O)C(F)(F)F,4.43,CHEMBL1143883,2008,CHEMBL933468
CHEMBL402163,CS(=O)(=O)c1ccc(-c2noc([C@@H](CC3CC3)[C@H](N)C(F)=C3CCCC3)n2)c(Cl)c1.O=C(O)C(F)(F)F,5.15,CHEMBL1143883,2008,CHEMBL933468
CHEMBL445674,CS(=O)(=O)c1ccc(-c2noc([C@@H](CCO)[C@H](N)C(F)=C3CCCC3)n2)c(Cl)c1.O=C(O)C(F)(F)F,4.33,CHEMBL1143883,2008,CHEMBL933468
CHEMBL257023,CC(c1nc(-c2ccc(S(C)(=O)=O)cc2Cl)no1)[C@H](N)C(F)=C1CCCC1.O=C(O)C(F)(F)F,4.72,CHEMBL1143883,2008,CHEMBL933468
CHEMBL410832,COC1OC2(CCN(Cc3ccccc3)CC2)c2cnn(-c3ccccc3)c21,9.39,CHEMBL1143959,2008,CHEMBL922329
CHEMBL259732,CCCCN1CCC2(CC1)OC(OC)c1c2cnn1-c1ccccc1,9.19,CHEMBL1143959,2008,CHEMBL922329
CHEMBL258175,CC(C)N1CCN(Cc2cnc(-c3ccc(C(=O)Nc4ccccc4N)cc3)c(Cl)c2)CC1,5.15,CHEMBL1144843,2008,CHEMBL927950
CHEMBL258177,CC(C)N1CCN(Cc2cnc(-c3ccc(C(=O)Nc4ccccc4N)cc3)c(C#N)c2)CC1,4.72,CHEMBL1144843,2008,CHEMBL927950
CHEMBL402542,CCN1CCN(Cc2cnc(-c3ccc(C(=O)Nc4ccccc4N)cc3)c(Cl)c2)CC1,5.08,CHEMBL1144843,2008,CHEMBL927950
CHEMBL255245,Nc1ccccc1NC(=O)c1ccc(-c2ncc(CN3CCC3)cc2Cl)cc1,4.65,CHEMBL1144843,2008,CHEMBL927950
CHEMBL261592,Cc1cc2cc(Nc3ncnn4cc(-c5nnc(C)o5)c(C(C)C)c34)cnc2[nH]1,5.18,CHEMBL1145598,2008,CHEMBL929420
CHEMBL262341,O=C1N=CC=C2N=C(c3ccc(CN4CCC(c5n[nH]c(-c6ccccn6)n5)CC4)cc3)C(c3ccccc3)=CC12,5.25,CHEMBL1143097,2008,CHEMBL937425
CHEMBL472,COc1ccc(Cl)cc1C(=O)NCCc1ccc(S(=O)(=O)NC(=O)NC2CCCCC2)cc1,4.13,CHEMBL1157138,2008,CHEMBL988126
CHEMBL43,COc1cc(NS(C)(=O)=O)ccc1Nc1c2ccccc2nc2ccccc12,6.68,CHEMBL1157138,2008,CHEMBL988126
CHEMBL715,Cc1cc2c(s1)Nc1ccccc1N=C2N1CCN(C)CC1,6.74,CHEMBL1157138,2008,CHEMBL988126
CHEMBL428411,Cc1nccn1C[C@H]1CCc2c(c3ccccc3n2C)C1=O,6.09,CHEMBL1157138,2008,CHEMBL988126
CHEMBL513608,CN(C)c1cn(-c2ccc(F)cc2)c2ccc(Cl)cc12,7.96,CHEMBL1157138,2008,CHEMBL988126
CHEMBL362103,CCC[S+]([O-])CCCN(CC)CC(O)COc1ccc(C#N)cc1,8.30,CHEMBL1157138,2008,CHEMBL988126
CHEMBL540359,CC(C)OC(=O)c1ccc(NC(=O)N[C@@H](Cc2ccc(O)cc2)C(=O)N[C@H]2CCC[N+](C)(Cc3cccc(O)c3)C2)cc1.[I-],5.60,CHEMBL1156633,2008,CHEMBL996060
CHEMBL472363,O=C(COc1cccc(Cl)c1)NC1CCN(Cc2ccn(-c3ccc(C(F)(F)F)cc3)c2)CC1,6.25,CHEMBL1156734,2008,CHEMBL973619
CHEMBL512185,O=C(COc1cccc(Cl)c1)NC1CCN(Cc2ccn(-c3ccc(OC(F)(F)F)cc3)c2)CC1,6.31,CHEMBL1156734,2008,CHEMBL973619
CHEMBL496770,Clc1ccc(-n2c(-c3ccc(Cl)cc3Cl)nc3c(NN4CCCCC4)ncnc32)cc1,5.57,CHEMBL1139370,2009,CHEMBL1016403
CHEMBL498411,CN1CCN(c2ncnc3c2nc(-c2ccc(Cl)cc2Cl)n3-c2ccc(Cl)cc2)CC1,6.46,CHEMBL1139370,2009,CHEMBL1016403
CHEMBL496555,CN1CCN(c2ncnc3c2nc(-c2ccccc2Cl)n3-c2ccc(Cl)cc2)CC1,6.20,CHEMBL1139370,2009,CHEMBL1016403
CHEMBL497999,CS(=O)(=O)c1ccc(OCC2CC2)c(C(=O)N2CCN(c3ccc(C#N)cc3F)CC2)c1,6.22,CHEMBL1141693,2008,CHEMBL1006160
CHEMBL497171,CCCCNc1nccc2[nH]c3ccccc3c12,5.80,CHEMBL1141701,2008,CHEMBL1008798
CHEMBL454407,CN1C(=O)[C@@H](CN2CCCCC2)C[C@H]1C#Cc1ccccc1,5.16,CHEMBL1153277,2009,CHEMBL953566
CHEMBL465956,C[C@@H]1CN(CC2(C(N)=O)CCC2)CCN1S(=O)(=O)c1ccc(C(C)(O)C(F)(F)F)cc1,4.19,CHEMBL1152875,2009,CHEMBL1018632
CHEMBL516636,C[C@@H]1CN(CC2(c3ccc(C(N)=O)cc3)CC2)CCN1S(=O)(=O)c1ccc(C(C)(O)C(F)(F)F)cc1,5.19,CHEMBL1152875,2009,CHEMBL1018632
CHEMBL522964,C[C@@H]1CN(CC2(c3ccncc3)CC2)CCN1S(=O)(=O)c1ccc(C(C)(O)C(F)(F)F)cc1,6.36,CHEMBL1152875,2009,CHEMBL1018632
CHEMBL491679,Cc1nnc(C(C)C)n1C1CCN(C(C)C[C@H](NC(=O)C2CC(F)(F)C2)c2ccccc2)CC1.Cl,5.64,CHEMBL1152883,2009,CHEMBL1019465
CHEMBL489324,Cc1nnc(C(C)C)n1C1CCN(C(C)C[C@H](NC(=O)C2CCC(F)(F)CC2)c2ccccc2)CC1.Cl,5.68,CHEMBL1152883,2009,CHEMBL1019465
CHEMBL526466,N#Cc1ccc2cc1Oc1ccc3c(c1)[C@@H](CC3)N1CC[C@@H](NCc3cncn3C2)C1=O,7.10,CHEMBL1137783,2009,CHEMBL1027667
CHEMBL209821,CC(=O)Nc1cccc(N2CCN(CCCCNS(=O)(=O)CC3CCCCC3)CC2)c1,5.42,CHEMBL1137783,2009,CHEMBL1027667
CHEMBL210537,CC(=O)Nc1cccc(N2CCN(CCCCNS(=O)(=O)c3ccc(C)cc3)CC2)c1,6.52,CHEMBL1137783,2009,CHEMBL1027667
CHEMBL209324,COc1ccccc1N1CCN(CCCCNS(=O)(=O)c2ccc(C)cc2)CC1,5.30,CHEMBL1137783,2009,CHEMBL1027667
CHEMBL317520,N#Cc1ccc(Cn2cncc2CN[C@H]2CCN(C(=O)c3cccc(Cl)c3)C2)cc1,5.24,CHEMBL1137783,2009,CHEMBL1027667
CHEMBL516874,N#Cc1ccc2cc1Oc1ccc3c(c1)[C@@H](CCO3)N1CC[C@@H](NCc3cncn3C2)C1=O,6.82,CHEMBL1137783,2009,CHEMBL1027667
CHEMBL525369,N#Cc1ccc2cc1Oc1ccc3c(c1)[C@@H](CCC3)N1CC[C@@H](NCc3cncn3C2)C1=O,5.16,CHEMBL1137783,2009,CHEMBL1027667
CHEMBL479,CSc1ccc2c(c1)N(CCC1CCCCN1C)c1ccccc1S2,7.48,CHEMBL1137783,2009,CHEMBL1027667
CHEMBL54,O=C(CCCN1CCC(O)(c2ccc(Cl)cc2)CC1)c1ccc(F)cc1,7.57,CHEMBL1137783,2009,CHEMBL1027667
CHEMBL1423,O=c1[nH]c2ccccc2n1C1CCN(CCCC(c2ccc(F)cc2)c2ccc(F)cc2)CC1,7.26,CHEMBL1137783,2009,CHEMBL1027667
CHEMBL42,CN1CCN(C2=Nc3cc(Cl)ccc3Nc3ccccc32)CC1,6.50,CHEMBL1137783,2009,CHEMBL1027667
CHEMBL85,Cc1nc2n(c(=O)c1CCN1CCC(c3noc4cc(F)ccc34)CC1)CCCC2,6.83,CHEMBL1137783,2009,CHEMBL1027667
CHEMBL12713,O=C1NCCN1CCN1CCC(c2cn(-c3ccc(F)cc3)c3ccc(Cl)cc23)CC1,7.83,CHEMBL1137783,2009,CHEMBL1027667
CHEMBL708,O=C1Cc2cc(CCN3CCN(c4nsc5ccccc45)CC3)c(Cl)cc2N1,6.90,CHEMBL1137783,2009,CHEMBL1027667
CHEMBL1088,CN1CCCCC1CCN1c2ccccc2Sc2ccc([S+](C)[O-])cc21,6.50,CHEMBL1137783,2009,CHEMBL1027667
CHEMBL845,Clc1ccc2c(c1)N=C(N1CCNCC1)c1ccccc1N2,5.35,CHEMBL1137783,2009,CHEMBL1027667
CHEMBL1621,Cc1nc2n(c(=O)c1CCN1CCC(c3noc4cc(F)ccc34)CC1)CCCC2O,5.89,CHEMBL1137783,2009,CHEMBL1027667
CHEMBL72,CNCCCN1c2ccccc2CCc2ccccc21,5.86,CHEMBL1137783,2009,CHEMBL1027667
CHEMBL157101,CC(=O)N1CCN(c2ccc(OCC3COC(Cn4ccnc4)(c4ccc(Cl)cc4Cl)O3)cc2)CC1,5.72,CHEMBL1137783,2009,CHEMBL1027667
CHEMBL17157,CC(C)(C)c1ccc(C(O)CCCN2CCC(C(O)(c3ccccc3)c3ccccc3)CC2)cc1,6.67,CHEMBL1137783,2009,CHEMBL1027667
CHEMBL1729,COc1cc(N)c(Cl)cc1C(=O)NC1CCN(CCCOc2ccc(F)cc2)CC1OC,8.17,CHEMBL1137783,2009,CHEMBL1027667
CHEMBL1110,Cc1[nH]cnc1CN1CCc2c(c3ccccc3n2C)C1=O,5.50,CHEMBL1137783,2009,CHEMBL1027667
CHEMBL536480,Cc1cccc(CCN2CCC(C(=O)c3ccc(NS(C)(=O)=O)cc3)CC2)n1.Cl.Cl,7.74,CHEMBL1137783,2009,CHEMBL1027667
CHEMBL715,Cc1cc2c(s1)Nc1ccccc1N=C2N1CCN(C)CC1,6.64,CHEMBL1137783,2009,CHEMBL1027667
CHEMBL1125,Cc1cc2c(s1)Nc1ccccc1N=C2N1CCNCC1,4.85,CHEMBL1137783,2009,CHEMBL1027667
CHEMBL192,CCCc1nn(C)c2c(=O)[nH]c(-c3cc(S(=O)(=O)N4CCN(C)CC4)ccc3OCC)nc12,5.48,CHEMBL1137783,2009,CHEMBL1027667
CHEMBL502560,N#Cc1ccc2cc1Oc1cccc(c1)CN1CC[C@@H](NCc3cncn3C2)C1=O,5.33,CHEMBL1137783,2009,CHEMBL1027667
CHEMBL524909,N#Cc1ccc2cc1Oc1cccc(c1)CN1CC[C@H](NCc3cncn3C2)C1=O,4.96,CHEMBL1137783,2009,CHEMBL1027667
CHEMBL524352,N#Cc1ccc2cc1Oc1cc(Cl)cc(c1)CN1CC[C@@H](NCc3cncn3C2)C1=O,6.66,CHEMBL1137783,2009,CHEMBL1027667
CHEMBL501480,N#Cc1ccc2cc1Oc1cccc(c1)C(c1ccccc1)N1CC[C@@H](NCc3cncn3C2)C1=O,6.50,CHEMBL1137783,2009,CHEMBL1027667
CHEMBL501480,N#Cc1ccc2cc1Oc1cccc(c1)C(c1ccccc1)N1CC[C@@H](NCc3cncn3C2)C1=O,5.54,CHEMBL1137783,2009,CHEMBL1027667
CHEMBL525413,N#Cc1ccc2cc1Oc1cccc(c1)C(c1cccc(Cl)c1)N1CC[C@@H](NCc3cncn3C2)C1=O,7.09,CHEMBL1137783,2009,CHEMBL1027667
CHEMBL525413,N#Cc1ccc2cc1Oc1cccc(c1)C(c1cccc(Cl)c1)N1CC[C@@H](NCc3cncn3C2)C1=O,6.28,CHEMBL1137783,2009,CHEMBL1027667
CHEMBL498042,CC1c2ccc(C#N)c(c2)Oc2cccc(c2)CN2CC[C@@H](NCc3cncn31)C2=O,4.70,CHEMBL1137783,2009,CHEMBL1027667
CHEMBL498042,CC1c2ccc(C#N)c(c2)Oc2cccc(c2)CN2CC[C@@H](NCc3cncn31)C2=O,5.08,CHEMBL1137783,2009,CHEMBL1027667
CHEMBL524997,N#Cc1ccc2cc1Oc1ccc(Br)c(c1)CN1CC[C@@H](NCc3cncn3C2)C1=O,5.34,CHEMBL1137783,2009,CHEMBL1027667
CHEMBL524862,N#Cc1ccc2cc1Oc1cccc(c1)-c1ccccc1N1CC[C@@H](NCc3cncn3C2)C1=O,5.58,CHEMBL1137783,2009,CHEMBL1027667
CHEMBL53821,N#Cc1ccc2cc1Oc1ccc3cccc(c3c1)N1CC[C@H](NCc3cncn3C2)C1=O,4.98,CHEMBL1137783,2009,CHEMBL1027667
CHEMBL496879,N#Cc1ccc2cc1Oc1ccc3cccc(c3c1)N1CC[C@@H](NCc3cncn3C2)C1=O,5.08,CHEMBL1137783,2009,CHEMBL1027667
CHEMBL497048,CN1Cc2cncn2Cc2ccc(C#N)c(c2)Oc2ccc3cccc(c3c2)N2CC[C@H]1C2=O,5.36,CHEMBL1137783,2009,CHEMBL1027667
CHEMBL523080,N#Cc1ccc2cc1Oc1ccc3cccc(c3c1)N1CC[C@H](NC(=O)Cc3cncn3C2)C1=O,5.00,CHEMBL1137783,2009,CHEMBL1027667
CHEMBL524082,N#Cc1ccc2cc1Oc1ccc3cccc(c3c1)N1CC[C@@H](NC(=O)Cc3cncn3C2)C1=O,5.00,CHEMBL1137783,2009,CHEMBL1027667
CHEMBL55826,N#Cc1ccc2cc1Oc1ccc3cccc(c3c1)N1CC[C@H](NCCc3cncn3C2)C1=O,5.09,CHEMBL1137783,2009,CHEMBL1027667
CHEMBL498260,N#Cc1ccc2cc1Oc1ccc3cccc(c3c1)N1CC[C@@H](NCCc3cncn3C2)C1=O,6.68,CHEMBL1137783,2009,CHEMBL1027667
CHEMBL525368,CN1CCc2cncn2Cc2ccc(C#N)c(c2)Oc2ccc3cccc(c3c2)N2CC[C@H]1C2=O,5.31,CHEMBL1137783,2009,CHEMBL1027667
CHEMBL498100,CN1CCc2cncn2Cc2ccc(C#N)c(c2)Oc2ccc3cccc(c3c2)N2CC[C@@H]1C2=O,6.75,CHEMBL1137783,2009,CHEMBL1027667
CHEMBL526466,N#Cc1ccc2cc1Oc1ccc3c(c1)[C@@H](CC3)N1CC[C@@H](NCc3cncn3C2)C1=O,7.10,CHEMBL1137783,2009,CHEMBL1027667
CHEMBL498101,N#Cc1ccc2cc1Oc1ccc3c(c1)[C@@H](CC3)N1CC[C@H](NCc3cncn3C2)C1=O,5.37,CHEMBL1137783,2009,CHEMBL1027667
CHEMBL526656,N#Cc1ccc2cc1Oc1ccc3c(c1)[C@H](CC3)N1CC[C@@H](NCc3cncn3C2)C1=O,5.33,CHEMBL1137783,2009,CHEMBL1027667
CHEMBL523570,N#Cc1ccc2cc1Oc1ccc3c(c1)[C@H](CC3)N1CC[C@H](NCc3cncn3C2)C1=O,5.57,CHEMBL1137783,2009,CHEMBL1027667
CHEMBL496065,CN1Cc2cncn2Cc2ccc(C#N)c(c2)Oc2ccc3c(c2)[C@@H](CC3)N2CC[C@@H]1C2=O,5.58,CHEMBL1137783,2009,CHEMBL1027667
CHEMBL525369,N#Cc1ccc2cc1Oc1ccc3c(c1)[C@@H](CCC3)N1CC[C@@H](NCc3cncn3C2)C1=O,5.16,CHEMBL1137783,2009,CHEMBL1027667
CHEMBL526521,N#Cc1ccc2cc1Oc1ccc3c(c1)[C@@H](CCC3)N1CC[C@H](NCc3cncn3C2)C1=O,4.92,CHEMBL1137783,2009,CHEMBL1027667
CHEMBL516874,N#Cc1ccc2cc1Oc1ccc3c(c1)[C@@H](CCO3)N1CC[C@@H](NCc3cncn3C2)C1=O,6.82,CHEMBL1137783,2009,CHEMBL1027667
CHEMBL465417,N#Cc1ccc2cc1Oc1ccc3c(c1)[C@@H](CCO3)N1CC[C@H](NCc3cncn3C2)C1=O,5.04,CHEMBL1137783,2009,CHEMBL1027667
CHEMBL316502,N#Cc1ccc(Cn2cncc2CN[C@H]2CCN(Cc3ccccc3)C2=O)cc1,5.14,CHEMBL1137783,2009,CHEMBL1027667
CHEMBL312137,N#Cc1ccc(Cn2cncc2CN[C@H]2CCN(Cc3cccc(Cl)c3)C2=O)cc1,6.36,CHEMBL1137783,2009,CHEMBL1027667
CHEMBL99371,N#Cc1ccc(Cn2cncc2CN[C@H]2CCN(c3ccncc3)C2=O)cc1,5.50,CHEMBL1137783,2009,CHEMBL1027667
CHEMBL100566,N#Cc1ccc(Cn2cncc2CN[C@H]2CCN(c3cccc4ncccc34)C2=O)cc1,5.09,CHEMBL1137783,2009,CHEMBL1027667
CHEMBL483964,N#Cc1ccc(Cn2cncc2CN[C@H]2CCN(C(=O)c3cccc(Cl)c3)C2=O)cc1,5.24,CHEMBL1137783,2009,CHEMBL1027667
CHEMBL483805,Cc1ncccc1C(=O)N1CC[C@H](NCc2cncn2Cc2ccc(C#N)cc2)C1=O,5.00,CHEMBL1137783,2009,CHEMBL1027667
CHEMBL484816,N#Cc1ccc(Cn2cncc2CN[C@H]2CCN(C(=O)c3cccnc3N)C2=O)cc1,4.30,CHEMBL1137783,2009,CHEMBL1027667
CHEMBL485161,N#Cc1ccc(Cn2cncc2CN[C@H]2CCN(C(=O)c3cccnc3O)C2=O)cc1,4.30,CHEMBL1137783,2009,CHEMBL1027667
CHEMBL485162,COc1ncccc1C(=O)N1CC[C@H](NCc2cncn2Cc2ccc(C#N)cc2)C1=O,4.68,CHEMBL1137783,2009,CHEMBL1027667
CHEMBL483810,N#Cc1ccc(Cn2cncc2CN[C@H]2CCN(C(=O)c3cccnc3S)C2=O)cc1,4.96,CHEMBL1137783,2009,CHEMBL1027667
CHEMBL502288,CSc1ncccc1C(=O)N1CC[C@H](NCc2cncn2Cc2ccc(C#N)cc2)C1=O,5.11,CHEMBL1137783,2009,CHEMBL1027667
CHEMBL500945,CCSc1ncccc1C(=O)N1CC[C@H](NCc2cncn2Cc2ccc(C#N)cc2)C1=O,4.85,CHEMBL1137783,2009,CHEMBL1027667
CHEMBL500946,N#Cc1ccc(Cn2cncc2CN[C@H]2CCN(C(=O)c3cncc(Br)c3)C2=O)cc1,5.22,CHEMBL1137783,2009,CHEMBL1027667
CHEMBL100415,CCCCN(Cc1cncn1Cc1ccc(C#N)cc1)[C@H]1CCN(Cc2ccccc2)C1=O,6.72,CHEMBL1137783,2009,CHEMBL1027667
CHEMBL327946,N#Cc1ccc(Cn2cncc2CN(Cc2cccnc2)[C@H]2CCN(Cc3ccccc3)C2=O)cc1,6.06,CHEMBL1137783,2009,CHEMBL1027667
CHEMBL329067,N#Cc1ccc(Cn2cncc2CN(CCCc2ccccc2)[C@H]2CCN(Cc3ccccc3)C2=O)cc1,7.62,CHEMBL1137783,2009,CHEMBL1027667
CHEMBL322007,N#Cc1ccc(Cn2cncc2CN(CCCN)[C@H]2CCN(Cc3ccccc3)C2=O)cc1,6.32,CHEMBL1137783,2009,CHEMBL1027667
CHEMBL526277,N#Cc1ccc(Cn2cncc2CN(CCN2CCOCC2)[C@H]2CCN(Cc3ccccc3)C2=O)cc1,6.72,CHEMBL1137783,2009,CHEMBL1027667
CHEMBL522568,N#Cc1ccc(Cn2cncc2CN(CCN2CCNCC2)[C@H]2CCN(Cc3ccccc3)C2=O)cc1,5.96,CHEMBL1137783,2009,CHEMBL1027667
CHEMBL479,CSc1ccc2c(c1)N(CCC1CCCCN1C)c1ccccc1S2,7.48,CHEMBL1137783,2009,CHEMBL1027667
CHEMBL54,O=C(CCCN1CCC(O)(c2ccc(Cl)cc2)CC1)c1ccc(F)cc1,7.57,CHEMBL1137783,2009,CHEMBL1027667
CHEMBL1423,O=c1[nH]c2ccccc2n1C1CCN(CCCC(c2ccc(F)cc2)c2ccc(F)cc2)CC1,7.26,CHEMBL1137783,2009,CHEMBL1027667
CHEMBL42,CN1CCN(C2=Nc3cc(Cl)ccc3Nc3ccccc32)CC1,6.50,CHEMBL1137783,2009,CHEMBL1027667
CHEMBL85,Cc1nc2n(c(=O)c1CCN1CCC(c3noc4cc(F)ccc34)CC1)CCCC2,6.83,CHEMBL1137783,2009,CHEMBL1027667
CHEMBL12713,O=C1NCCN1CCN1CCC(c2cn(-c3ccc(F)cc3)c3ccc(Cl)cc23)CC1,7.83,CHEMBL1137783,2009,CHEMBL1027667
CHEMBL708,O=C1Cc2cc(CCN3CCN(c4nsc5ccccc45)CC3)c(Cl)cc2N1,6.90,CHEMBL1137783,2009,CHEMBL1027667
CHEMBL1088,CN1CCCCC1CCN1c2ccccc2Sc2ccc([S+](C)[O-])cc21,6.50,CHEMBL1137783,2009,CHEMBL1027667
CHEMBL845,Clc1ccc2c(c1)N=C(N1CCNCC1)c1ccccc1N2,5.35,CHEMBL1137783,2009,CHEMBL1027667
CHEMBL1621,Cc1nc2n(c(=O)c1CCN1CCC(c3noc4cc(F)ccc34)CC1)CCCC2O,5.89,CHEMBL1137783,2009,CHEMBL1027667
CHEMBL72,CNCCCN1c2ccccc2CCc2ccccc21,5.86,CHEMBL1137783,2009,CHEMBL1027667
CHEMBL157101,CC(=O)N1CCN(c2ccc(OCC3COC(Cn4ccnc4)(c4ccc(Cl)cc4Cl)O3)cc2)CC1,5.72,CHEMBL1137783,2009,CHEMBL1027667
CHEMBL17157,CC(C)(C)c1ccc(C(O)CCCN2CCC(C(O)(c3ccccc3)c3ccccc3)CC2)cc1,6.67,CHEMBL1137783,2009,CHEMBL1027667
CHEMBL1729,COc1cc(N)c(Cl)cc1C(=O)NC1CCN(CCCOc2ccc(F)cc2)CC1OC,8.17,CHEMBL1137783,2009,CHEMBL1027667
CHEMBL1110,Cc1[nH]cnc1CN1CCc2c(c3ccccc3n2C)C1=O,5.50,CHEMBL1137783,2009,CHEMBL1027667
CHEMBL536480,Cc1cccc(CCN2CCC(C(=O)c3ccc(NS(C)(=O)=O)cc3)CC2)n1.Cl.Cl,7.74,CHEMBL1137783,2009,CHEMBL1027667
CHEMBL715,Cc1cc2c(s1)Nc1ccccc1N=C2N1CCN(C)CC1,6.64,CHEMBL1137783,2009,CHEMBL1027667
CHEMBL1125,Cc1cc2c(s1)Nc1ccccc1N=C2N1CCNCC1,4.85,CHEMBL1137783,2009,CHEMBL1027667
CHEMBL192,CCCc1nn(C)c2c(=O)[nH]c(-c3cc(S(=O)(=O)N4CCN(C)CC4)ccc3OCC)nc12,5.48,CHEMBL1137783,2009,CHEMBL1027667
CHEMBL98553,CC(C)(C)OC(=O)NCCCN(Cc1cncn1Cc1ccc(C#N)cc1)[C@H]1CCN(Cc2ccccc2)C1=O,6.96,CHEMBL1137783,2009,CHEMBL1027667
CHEMBL1110,Cc1[nH]cnc1CN1CCc2c(c3ccccc3n2C)C1=O,5.49,CHEMBL1150324,2008,CHEMBL954102
CHEMBL94664,COc1ccc(C2CCN(CCC3CCOc4ccccc43)CC2)cc1OC,6.70,CHEMBL1150324,2008,CHEMBL954102
CHEMBL715,Cc1cc2c(s1)Nc1ccccc1N=C2N1CCN(C)CC1,6.74,CHEMBL1150324,2008,CHEMBL954102
CHEMBL61301,Fc1ccc(Cn2c(NC3CCNCC3)nc3ccccc32)cc1,7.55,CHEMBL1150324,2008,CHEMBL954102
CHEMBL416956,OC(c1cc(C(F)(F)F)nc2c(C(F)(F)F)cccc12)C1CCCCN1,5.25,CHEMBL1150324,2008,CHEMBL954102
CHEMBL498572,O=C(OC1CC2CC3CC(C1)N2CC3O)c1c[nH]c2ccccc12,5.23,CHEMBL1150324,2008,CHEMBL954102
CHEMBL41,CNCCC(Oc1ccc(C(F)(F)F)cc1)c1ccccc1,5.82,CHEMBL1150324,2008,CHEMBL954102
CHEMBL652,O=C(NCC1CCCCN1)c1cc(OCC(F)(F)F)ccc1OCC(F)(F)F,5.41,CHEMBL1150324,2008,CHEMBL954102
CHEMBL1108,O=C(CCCN1CC=C(n2c(=O)[nH]c3ccccc32)CC1)c1ccc(F)cc1,7.49,CHEMBL1150324,2008,CHEMBL954102
CHEMBL60796,Oc1ccc(CCN2CCC(Nc3nc4ccccc4n3Cc3ccc(F)cc3)CC2)cc1,9.00,CHEMBL1150324,2008,CHEMBL954102
CHEMBL549,CN(C)CCCC1(c2ccc(F)cc2)OCc2cc(C#N)ccc21,5.40,CHEMBL1150324,2008,CHEMBL954102
CHEMBL17423,COc1ccc(C(=O)N2CCN(c3ccc4c(c3)CCC(=O)N4)CC2)cc1OC,5.96,CHEMBL1150324,2008,CHEMBL954102
CHEMBL6966,COc1ccc(CCN(C)CCCC(C#N)(c2ccc(OC)c(OC)c2)C(C)C)cc1OC,6.85,CHEMBL1150324,2008,CHEMBL954102
CHEMBL479,CSc1ccc2c(c1)N(CCC1CCCCN1C)c1ccccc1S2,6.44,CHEMBL1150324,2008,CHEMBL954102
CHEMBL96153,COc1ccc(C2CCN(CC[C@H]3CCOc4ccccc43)CC2)cc1OC,6.60,CHEMBL1150324,2008,CHEMBL954102
CHEMBL17157,CC(C)(C)c1ccc(C(O)CCCN2CCC(C(O)(c3ccccc3)c3ccccc3)CC2)cc1,6.70,CHEMBL1150324,2008,CHEMBL954102
CHEMBL850,C[C@@H]1CN(c2c(F)c(N)c3c(=O)c(C(=O)O)cn(C4CC4)c3c2F)C[C@H](C)N1,4.74,CHEMBL1150324,2008,CHEMBL954102
CHEMBL192,CCCc1nn(C)c2c(=O)[nH]c(-c3cc(S(=O)(=O)N4CCN(C)CC4)ccc3OCC)nc12,5.48,CHEMBL1150324,2008,CHEMBL954102
CHEMBL12713,O=C1NCCN1CCN1CCC(c2cn(-c3ccc(F)cc3)c3ccc(Cl)cc23)CC1,8.00,CHEMBL1150324,2008,CHEMBL954102
CHEMBL85,Cc1nc2n(c(=O)c1CCN1CCC(c3noc4cc(F)ccc34)CC1)CCCC2,6.82,CHEMBL1150324,2008,CHEMBL954102
CHEMBL1294,C=C[C@H]1CN2CC[C@H]1C[C@@H]2[C@@H](O)c1ccnc2ccc(OC)cc12,6.49,CHEMBL1150324,2008,CHEMBL954102
CHEMBL1423,O=c1[nH]c2ccccc2n1C1CCN(CCCC(c2ccc(F)cc2)c2ccc(F)cc2)CC1,7.30,CHEMBL1150324,2008,CHEMBL954102
CHEMBL75880,C1CCC(C(CC2CCCCN2)C2CCCCC2)CC1,5.11,CHEMBL1150324,2008,CHEMBL954102
CHEMBL46,Cc1nccn1CC1CCc2c(c3ccccc3n2C)C1=O,6.09,CHEMBL1150324,2008,CHEMBL954102
CHEMBL845,Clc1ccc2c(c1)N=C(N1CCNCC1)c1ccccc1N2,5.35,CHEMBL1150324,2008,CHEMBL954102
CHEMBL475534,CCOC(=O)C1=C(C)NC(C)=C(C(=O)OC)C1c1cccc([N+](=O)[O-])c1,5.00,CHEMBL1150324,2008,CHEMBL954102
CHEMBL193,COC(=O)C1=C(C)NC(C)=C(C(=O)OC)C1c1ccccc1[N+](=O)[O-],4.30,CHEMBL1150324,2008,CHEMBL954102
CHEMBL94454,CN(c1nccc(=O)[nH]1)C1CCN(c2nc3ccccc3n2Cc2ccc(F)cc2)CC1,6.36,CHEMBL1150324,2008,CHEMBL954102
CHEMBL45816,COCC(=O)O[C@]1(CCN(C)CCCc2nc3ccccc3[nH]2)CCc2cc(F)ccc2[C@@H]1C(C)C,5.84,CHEMBL1150324,2008,CHEMBL954102
CHEMBL1088,CN1CCCCC1CCN1c2ccccc2Sc2ccc([S+](C)[O-])cc21,6.49,CHEMBL1150324,2008,CHEMBL954102
CHEMBL998,CCOC(=O)N1CCC(=C2c3ccc(Cl)cc3CCc3cccnc32)CC1,6.77,CHEMBL1150324,2008,CHEMBL954102
CHEMBL157101,CC(=O)N1CCN(c2ccc(OCC3COC(Cn4ccnc4)(c4ccc(Cl)cc4Cl)O3)cc2)CC1,5.72,CHEMBL1150324,2008,CHEMBL954102
CHEMBL11,CN(C)CCCN1c2ccccc2CCc2ccccc21,5.47,CHEMBL1150324,2008,CHEMBL954102
CHEMBL533,CCCCCCCN(CC)CCCC(O)c1ccc(NS(C)(=O)=O)cc1,8.00,CHEMBL1150324,2008,CHEMBL954102
CHEMBL54,O=C(CCCN1CCC(O)(c2ccc(Cl)cc2)CC1)c1ccc(F)cc1,7.52,CHEMBL1150324,2008,CHEMBL954102
CHEMBL1107,CCCCN(CCCC)CCC(O)c1cc2c(Cl)cc(Cl)cc2c2cc(C(F)(F)F)ccc12,6.70,CHEMBL1150324,2008,CHEMBL954102
CHEMBL583,Cc1c(F)c(N2CCNC(C)C2)cc2c1c(=O)c(C(=O)O)cn2C1CC1,4.30,CHEMBL1150324,2008,CHEMBL954102
CHEMBL1106,NC1=NCC2c3ccccc3Cc3ccccc3N12,4.00,CHEMBL1150324,2008,CHEMBL954102
CHEMBL327980,Cc1cccc(CCN2CCC(C(=O)c3ccc(NS(C)(=O)=O)cc3)CC2)n1,7.70,CHEMBL1150324,2008,CHEMBL954102
CHEMBL2368925,O=C(O[C@@H]1C[C@@H]2C[C@H]3C[C@H](C1)N2CC3=O)c1c[nH]c2ccccc12,4.92,CHEMBL1150324,2008,CHEMBL954102
CHEMBL473,CN(CCOc1ccc(NS(C)(=O)=O)cc1)CCc1ccc(NS(C)(=O)=O)cc1,8.00,CHEMBL1150324,2008,CHEMBL954102
CHEMBL517,CC(C)N(CCC(C(N)=O)(c1ccccc1)c1ccccn1)C(C)C,4.04,CHEMBL1150324,2008,CHEMBL954102
CHEMBL657,CN(C)CCOC(c1ccccc1)c1ccccc1,4.57,CHEMBL1150324,2008,CHEMBL954102
CHEMBL23,COc1ccc([C@@H]2Sc3ccccc3N(CCN(C)C)C(=O)[C@@H]2OC(C)=O)cc1,4.76,CHEMBL1150324,2008,CHEMBL954102
CHEMBL72,CNCCCN1c2ccccc2CCc2ccccc21,5.86,CHEMBL1150324,2008,CHEMBL954102
CHEMBL708,O=C1Cc2cc(CCN3CCN(c4nsc5ccccc45)CC3)c(Cl)cc2N1,6.92,CHEMBL1150324,2008,CHEMBL954102
CHEMBL370805,COC(=O)[C@H]1[C@@H](OC(=O)c2ccccc2)C[C@@H]2CC[C@H]1N2C,5.14,CHEMBL1150324,2008,CHEMBL954102
CHEMBL42,CN1CCN(C2=Nc3cc(Cl)ccc3Nc3ccccc32)CC1,6.49,CHEMBL1150324,2008,CHEMBL954102
CHEMBL1741,CC[C@H]1OC(=O)[C@H](C)[C@@H](O[C@H]2C[C@@](C)(OC)[C@@H](O)[C@H](C)O2)[C@H](C)[C@@H](O[C@@H]2O[C@H](C)C[C@H](N(C)C)[C@H]2O)[C@](C)(OC)C[C@@H](C)C(=O)[C@H](C)[C@@H](O)[C@]1(C)O,4.23,CHEMBL1150324,2008,CHEMBL954102
CHEMBL1729,COc1cc(N)c(Cl)cc1C(=O)NC1CCN(CCCOc2ccc(F)cc2)CC1OC,7.40,CHEMBL1150324,2008,CHEMBL954102
CHEMBL71,CN(C)CCCN1c2ccccc2Sc2ccc(Cl)cc21,5.83,CHEMBL1150324,2008,CHEMBL954102
CHEMBL505,CN(C)CCC(c1ccc(Cl)cc1)c1ccccn1,4.68,CHEMBL1150324,2008,CHEMBL954102
CHEMBL1000,O=C(O)COCCN1CCN(C(c2ccccc2)c2ccc(Cl)cc2)CC1,4.52,CHEMBL1150324,2008,CHEMBL954102
CHEMBL723,COc1ccccc1OCCNCC(O)COc1cccc2[nH]c3ccccc3c12,4.98,CHEMBL1150324,2008,CHEMBL954102
CHEMBL1008,CC(C)COCC(CN(Cc1ccccc1)c1ccccc1)N1CCCC1,6.26,CHEMBL1150324,2008,CHEMBL954102
CHEMBL123558,CN1CCN(CCCCN2C(=O)CN(/N=C/c3ccc(-c4ccc(Cl)cc4)o3)C2=O)CC1,5.85,CHEMBL1150324,2008,CHEMBL954102
CHEMBL296419,COc1ccc(CCN2CCC(Nc3nc4ccccc4n3Cc3ccc(F)cc3)CC2)cc1,8.00,CHEMBL1150324,2008,CHEMBL954102
CHEMBL629,CN(C)CCC=C1c2ccccc2CCc2ccccc21,5.00,CHEMBL1150324,2008,CHEMBL954102
CHEMBL633,CCCCc1oc2ccccc2c1C(=O)c1cc(I)c(OCCN(CC)CC)c(I)c1,5.00,CHEMBL1150324,2008,CHEMBL954102
CHEMBL521851,CS(=O)(=O)N1CCN(Cc2cc3nc(-c4cccc5[nH]ncc45)nc(N4CCOCC4)c3s2)CC1,4.19,CHEMBL1140078,2008,CHEMBL980868
CHEMBL492447,C1=C(c2ccccc2)c2ccccc2OC12CCNCC2,6.17,CHEMBL1140111,2008,CHEMBL989030
CHEMBL494480,CCN(CC)C(=O)c1ccc(C2=CC3(CCNCC3)Oc3cccc(O)c32)cc1,4.11,CHEMBL1140111,2008,CHEMBL989030
CHEMBL494479,CCN(CC)C(=O)c1ccc(C2=CC3(CCNCC3)Oc3ccc(O)cc32)cc1,4.70,CHEMBL1140111,2008,CHEMBL989030
CHEMBL495094,CCN(CC)C(=O)c1ccc(C2=CC3(CCNCC3)Oc3cc(O)ccc32)cc1,4.22,CHEMBL1140111,2008,CHEMBL989030
CHEMBL523507,CCN(CC)C(=O)c1ccc(C2=CC3(CCNCC3)Oc3c(O)cccc32)cc1,4.74,CHEMBL1140111,2008,CHEMBL989030
CHEMBL494472,CCN1CCC2(C=C(c3ccc(C(=O)N(CC)CC)cc3)c3ccccc3O2)CC1,5.74,CHEMBL1140111,2008,CHEMBL989030
CHEMBL494275,CCN(CC)C(=O)c1ccc(C2=CC3(CCN(C)CC3)Oc3ccccc32)cc1,6.12,CHEMBL1140111,2008,CHEMBL989030
CHEMBL494274,CCN(CC)C(=O)c1ccc(C2=CC3(CCN(C(C)=O)CC3)Oc3ccccc32)cc1,4.32,CHEMBL1140111,2008,CHEMBL989030
CHEMBL493454,CCN(CC)C(=O)c1ccccc1C1=CC2(CCNCC2)Oc2ccccc21,5.19,CHEMBL1140111,2008,CHEMBL989030
CHEMBL523204,CCN(CC)C(=O)c1cccc(C2=CC3(CCNCC3)Oc3ccccc32)c1,6.52,CHEMBL1140111,2008,CHEMBL989030
CHEMBL494462,CCN(CC)C(=O)c1ccc(C2=CC3(CCNCC3)Oc3ccccc32)cc1,5.10,CHEMBL1140111,2008,CHEMBL989030
CHEMBL494265,COC(=O)c1ccc(C2=CC3(CCNCC3)Oc3ccccc32)cc1,6.18,CHEMBL1140111,2008,CHEMBL989030
CHEMBL495074,Oc1ccc(C2=CC3(CCNCC3)Oc3ccccc32)cc1,6.19,CHEMBL1140111,2008,CHEMBL989030
CHEMBL495073,COc1ccc(C2=CC3(CCNCC3)Oc3ccccc32)cc1,6.23,CHEMBL1140111,2008,CHEMBL989030
CHEMBL492449,FC(F)(F)c1ccc(C2=CC3(CCNCC3)Oc3ccccc32)cc1,6.42,CHEMBL1140111,2008,CHEMBL989030
CHEMBL492448,Cc1ccc(C2=CC3(CCNCC3)Oc3ccccc32)cc1,6.33,CHEMBL1140111,2008,CHEMBL989030
CHEMBL521523,C[C@H]1CN(Cc2cccc(-c3cc(CNC(=O)c4cccc(CC5CCNCC5)c4)ccc3F)c2)CCN1,5.00,CHEMBL1140120,2008,CHEMBL1035711
CHEMBL492438,CS(=O)(=O)Nc1ccc(OC[C@@H](O)CNCCc2ccc(Cl)c(Cl)c2)cc1,6.14,CHEMBL1140127,2008,CHEMBL1027247
CHEMBL493078,CS(=O)(=O)Nc1ccc(OC[C@@H](O)CN(CCc2ccc(Cl)c(Cl)c2)Cc2ccc(F)c(F)c2F)cc1,5.77,CHEMBL1140127,2008,CHEMBL1027247
CHEMBL495114,CS(=O)(=O)Nc1ccc(OC[C@@H](O)CN(CCc2ccc(Cl)c(Cl)c2)Cc2ccccc2F)cc1,5.92,CHEMBL1140127,2008,CHEMBL1027247
CHEMBL493712,CS(=O)(=O)Nc1ccc(OC[C@@H](O)CN(CCc2ccc(Cl)c(Cl)c2)Cc2cccc(O)c2)cc1,6.11,CHEMBL1140127,2008,CHEMBL1027247
CHEMBL495328,CS(=O)(=O)Nc1ccc(OC[C@@H](O)CN(CCc2ccc(Cl)c(Cl)c2)Cc2ccccc2O)cc1,6.08,CHEMBL1140127,2008,CHEMBL1027247
CHEMBL493087,CS(=O)(=O)Nc1ccc(OC[C@@H](O)CN(CCc2ccc(Cl)c(Cl)c2)Cc2ccccc2)cc1,6.37,CHEMBL1140127,2008,CHEMBL1027247
CHEMBL494105,CC(C)CN(CCc1ccc(Cl)c(Cl)c1)C[C@H](O)COc1ccc(NS(C)(=O)=O)cc1,6.14,CHEMBL1140127,2008,CHEMBL1027247
CHEMBL494504,CCCCN(CCc1ccc(Cl)c(Cl)c1)C[C@H](O)COc1ccc(NS(C)(=O)=O)cc1,7.16,CHEMBL1140127,2008,CHEMBL1027247
CHEMBL524038,CCCN(CCc1ccc(Cl)c(Cl)c1)C[C@H](O)COc1ccc(NS(C)(=O)=O)cc1,6.89,CHEMBL1140127,2008,CHEMBL1027247
CHEMBL492620,CCN(CCc1ccc(Cl)c(Cl)c1)C[C@H](O)COc1ccc(NS(C)(=O)=O)cc1,6.77,CHEMBL1140127,2008,CHEMBL1027247
CHEMBL523167,CN(CCc1ccc(Cl)c(Cl)c1)C[C@H](O)COc1ccc(NS(C)(=O)=O)cc1,6.43,CHEMBL1140127,2008,CHEMBL1027247
CHEMBL494061,Cc1ccc(CCNC[C@H](O)COc2ccc(NS(C)(=O)=O)cc2)cc1C,5.62,CHEMBL1140127,2008,CHEMBL1027247
CHEMBL523671,CS(=O)(=O)Nc1ccc(OC[C@@H](O)CNCCc2ccc(F)c(F)c2)cc1,5.79,CHEMBL1140127,2008,CHEMBL1027247
CHEMBL493053,CS(=O)(=O)Nc1ccc(OC[C@@H](O)CNCCc2ccc(Cl)c(F)c2)cc1,5.72,CHEMBL1140127,2008,CHEMBL1027247
CHEMBL492846,CS(=O)(=O)Nc1ccc(OC[C@@H](O)CNCCc2ccc(Cl)cc2)cc1,5.86,CHEMBL1140127,2008,CHEMBL1027247
CHEMBL523374,CNc1noc2c(-c3ccc4c(N5CCOC[C@@H]5C)nncc4c3)c(C)ccc12,4.89,CHEMBL1140162,2008,CHEMBL1024839
CHEMBL45816,COCC(=O)O[C@]1(CCN(C)CCCc2nc3ccccc3[nH]2)CCc2cc(F)ccc2[C@@H]1C(C)C,6.09,CHEMBL1140166,2008,CHEMBL1033089
CHEMBL521833,CC(C)(C)CCN1CC[C@@H](CNC(=O)c2cc(Cl)cc(Cl)c2)[C@H](F)C1,5.52,CHEMBL1140166,2008,CHEMBL1033089
CHEMBL493677,CC(C)(C)CCN1CC[C@H](CNC(=O)c2cc(Cl)cc(Cl)c2)[C@H](F)C1,5.39,CHEMBL1140166,2008,CHEMBL1033089
CHEMBL522843,CC(C)(C)OCCN1CCC(CNC(=O)c2cc(Cl)cc(Cl)c2)CC1,5.90,CHEMBL1140166,2008,CHEMBL1033089
CHEMBL495303,CC(C)(C)C(F)CN1CCC(CNC(=O)c2cc(Cl)cc(Cl)c2)CC1,5.33,CHEMBL1140166,2008,CHEMBL1033089
CHEMBL495302,CC(C)(C)C(O)CN1CCC(CNC(=O)c2cc(Cl)cc(Cl)c2)CC1,5.32,CHEMBL1140166,2008,CHEMBL1033089
CHEMBL493061,CC(C)(C)C(=O)CN1CCC(CNC(=O)c2cc(Cl)cc(Cl)c2)CC1,5.69,CHEMBL1140166,2008,CHEMBL1033089
CHEMBL523508,CC(C)(C)CCN1CCC(CNC(=O)Cc2ccc(C(C)(C)C)cc2)CC1,5.99,CHEMBL1140166,2008,CHEMBL1033089
CHEMBL493060,CC(C)(C)CCN1CCC(CNC(=O)C2(c3ccc(F)cc3)CCCCC2)CC1,5.43,CHEMBL1140166,2008,CHEMBL1033089
CHEMBL493680,CC(C)(C)CCN1CCC(CNC(=O)c2cccc(Cl)c2)CC1,5.32,CHEMBL1140166,2008,CHEMBL1033089
CHEMBL493679,CC(C)(C)CCN1CCC(CNC(=O)c2ccc(Cl)c(Cl)c2)CC1,5.98,CHEMBL1140166,2008,CHEMBL1033089
CHEMBL493678,CC(C)(C)CCN1CCC(CNC(=O)c2cc(C(F)(F)F)cc(C(F)(F)F)c2)CC1,5.75,CHEMBL1140166,2008,CHEMBL1033089
CHEMBL522697,CCC(C)C(C)CN1CCC(CNC(=O)c2cc(Cl)cc(Cl)c2)CC1,6.05,CHEMBL1140166,2008,CHEMBL1033089
CHEMBL494478,CC(CC(C)(C)C)N1CCC(CNC(=O)c2cc(Cl)cc(Cl)c2)CC1,5.66,CHEMBL1140166,2008,CHEMBL1033089
CHEMBL523535,O=C(NCC1CCN(Cc2ccc(Br)nc2)CC1)c1cc(Cl)cc(Cl)c1,6.18,CHEMBL1140166,2008,CHEMBL1033089
CHEMBL523525,O=C(NCC1CCN(Cc2cccc(C(F)(F)F)c2)CC1)c1cc(Cl)cc(Cl)c1,6.32,CHEMBL1140166,2008,CHEMBL1033089
CHEMBL488468,CC(C)(C)CCN1CCC(CNC(=O)c2cc(Cl)cc(Cl)c2)CC1,5.71,CHEMBL1140166,2008,CHEMBL1033089
CHEMBL488294,CC(C)(C)CCN1CCC(CNC(=O)Nc2cccc(Cl)c2)(c2ccccc2)CC1,7.06,CHEMBL1140166,2008,CHEMBL1033089
CHEMBL488295,Cc1ccc(CN2CCC(CNC(=O)c3cc(Cl)cc(Cl)c3)CC2)cc1,6.87,CHEMBL1140166,2008,CHEMBL1033089
CHEMBL488817,CC1(C)C[C@@H](CN2CCC(F)(CNC(=O)c3cc(Cl)cc(Cl)c3)CC2)CCO1,5.42,CHEMBL1140166,2008,CHEMBL1033089
CHEMBL461571,Cc1c(C(=O)c2ccc(Cl)cc2)c2ccc(OC(F)(F)F)cc2n1Cc1cccc(O[C@H](C)C(=O)O)c1,5.49,CHEMBL1139415,2008,CHEMBL980758
CHEMBL489095,C[C@H]1CN(Cc2ccc(CC(=O)N3CCC(Nc4cccc(F)c4)CC3)cc2)CCN1,4.80,CHEMBL1140927,2009,CHEMBL1008907
CHEMBL76,CCN(CC)CCCC(C)Nc1ccnc2cc(Cl)ccc12,5.60,CHEMBL1140918,2009,CHEMBL949428
CHEMBL1630,CCN(CC)Cc1cc(Nc2ccnc3cc(Cl)ccc23)ccc1O.Cl,5.62,CHEMBL1140918,2009,CHEMBL949428
CHEMBL147587,CCN(CC)Cc1ccc(Nc2ccnc3cc(Cl)ccc23)cc1O,5.41,CHEMBL1140918,2009,CHEMBL949428
CHEMBL147806,CC(C)(C)NCc1ccc(Nc2ccnc3cc(Cl)ccc23)cc1O,5.12,CHEMBL1140918,2009,CHEMBL949428
CHEMBL1235,CCNCc1cc(Nc2ccnc3cc(Cl)ccc23)ccc1O,5.02,CHEMBL1140918,2009,CHEMBL949428
CHEMBL1107,CCCCN(CCCC)CCC(O)c1cc2c(Cl)cc(Cl)cc2c2cc(C(F)(F)F)ccc12,7.40,CHEMBL1140918,2009,CHEMBL949428
CHEMBL641,CNCC[C@@H](Oc1ccccc1C)c1ccccc1,5.68,CHEMBL1152288,2008,CHEMBL948485
CHEMBL458242,COc1cncc(-c2cc(NC(C)=O)nc(-n3nc(C)cc3C)n2)c1,4.62,CHEMBL1152277,2008,CHEMBL950430
CHEMBL486162,CC(=O)Nc1cc(-c2cccc(N3CCN(C)CC3)n2)nc(-n2nc(C)cc2C)n1,6.27,CHEMBL1152277,2008,CHEMBL950430
CHEMBL487763,CNCCC(c1ccccc1)c1c[nH]c2ccccc12,6.00,CHEMBL1152295,2008,CHEMBL944378
CHEMBL463585,CCCCC1(c2ccc3[nH]ccc3c2)CCNC1,5.36,CHEMBL1152295,2008,CHEMBL944378
CHEMBL457930,N#Cc1cc2cc(C3(Cc4ccccc4)CCNC3)ccc2[nH]1,5.85,CHEMBL1152295,2008,CHEMBL944378
CHEMBL459176,Cn1ccc2cc(C3(Cc4ccccc4)CCNC3)ccc21,5.16,CHEMBL1152295,2008,CHEMBL944378
CHEMBL513258,Fc1ccc(CC2(c3ccc4[nH]ccc4c3)CCNC2)cc1,5.05,CHEMBL1152295,2008,CHEMBL944378
CHEMBL486537,c1ccc(CC2(c3ccc4sccc4c3)CCNC2)cc1,4.96,CHEMBL1152295,2008,CHEMBL944378
CHEMBL487355,c1ccc(CC2(c3ccc4[nH]ccc4c3)CCNC2)cc1,5.05,CHEMBL1152295,2008,CHEMBL944378
CHEMBL592374,Clc1ccc([C@]23CNC[C@H]2C3)cc1Cl,5.00,CHEMBL1152295,2008,CHEMBL944378
CHEMBL485123,Cc1ncc(C)c(C(=O)N2CCC([C@H](N)Cc3cc(F)c(F)cc3F)CC2)n1,4.07,CHEMBL1153974,2009,CHEMBL975252
CHEMBL485124,Cc1nccnc1C(=O)N1CCC([C@H](N)Cc2cc(F)c(F)cc2F)CC1,4.26,CHEMBL1153974,2009,CHEMBL975252
CHEMBL485125,N[C@H](Cc1cc(F)c(F)cc1F)C1CCN(C(=O)c2cnc3ncccn23)CC1,4.23,CHEMBL1153974,2009,CHEMBL975252
CHEMBL484528,Cc1cc2ncc(C(=O)N3CCC([C@H](N)Cc4cc(F)c(F)cc4F)CC3)c(C)n2n1,4.75,CHEMBL1153974,2009,CHEMBL975252
CHEMBL214957,COc1cc(-n2cnc3cc(-c4ccc(Cl)cc4)sc3c2=O)ccc1OCCN1CCCC1,5.93,CHEMBL1153986,2009,CHEMBL993708
CHEMBL470633,COc1cc(-n2ccnc(NCCc3ccccc3)c2=O)ccc1OCCN1CCCC1,5.21,CHEMBL1153986,2009,CHEMBL993708
CHEMBL470840,COc1cc(-n2ccnc(CCCc3ccccc3)c2=O)ccc1OCCN1CCCC1,5.14,CHEMBL1153986,2009,CHEMBL993708
CHEMBL488730,Cc1nnc(-c2cc(C(F)(F)F)cc(S(=O)(=O)N3CCN(C(=O)[C@@H]4C[C@H]4c4ccc(C(F)(F)F)cc4)CC3)c2)[nH]1,5.89,CHEMBL1153427,2009,CHEMBL1011901
CHEMBL528997,O=C([C@@H]1C[C@H]1c1ccc(C(F)(F)F)cc1)N1CCN(S(=O)(=O)c2cc(-c3cn[nH]n3)cc(C(F)(F)F)c2)CC1,5.46,CHEMBL1153427,2009,CHEMBL1011901
CHEMBL529214,O=C1CSC(c2cc(C(F)(F)F)cc(S(=O)(=O)N3CCN(C(=O)[C@@H]4C[C@H]4c4ccc(C(F)(F)F)cc4)CC3)c2)=N1,5.40,CHEMBL1153427,2009,CHEMBL1011901
CHEMBL519252,O=C([C@@H]1C[C@H]1c1ccc(C(F)(F)F)cc1)N1CCN(S(=O)(=O)c2cc(-c3cn[nH]c3)cc(C(F)(F)F)c2)CC1,6.30,CHEMBL1153427,2009,CHEMBL1011901
CHEMBL487708,O=C([C@@H]1C[C@H]1c1ccc(C(F)(F)F)cc1)N1CCN(S(=O)(=O)c2cc(-c3ccn[nH]3)cc(C(F)(F)F)c2)CC1,6.30,CHEMBL1153427,2009,CHEMBL1011901
CHEMBL487500,O=C([C@@H]1C[C@H]1c1ccc(C(F)(F)F)cc1)N1CCN(S(=O)(=O)c2cc(-c3ncon3)cc(C(F)(F)F)c2)CC1,5.92,CHEMBL1153427,2009,CHEMBL1011901
CHEMBL520543,O=C([C@@H]1C[C@H]1c1ccc(C(F)(F)F)cc1)N1CCN(S(=O)(=O)c2cc(C(O)C(F)(F)F)cc(C(F)(F)F)c2)CC1,7.22,CHEMBL1153427,2009,CHEMBL1011901
CHEMBL519389,O=C([C@@H]1C[C@H]1c1ccc(C(F)(F)F)cc1)N1CCN(S(=O)(=O)c2cc(C(F)(F)F)cc(C(F)(F)CO)c2)CC1,5.60,CHEMBL1153427,2009,CHEMBL1011901
CHEMBL490027,CC(C)(O)c1cc(C(F)(F)F)cc(S(=O)(=O)N2CCN(C(=O)[C@@H]3C[C@H]3c3ccc(C(F)(F)F)cc3)CC2)c1,5.92,CHEMBL1153427,2009,CHEMBL1011901
CHEMBL490026,O=C([C@@H]1C[C@H]1c1ccc(C(F)(F)F)cc1)N1CCN(S(=O)(=O)c2cc(CCO)cc(C(F)(F)F)c2)CC1,6.05,CHEMBL1153427,2009,CHEMBL1011901
CHEMBL487912,Cc1n[nH]cc1-c1cc(C(F)(F)F)cc(S(=O)(=O)N2CCN(C(=O)[C@@H]3C[C@H]3c3ccc(C(F)(F)F)cc3)CC2)c1,7.40,CHEMBL1153427,2009,CHEMBL1011901
CHEMBL529213,O=C([C@@H]1C[C@H]1c1ccc(C(F)(F)F)cc1)N1CCN(S(=O)(=O)c2cc(-c3nnc[nH]3)cc(C(F)(F)F)c2)CC1,6.00,CHEMBL1153427,2009,CHEMBL1011901
CHEMBL471299,Cc1nn(-c2c(Cl)cccc2NS(C)(=O)=O)cc1CN1CCC2(CC1)OCc1ccccc12,4.77,CHEMBL1157430,2008,CHEMBL953933
CHEMBL470951,Cc1cccnc1-n1cc(CN2CCC3(CC2)OCc2ccccc23)c(C)n1,4.89,CHEMBL1157430,2008,CHEMBL953933
CHEMBL512520,Cc1nn(-c2ncccc2Cl)cc1CN1CCC2(CC1)OCc1ccccc12,5.11,CHEMBL1157430,2008,CHEMBL953933
CHEMBL460893,Cc1nn(-c2ccccc2)cc1CN1CCC2(CC1)OCc1ccccc12,6.13,CHEMBL1157430,2008,CHEMBL953933
CHEMBL488294,CC(C)(C)CCN1CCC(CNC(=O)Nc2cccc(Cl)c2)(c2ccccc2)CC1,7.06,CHEMBL1157496,2008,CHEMBL952419
CHEMBL488817,CC1(C)C[C@@H](CN2CCC(F)(CNC(=O)c3cc(Cl)cc(Cl)c3)CC2)CCO1,5.54,CHEMBL1157496,2008,CHEMBL952419
CHEMBL488653,CC1(C)C[C@H](CN2CCC(F)(CNC(=O)c3cc(Cl)cc(Cl)c3)CC2)CCO1,5.30,CHEMBL1157496,2008,CHEMBL952419
CHEMBL529445,CC1(C)CC(CN2CCC(F)(CNC(=O)c3cc(Cl)cc(Cl)c3)CC2)CCO1,5.08,CHEMBL1157496,2008,CHEMBL952419
CHEMBL486247,CC(C)(C)CCN1CCC(F)(CNC(=O)c2cc(Cl)cc(Cl)c2)CC1,5.65,CHEMBL1157496,2008,CHEMBL952419
CHEMBL488468,CC(C)(C)CCN1CCC(CNC(=O)c2cc(Cl)cc(Cl)c2)CC1,5.71,CHEMBL1157496,2008,CHEMBL952419
CHEMBL488295,Cc1ccc(CN2CCC(CNC(=O)c3cc(Cl)cc(Cl)c3)CC2)cc1,6.87,CHEMBL1157496,2008,CHEMBL952419
CHEMBL446134,O=C1NCCc2nc(-c3ccc(CN4CCC(c5nnc(-c6ccccn6)[nH]5)CC4)cc3)c(-c3ccccc3)cc21,5.60,CHEMBL1157525,2008,CHEMBL947435
CHEMBL452823,CN1CCN(c2ccc3nc(-c4ccc(CN5CCC(c6nnc(-c7ccccn7)[nH]6)CC5)cc4)c(-c4ccccc4)nc3n2)CC1,5.67,CHEMBL1157525,2008,CHEMBL947435
CHEMBL499961,CN1CCN(c2ccc3nc(-c4ccccc4)c(-c4ccc(CN5CCC(c6nnc(-c7ccc(N)nc7)[nH]6)CC5)cc4)nc3n2)CC1,5.33,CHEMBL1157525,2008,CHEMBL947435
CHEMBL508098,CN1CCN(c2ccc3nc(-c4ccccc4)c(-c4ccc(CN5CCC(c6nnc(-c7ncccn7)[nH]6)CC5)cc4)nc3n2)CC1,5.08,CHEMBL1157525,2008,CHEMBL947435
CHEMBL499554,CN(C)CCN1CCN(c2ccc3nc(-c4ccccc4)c(-c4ccc(CN5CCC(c6nnc(-c7ccccn7)[nH]6)CC5)cc4)nc3n2)CC1,5.22,CHEMBL1157525,2008,CHEMBL947435
CHEMBL443620,CN1CCN(c2ccc3nc(-c4ccccc4)c(-c4ccc(CN5CCC(c6nnc(-c7ccccn7)[nH]6)CC5)cc4)nc3n2)CC1,5.04,CHEMBL1157525,2008,CHEMBL947435
CHEMBL455071,CN(C)CCN1CCN(c2ncc3cc(-c4ccccc4)c(-c4ccc(CN5CCC(c6nnc(-c7cc[n+]([O-])cc7)[nH]6)CC5)cc4)nc3n2)CC1,5.10,CHEMBL1157525,2008,CHEMBL947435
CHEMBL507204,CN1CCN(c2ncc3cc(-c4ccccc4)c(-c4ccc(CN5CCC(c6nnc(-c7cc[n+]([O-])cc7)[nH]6)CC5)cc4)nc3n2)CC1,5.01,CHEMBL1157525,2008,CHEMBL947435
CHEMBL503652,CN(C)CCN1CCN(c2ncc3cc(-c4ccccc4)c(-c4ccc(CN5CCC(c6nnc(-c7ccc(=O)[nH]c7)[nH]6)CC5)cc4)nc3n2)CC1,6.10,CHEMBL1157525,2008,CHEMBL947435
CHEMBL502113,O=c1ccc(-c2nnc(C3CCN(Cc4ccc(-c5nc6nc(N7CCN(CCO)CC7)ncc6cc5-c5ccccc5)cc4)CC3)[nH]2)c[nH]1,5.17,CHEMBL1157525,2008,CHEMBL947435
CHEMBL503270,CN(C)CCN1CCN(c2ncc3cc(-c4ccccc4)c(-c4ccc(CN5CCC(c6nnc(-c7ccc(N)nc7)[nH]6)CC5)cc4)nc3n2)CC1,5.46,CHEMBL1157525,2008,CHEMBL947435
CHEMBL503810,Nc1ccc(-c2nnc(C3CCN(Cc4ccc(-c5nc6nc(N7CCN(CCO)CC7)ncc6cc5-c5ccccc5)cc4)CC3)[nH]2)cn1,5.13,CHEMBL1157525,2008,CHEMBL947435
CHEMBL445212,CN1CCN(c2ncc3cc(-c4ccccc4)c(-c4ccc(CN5CCC(c6nnc(-c7ccc(N)nc7)[nH]6)CC5)cc4)nc3n2)CC1,5.21,CHEMBL1157525,2008,CHEMBL947435
CHEMBL505848,CN(C)CCN1CCN(c2ncc3cc(-c4ccccc4)c(-c4ccc(CN5CCC(c6nnc(-c7ncccn7)[nH]6)CC5)cc4)nc3n2)CC1,5.32,CHEMBL1157525,2008,CHEMBL947435
CHEMBL446966,COc1ccc(-c2nnc(C3CCN(Cc4ccc(-c5nc6cc[nH]c(=O)c6cc5-c5ccccc5)cc4)CC3)[nH]2)cn1,5.91,CHEMBL1157525,2008,CHEMBL947435
CHEMBL444136,O=c1[nH]ccc2nc(-c3ccc(CN4CCC(c5nnc(-c6cnccn6)[nH]5)CC4)cc3)c(-c3ccccc3)cc12,5.07,CHEMBL1157525,2008,CHEMBL947435
CHEMBL502393,Nc1ccc(-c2nnc(C3CCN(Cc4ccc(-c5nc6cc[nH]c(=O)c6cc5-c5ccccc5)cc4)CC3)[nH]2)cn1,5.00,CHEMBL1157525,2008,CHEMBL947435
CHEMBL443661,CN(C)CCN1CCN(c2ncc3cc(-c4ccccc4)c(-c4ccc(CN5CCC(c6nnc(-c7ccccn7)[nH]6)CC5)cc4)nc3n2)CC1,5.68,CHEMBL1157525,2008,CHEMBL947435
CHEMBL454085,O=C(Nc1ccc(S(=O)(=O)Nc2ccccc2C(=O)c2ccccc2)cc1)OCC1CCCO1,5.09,CHEMBL1157535,2008,CHEMBL1021907
CHEMBL487445,O=C(NCCCN1CCCCC1)Nc1ccc(S(=O)(=O)Nc2ccccc2C(=O)c2ccccc2)cc1,6.00,CHEMBL1157535,2008,CHEMBL1021907
CHEMBL518148,CN(C(=O)N1CC(c2cc(F)ccc2F)=C[C@@]1(CO)c1ccccc1)C1CCNCC1,4.72,CHEMBL1155077,2008,CHEMBL1020033
CHEMBL481932,CN1CC[C@H](N(C)C(=O)N2CC(c3cc(F)ccc3F)=C[C@@]2(CO)c2ccccc2)[C@@H](F)C1,4.43,CHEMBL1155077,2008,CHEMBL1020033
CHEMBL481931,CN1CC[C@H](N(C)C(=O)N2CC(c3cc(F)ccc3F)=C[C@@]2(CO)c2ccccc2)[C@H](F)C1,4.69,CHEMBL1155077,2008,CHEMBL1020033
CHEMBL481921,CN(C(=O)N1CC(c2cc(F)ccc2F)=C[C@@]1(CO)c1ccccc1)C1CCN(C2CC2)CC1,4.82,CHEMBL1155077,2008,CHEMBL1020033
CHEMBL481920,CN(C(=O)N1CC(c2cc(F)ccc2F)=C[C@@]1(CO)c1ccccc1)C1CCN(CCF)CC1,4.86,CHEMBL1155077,2008,CHEMBL1020033
CHEMBL479796,CN1CCC(N(C)C(=O)N2CC(c3cc(F)ccc3F)=C[C@@]2(CO)c2ccccc2)CC1,4.84,CHEMBL1155077,2008,CHEMBL1020033
CHEMBL481959,CN1CCC(N(C)C(=O)N2CC(c3cc(F)ccc3F)=C[C@H]2c2ccccc2)CC1,5.92,CHEMBL1155077,2008,CHEMBL1020033
CHEMBL240923,CN(C)C(=O)N1CC(c2cc(F)ccc2F)=C[C@@]1(CC[C@@H](N)C(F)F)c1ccccc1,4.80,CHEMBL1155077,2008,CHEMBL1020033
CHEMBL471994,Cc1ccccc1C1CCN(C[C@H]2CCc3cccnc3[C@@H](O)C2)CC1,6.51,CHEMBL1157476,2008,CHEMBL948532
CHEMBL472168,Cc1ccccc1C1CCN(C[C@@H]2CCc3cccnc3[C@@H](O)C2)CC1,5.82,CHEMBL1157476,2008,CHEMBL948532
CHEMBL471994,Cc1ccccc1C1CCN(C[C@H]2CCc3cccnc3[C@@H](O)C2)CC1,6.66,CHEMBL1157476,2008,CHEMBL948532
CHEMBL513585,Cc1ccccc1C1CCN(C[C@@H]2CCc3c(C)cccc3[C@@H](O)C2)CC1,7.07,CHEMBL1157476,2008,CHEMBL948532
CHEMBL472168,Cc1ccccc1C1CCN(C[C@@H]2CCc3cccnc3[C@@H](O)C2)CC1,5.57,CHEMBL1157476,2008,CHEMBL948532
CHEMBL513423,O[C@H]1C[C@H](CN2CC[C@H](c3ccc(F)cc3Cl)[C@@H](O)C2)CCc2cccnc21,4.89,CHEMBL1157476,2008,CHEMBL948532
CHEMBL472304,Cc1cc(F)ccc1[C@@H]1CCN(C[C@@H]2CCc3cccnc3[C@@H](O)C2)C[C@H]1O,4.89,CHEMBL1157476,2008,CHEMBL948532
CHEMBL512896,Cc1ccccc1[C@@H]1CCN(C[C@@H]2CCc3cccnc3[C@@H](O)C2)C[C@H]1O,4.40,CHEMBL1157476,2008,CHEMBL948532
CHEMBL472125,Cc1ccccc1[C@@H]1CCN(C[C@@H]2CCc3cccnc3[C@@H](O)C2)C[C@H]1CO,4.70,CHEMBL1157476,2008,CHEMBL948532
CHEMBL511658,Cc1ccccc1[C@@H]1CCN(C[C@@H]2CCc3cccnc3[C@@H](O)C2)C[C@H]1C,5.04,CHEMBL1157476,2008,CHEMBL948532
CHEMBL518922,CC1(c2ccccc2)CCN(C[C@@H]2CCc3cccnc3[C@@H](O)C2)CC1,4.96,CHEMBL1157476,2008,CHEMBL948532
CHEMBL487827,O[C@H]1C[C@H](CN2CCC(c3ccccc3)CC2)CCc2cccnc21,4.96,CHEMBL1157476,2008,CHEMBL948532
CHEMBL487826,Cc1ccccc1N1CCN(C[C@@H]2CCc3cccnc3[C@@H](O)C2)CC1,5.64,CHEMBL1157476,2008,CHEMBL948532
CHEMBL487485,O[C@H]1C[C@H](CN2CCC(c3ccccc3Cl)CC2)CCc2cccnc21,5.82,CHEMBL1157476,2008,CHEMBL948532
CHEMBL486644,O[C@H]1C[C@H](CN2CCC(c3c(Cl)cccc3Cl)CC2)CCc2cccnc21,6.03,CHEMBL1157476,2008,CHEMBL948532
CHEMBL372575,Cc1noc(/C(=C/c2cccc(-c3cc(C(C)(C)S(C)(=O)=O)cc4cccnc34)c2)c2ccc(S(C)(=O)=O)cc2)n1,4.30,CHEMBL1142499,2008,CHEMBL984535
CHEMBL456171,O=C(Nc1c(Cl)cncc1Cl)c1cn(-c2ccc(Cl)cc2)c2ncccc2c1=O,6.70,CHEMBL1142499,2008,CHEMBL984535
CHEMBL499477,Cc1noc(/C(=C/c2cccc(-n3cc(C(=O)Nc4c(Cl)cncc4Cl)c(=O)c4cccnc43)c2)c2ccc(S(C)(=O)=O)cc2)n1,6.17,CHEMBL1142499,2008,CHEMBL984535
CHEMBL456173,CC(C)NC(=O)c1cn(-c2ccccc2)c2ncccc2c1=O,4.15,CHEMBL1142499,2008,CHEMBL984535
CHEMBL456172,CC(C)NC(=O)c1cn(-c2cccc(Br)c2)c2ncccc2c1=O,4.50,CHEMBL1142499,2008,CHEMBL984535
CHEMBL464600,CC(C)CNC(=O)c1cn(-c2cccc(Br)c2)c2ncccc2c1=O,4.50,CHEMBL1142499,2008,CHEMBL984535
CHEMBL464804,CC(=O)c1cccc(-c2cccc(-n3cc(C(=O)NC(C)C)c(=O)c4cccnc43)c2)c1,5.16,CHEMBL1142499,2008,CHEMBL984535
CHEMBL514564,CC(=O)c1cccc(-c2cccc(-n3cc(C(=O)Nc4nccc(Cl)c4Cl)c(=O)c4cccnc43)c2)c1,6.13,CHEMBL1142499,2008,CHEMBL984535
CHEMBL456808,CCOc1cccc(-c2cccc(-n3cc(C(=O)NC(C)C)c(=O)c4cccnc43)c2)c1,5.57,CHEMBL1142499,2008,CHEMBL984535
CHEMBL485547,CSc1ccc(-c2cccc(-n3cc(C(=O)NC(C)C)c(=O)c4cccnc43)c2)cc1,6.02,CHEMBL1142499,2008,CHEMBL984535
CHEMBL519193,CC(=O)c1ccc(-c2cccc(-n3cc(C(=O)NC(C)C)c(=O)c4cccnc43)c2)cc1,5.05,CHEMBL1142499,2008,CHEMBL984535
CHEMBL484753,CC(C)NC(=O)c1cn(-c2cccc(-c3ccc(S(C)(=O)=O)cc3)c2)c2ncccc2c1=O,4.64,CHEMBL1142499,2008,CHEMBL984535
CHEMBL484754,O=C(NC1CC1)c1cn(-c2cccc(-c3ccncc3)c2)c2ncccc2c1=O,4.73,CHEMBL1142499,2008,CHEMBL984535
CHEMBL484931,CS(=O)(=O)c1ccc(-c2cccc(-n3cc(C(=O)NC4CC4)c(=O)c4cccnc43)c2)cn1,4.87,CHEMBL1142499,2008,CHEMBL984535
CHEMBL520502,CC(C)(O)c1ccc(-c2cccc(-n3cc(C(=O)NC4CC4)c(=O)c4cccnc43)c2)cn1,4.44,CHEMBL1142499,2008,CHEMBL984535
CHEMBL485620,CC(C)(O)c1ccc(-c2cccc(-n3cc(C(=O)NC4CC4)c(=O)c4cccnc43)c2)c[n+]1[O-],4.30,CHEMBL1142499,2008,CHEMBL984535
CHEMBL521509,O=C(NC1CC1)c1cn(-c2cccc(C#Cc3cccnc3)c2)c2ncccc2c1=O,4.78,CHEMBL1142499,2008,CHEMBL984535
CHEMBL485629,O=C(NC1CC1)c1cn(-c2cccc(C#Cc3ccc[n+]([O-])c3)c2)c2ncccc2c1=O,4.18,CHEMBL1142499,2008,CHEMBL984535
CHEMBL520463,CC(C)(O)c1ccc(C#Cc2cccc(-n3cc(C(=O)NC4CC4)c(=O)c4cccnc43)c2)c[n+]1[O-],4.05,CHEMBL1142499,2008,CHEMBL984535
CHEMBL519355,O=C(NC1CC1)c1cn(-c2cccc(-c3cccnc3)c2)c2ncccc2c1=O,4.47,CHEMBL1142499,2008,CHEMBL984535
CHEMBL485242,Cc1nc2ccccc2c(=O)n1-c1ccc(OC2CCCN(C3CCC3)CC2)cc1,5.14,CHEMBL1142515,2008,CHEMBL981857
CHEMBL519018,Cc1nc2ccccc2c(=O)n1-c1ccc(OC2CCCN(C3CCCC3)CC2)cc1,5.17,CHEMBL1142515,2008,CHEMBL981857
CHEMBL484740,Cc1nc2ccccc2c(=O)n1-c1ccc(OC2CCC(N3CCCC3)C2)cc1,5.00,CHEMBL1142515,2008,CHEMBL981857
CHEMBL521022,Cc1nc2ccccc2c(=O)n1-c1ccc(O[C@H]2CC[C@@H](N3CCCC3)CC2)cc1,5.10,CHEMBL1142515,2008,CHEMBL981857
CHEMBL458359,Cc1nc2ccc(Cl)cc2c(=O)n1-c1ccc(OC2CCN(C3CCC3)CC2)cc1,5.27,CHEMBL1142515,2008,CHEMBL981857
CHEMBL458953,Cc1nc2cc(Cl)ccc2c(=O)n1-c1ccc(OC2CCN(C3CCC3)CC2)cc1,5.41,CHEMBL1142515,2008,CHEMBL981857
CHEMBL458954,Cc1nc2c(Cl)cccc2c(=O)n1-c1ccc(OC2CCN(C3CCC3)CC2)cc1,5.48,CHEMBL1142515,2008,CHEMBL981857
CHEMBL478012,CNC(=O)c1c(NCCC2CCCC2)nc(C#N)nc1OCC1CCN(C)CC1,6.44,CHEMBL1144211,2008,CHEMBL988836
CHEMBL478013,CNC(=O)c1c(NCC2CCC3(CCC3)CC2)nc(C#N)nc1OCC1CCN(C(C)C)CC1,6.27,CHEMBL1144211,2008,CHEMBL988836
CHEMBL514042,CNC(=O)c1c(NCC2CCC3(CCC3)CC2)nc(C#N)nc1OCC1CCN(CCO)CC1,6.05,CHEMBL1144211,2008,CHEMBL988836
CHEMBL478462,CNC(=O)c1c(NCC2CCC3(CCCC3)CC2)nc(C#N)nc1OCC1CCN(C)CC1,5.84,CHEMBL1144211,2008,CHEMBL988836
CHEMBL513921,CNC(=O)c1c(NCC2CCC3(CC2)OCCO3)nc(C#N)nc1OCC1CCN(C)CC1,5.24,CHEMBL1144211,2008,CHEMBL988836
CHEMBL478011,CNC(=O)c1c(NCC2CCC3(CCC3)CC2)nc(C#N)nc1OCCC1CCN(C)CC1,6.38,CHEMBL1144211,2008,CHEMBL988836
CHEMBL515025,CNC(=O)c1c(NCC2CCC3(CCC3)CC2)nc(C#N)nc1OCC1CCN(C)CC1,6.15,CHEMBL1144211,2008,CHEMBL988836
CHEMBL478224,CNC(=O)c1c(NCC2CCC3(CCC3)CC2)nc(C#N)nc1OC1CC(C)(C)NC(C)(C)C1,5.30,CHEMBL1144211,2008,CHEMBL988836
CHEMBL476130,CNC(=O)c1c(NCC2CCC3(CCC3)CC2)nc(C#N)nc1OCC1CCNCC1,5.63,CHEMBL1144211,2008,CHEMBL988836
CHEMBL508861,ClCc1nnc2c3cc(-c4ccccc4)c(-c4ccc(CN5CCC(c6n[nH]c(-c7ccccn7)n6)CC5)cc4)nc3ccn12,5.70,CHEMBL1141029,2009,CHEMBL939830
CHEMBL445464,Cc1nnc2c3cc(-c4ccccc4)c(-c4ccc(CN5CCC(c6n[nH]c(-c7ccccn7)n6)CC5)cc4)nc3ccn12,5.56,CHEMBL1141029,2009,CHEMBL939830
CHEMBL506077,Oc1nnc2c3cc(-c4ccccc4)c(-c4ccc(CN5CCC(c6n[nH]c(-c7ccccn7)n6)CC5)cc4)nc3ccn12,5.28,CHEMBL1141029,2009,CHEMBL939830
CHEMBL499555,Nc1nnc2c3cc(-c4ccccc4)c(-c4ccc(CN5CCC(c6n[nH]c(-c7ccccn7)n6)CC5)cc4)nc3ccn12,5.27,CHEMBL1141029,2009,CHEMBL939830
CHEMBL507130,O=c1[nH]ccc2nc(-c3ccc(CN4CCC(c5n[nH]c(-c6ccccn6)n5)CC4)cc3)c(-c3ccccc3)cc12,5.25,CHEMBL1141029,2009,CHEMBL939830
CHEMBL522456,N#Cc1ccnc(C2=NC(c3ccc(F)cc3)(c3ccc(F)cc3)CN2)c1,7.00,CHEMBL1138528,2009,CHEMBL1021966
CHEMBL490937,Fc1ccc(C2(c3ccc(F)cc3)CNC(c3cnccn3)=N2)cc1,5.47,CHEMBL1138528,2009,CHEMBL1021966
CHEMBL523134,C[C@@H]1NC(c2cc(C#N)ccn2)=NC1(c1ccc(F)cc1)c1ccc(F)cc1,5.76,CHEMBL1138528,2009,CHEMBL1021966
CHEMBL522793,CC[C@@H]1NC(c2cc(C#N)ccn2)=NC1(c1ccc(F)cc1)c1ccc(F)cc1,6.31,CHEMBL1138528,2009,CHEMBL1021966
CHEMBL490949,CCC[C@@H]1NC(c2cc(C#N)ccn2)=NC1(c1ccc(F)cc1)c1ccc(F)cc1,6.31,CHEMBL1138528,2009,CHEMBL1021966
CHEMBL523305,N#Cc1ccnc(C2=NC(c3ccc(F)cc3)(c3ccc(F)cc3)[C@H](CO)N2)c1,5.21,CHEMBL1138528,2009,CHEMBL1021966
CHEMBL506163,COc1ccc([C@]2(c3ccc(F)cc3)N=C(c3cc(C#N)ccn3)N[C@H]2C)cn1.Cl,5.20,CHEMBL1138528,2009,CHEMBL1021966
CHEMBL521947,C[C@@H]1NC(c2cccc(C#N)c2)=N[C@@]1(c1ccc(F)cc1)c1ccc(F)nc1,5.36,CHEMBL1138528,2009,CHEMBL1021966
CHEMBL523821,C[C@@H]1NC(c2cccc(C#N)n2)=N[C@@]1(c1ccc(F)cc1)c1ccc(F)nc1,5.16,CHEMBL1138528,2009,CHEMBL1021966
CHEMBL490902,COc1ccnc(C2=N[C@@](c3ccc(F)cc3)(c3ccc(F)nc3)[C@H](C)N2)c1,5.20,CHEMBL1138528,2009,CHEMBL1021966
CHEMBL490903,C[C@@H]1NC(c2cc(Cl)ccn2)=N[C@@]1(c1ccc(F)cc1)c1ccc(F)nc1.Cl,5.11,CHEMBL1138528,2009,CHEMBL1021966
CHEMBL474484,CC(C)CNc1nc(C#N)nc(N2CCNCC2)c1N,4.28,CHEMBL1138582,2009,CHEMBL1021997
CHEMBL471757,CC(C)(C)CNc1nc(C#N)nc(N2CCOCC2)c1N,4.16,CHEMBL1138582,2009,CHEMBL1021997
CHEMBL474421,O=C([C@@H]1C[C@H](N2CCN(c3ncccn3)CC2)CN1)N1C[C@@H](F)[C@@H](F)C1,4.27,CHEMBL1138584,2009,CHEMBL1022018
CHEMBL221906,CN(C)C(=N)c1ccc(C(=O)Nc2ccc(Cl)cc2C(=O)Nc2ccc(Cl)cn2)cc1,6.48,CHEMBL1138586,2009,CHEMBL968701
CHEMBL512351,COc1ccc(NC(=O)c2ccc(C(=N)N(C)C)cc2)c(C(=O)Nc2ccc(Cl)cn2)c1,5.05,CHEMBL1138586,2009,CHEMBL968701
CHEMBL515919,COc1ccc(NC(=O)c2ccc(C(=N)N(C)C)cc2F)c(C(=O)Nc2ccc(Cl)cn2)c1,5.38,CHEMBL1138586,2009,CHEMBL968701
CHEMBL487063,Cc1nc2ccccc2c(=O)n1-c1ccc(OCCCN2CCCCC2)cc1,5.07,CHEMBL1155810,2008,CHEMBL986351
CHEMBL478395,Cc1nc2ccccc2c(=O)n1-c1ccc(OCCCN2CCC[C@H](C)C2)cc1,5.28,CHEMBL1155810,2008,CHEMBL986351
CHEMBL515477,Cc1nc2ccccc2c(=O)n1-c1ccc(OCCCN2CCC(C)C2)cc1,5.19,CHEMBL1155810,2008,CHEMBL986351
CHEMBL477360,Cc1nc2ccccc2c(=O)n1-c1ccc(OCCCN2CCC[C@@H]2C)cc1,5.22,CHEMBL1155810,2008,CHEMBL986351
CHEMBL476579,Cc1nc2ccccc2c(=O)n1-c1ccc(OCCCN2CCCCCC2)cc1,5.18,CHEMBL1155810,2008,CHEMBL986351
CHEMBL518431,O=c1c2ccccc2ncn1-c1ccc(OCCCN2CCCC2)cc1,6.15,CHEMBL1155810,2008,CHEMBL986351
CHEMBL476322,Cc1nc2c(C(F)(F)F)cccc2c(=O)n1-c1ccc(OCCCN2CCCC2)cc1,6.46,CHEMBL1155810,2008,CHEMBL986351
CHEMBL477364,Cc1nc2cc(C(F)(F)F)ccc2c(=O)n1-c1ccc(OCCCN2CCCC2)cc1,5.58,CHEMBL1155810,2008,CHEMBL986351
CHEMBL477363,Cc1nc2cccc(Cl)c2c(=O)n1-c1ccc(OCCCN2CCCC2)cc1,5.09,CHEMBL1155810,2008,CHEMBL986351
CHEMBL476106,Cc1nc2cc(F)ccc2c(=O)n1-c1ccc(OCCCN2CCCC2)cc1,5.22,CHEMBL1155810,2008,CHEMBL986351
CHEMBL479252,Cc1nc2ccc(F)cc2c(=O)n1-c1ccc(OCCCN2CCCC2)cc1,5.60,CHEMBL1155810,2008,CHEMBL986351
CHEMBL478616,Cc1cccc2c(=O)n(-c3ccc(OCCCN4CCCC4)cc3)c(C)nc12,5.80,CHEMBL1155810,2008,CHEMBL986351
CHEMBL478615,Cc1ccc2c(=O)n(-c3ccc(OCCCN4CCCC4)cc3)c(C)nc2c1,5.17,CHEMBL1155810,2008,CHEMBL986351
CHEMBL479242,Cc1cccc2nc(C)n(-c3ccc(OCCCN4CCCC4)cc3)c(=O)c12,5.18,CHEMBL1155810,2008,CHEMBL986351
CHEMBL479241,O=c1c2ccccc2nc(-c2ccccc2)n1-c1ccc(OCCCN2CCCC2)cc1,5.96,CHEMBL1155810,2008,CHEMBL986351
CHEMBL479036,CC(C)c1nc2ccccc2c(=O)n1-c1ccc(OCCCN2CCCC2)cc1,5.41,CHEMBL1155810,2008,CHEMBL986351
CHEMBL515004,CCCc1nc2ccccc2c(=O)n1-c1ccc(OCCCN2CCCC2)cc1,5.55,CHEMBL1155810,2008,CHEMBL986351
CHEMBL476723,CCc1nc2ccccc2c(=O)n1-c1ccc(OCCCN2CCCC2)cc1,5.30,CHEMBL1155810,2008,CHEMBL986351
CHEMBL477567,Cc1ncc(-c2ccnc(Nc3ccc(N4CCN(S(C)(=O)=O)CC4)cc3)n2)n1C(C)C,5.26,CHEMBL1155842,2008,CHEMBL984727
CHEMBL515001,Cc1ncc(-c2nc(Nc3ccc(N4CCOCC4)cc3)ncc2F)n1C(C)C,4.96,CHEMBL1155842,2008,CHEMBL984727
CHEMBL476993,Cc1ncc(-c2nc(Nc3ccc(N4CCN(C(=O)CO)CC4)cc3)ncc2F)n1C(C)C,4.75,CHEMBL1155842,2008,CHEMBL984727
CHEMBL514384,COCCS(=O)(=O)N1CCN(c2ccc(Nc3nccc(-c4cnc(C)n4C(C)C)n3)cc2)CC1,5.08,CHEMBL1155842,2008,CHEMBL984727
CHEMBL477785,Cc1ncc(-c2ccnc(Nc3ccc(N4CCN(S(=O)(=O)CCN(C)C)CC4)cc3)n2)n1C(C)C,4.75,CHEMBL1155842,2008,CHEMBL984727
CHEMBL468397,COC(=O)C(CCCN(C)CCCc1nc2ccccc2[nH]1)(c1ccc(Br)cc1)C(C)C,6.75,CHEMBL1155867,2008,CHEMBL978140
CHEMBL476954,CC(C)C(=O)N(Cc1cccc(Cl)c1Cl)[C@H]1CCNC1,4.61,CHEMBL1155868,2008,CHEMBL979037
CHEMBL513139,CC(C)C(=O)N(Cc1ccc(Cl)cc1Cl)[C@H]1CCNC1,4.40,CHEMBL1155868,2008,CHEMBL979037
CHEMBL468176,Fc1ccc(-c2noc(C3CCN(c4cnc5ccc(Cl)cc5c4)CC3)n2)c(Cl)c1,6.30,CHEMBL1155906,2008,CHEMBL976349
CHEMBL470753,c1ccc2sc(Oc3ccc(CCN4CCCCC4)cc3)nc2c1,5.70,CHEMBL1155111,2008,CHEMBL981950
CHEMBL479382,CC(=O)OCC(=O)NC1CCN(Cc2ccc(Oc3nc4ccccc4s3)cc2)CC1,4.52,CHEMBL1155111,2008,CHEMBL981950
CHEMBL480131,CC(=O)NC1CCN(Cc2ccc(Oc3nc4ccccc4s3)cc2)CC1,4.70,CHEMBL1155111,2008,CHEMBL981950
CHEMBL518155,O=C1OCCN1C1CCN(Cc2ccc(Oc3nc4ccccc4s3)cc2)CC1,4.62,CHEMBL1155111,2008,CHEMBL981950
CHEMBL480130,O=C1CCCN1C1CCN(Cc2ccc(Oc3nc4ccccc4s3)cc2)CC1,4.82,CHEMBL1155111,2008,CHEMBL981950
CHEMBL482057,CC(=O)OCC(=O)NC1CCN(CCc2ccc(Oc3nc4ccccc4s3)cc2)CC1,5.30,CHEMBL1155111,2008,CHEMBL981950
CHEMBL520942,CC(=O)NC1CCN(CCc2ccc(Oc3nc4ccccc4s3)cc2)CC1,5.05,CHEMBL1155111,2008,CHEMBL981950
CHEMBL482056,O=C1OCCN1C1CCN(CCc2ccc(Oc3nc4ccccc4s3)cc2)CC1,6.30,CHEMBL1155111,2008,CHEMBL981950
CHEMBL482058,O=C1CCCN1C1CCN(CCc2ccc(Oc3nc4ccccc4s3)cc2)CC1,6.00,CHEMBL1155111,2008,CHEMBL981950
CHEMBL446514,OC1CCN(CCc2ccc(Oc3nc4ccccc4s3)cc2)CC1,5.52,CHEMBL1155111,2008,CHEMBL981950
CHEMBL481863,c1ccc2oc(Oc3ccc(OCCN4CCCCC4)cc3)nc2c1,6.00,CHEMBL1155111,2008,CHEMBL981950
CHEMBL296419,COc1ccc(CCN2CCC(Nc3nc4ccccc4n3Cc3ccc(F)cc3)CC2)cc1,5.57,CHEMBL1155111,2008,CHEMBL981950
CHEMBL470929,O=C1CCCCN1C1CCN(CCOc2ccc(Oc3nc4ccccc4s3)cc2)CC1,5.75,CHEMBL1155111,2008,CHEMBL981950
CHEMBL472138,O=C1OCCN1C1CCN(CCOc2ccc(Oc3nc4ccccc4s3)cc2)CC1,5.57,CHEMBL1155111,2008,CHEMBL981950
CHEMBL452864,C1=C(CS/C(=N\C2CCCCC2)NC2CCCCC2)N2CCN=C2S1,5.07,CHEMBL1151747,2008,CHEMBL958152
CHEMBL460491,CC1(C)CN2C(CS/C(=N\C3CCCCC3)NC3CCCCC3)=CSC2=N1,4.88,CHEMBL1151747,2008,CHEMBL958152
CHEMBL488436,Cc1ncc(-c2ccnc(Nc3ccc(S(C)(=O)=O)cc3)n2)n1C(C)C,5.50,CHEMBL1152177,2008,CHEMBL1022593
CHEMBL488084,Cc1ncc(-c2ccnc(Nc3ccc(C(N)=O)cc3)n2)n1C(C)C,4.77,CHEMBL1152177,2008,CHEMBL1022593
CHEMBL488085,Cc1ncc(-c2ccnc(Nc3ccc(C(=O)N(C)C)cc3)n2)n1C(C)C,4.75,CHEMBL1152177,2008,CHEMBL1022593
CHEMBL487066,Cc1ncc(-c2ccnc(Nc3ccc(C(=O)NC4CC4)cc3)n2)n1C(C)C,5.16,CHEMBL1152177,2008,CHEMBL1022593
CHEMBL509881,Cc1ncc(-c2nc(Nc3ccc(C(N)=O)cc3)ncc2F)n1C(C)C,4.70,CHEMBL1152177,2008,CHEMBL1022593
CHEMBL453655,CNC(=O)c1ccc(Nc2ncc(F)c(-c3cnc(C)n3C(C)C)n2)cc1,4.92,CHEMBL1152177,2008,CHEMBL1022593
CHEMBL453862,Cc1ncc(-c2nc(Nc3ccc(C(=O)N(C)C)cc3)ncc2F)n1C(C)C,4.96,CHEMBL1152177,2008,CHEMBL1022593
CHEMBL455427,Cc1ncc(-c2ccnc(Nc3ccc(C(N)=O)c(F)c3)n2)n1C(C)C,5.00,CHEMBL1152177,2008,CHEMBL1022593
CHEMBL455428,CNC(=O)c1ccc(Nc2nccc(-c3cnc(C)n3C(C)C)n2)cc1F,4.80,CHEMBL1152177,2008,CHEMBL1022593
CHEMBL510436,Cc1ncc(-c2ccnc(Nc3ccc(C(=O)N(C)C)c(F)c3)n2)n1C(C)C,5.52,CHEMBL1152177,2008,CHEMBL1022593
CHEMBL455429,Cc1ncc(-c2nc(Nc3ccc(C(N)=O)c(F)c3)ncc2F)n1C(C)C,4.70,CHEMBL1152177,2008,CHEMBL1022593
CHEMBL455651,CNC(=O)c1ccc(Nc2ncc(F)c(-c3cnc(C)n3C(C)C)n2)cc1F,4.72,CHEMBL1152177,2008,CHEMBL1022593
CHEMBL454648,Cc1ncc(-c2nc(Nc3ccc(C(=O)N(C)C)c(F)c3)ncc2F)n1C(C)C,5.22,CHEMBL1152177,2008,CHEMBL1022593
CHEMBL443922,CN(C)Cc1ccccc1Oc1ccc(Cl)c(Cl)c1,5.67,CHEMBL1152152,2008,CHEMBL962309
CHEMBL488060,CNCc1cc(F)ccc1Oc1ccc(Cl)c(Cl)c1,5.25,CHEMBL1152152,2008,CHEMBL962309
CHEMBL488912,CNCc1ccccc1Oc1ccc(Cl)c(Cl)c1,5.41,CHEMBL1152152,2008,CHEMBL962309
CHEMBL450714,CSc1ccc(Oc2ccccc2CN(C)C)cc1,5.52,CHEMBL1152152,2008,CHEMBL962309
CHEMBL487053,CC(c1ccccc1Oc1ccc(Cl)c(Cl)c1)N(C)C,6.05,CHEMBL1152152,2008,CHEMBL962309
CHEMBL488069,CN(C)Cc1ccc(C(F)(F)F)cc1Oc1ccc(Cl)c(Cl)c1,5.95,CHEMBL1152152,2008,CHEMBL962309
CHEMBL488021,CNCc1cc(F)ccc1Oc1ccc(C)c(C)c1,4.70,CHEMBL1152152,2008,CHEMBL962309
CHEMBL488260,CNCc1ccc(C(F)(F)F)cc1Oc1ccc(Cl)c(Cl)c1,5.92,CHEMBL1152152,2008,CHEMBL962309
CHEMBL488261,CNCc1ccc(Cl)cc1Oc1ccc(Cl)c(Cl)c1,5.91,CHEMBL1152152,2008,CHEMBL962309
CHEMBL488437,CNC(C)c1cc(F)ccc1Oc1ccc(Cl)c(Cl)c1,5.17,CHEMBL1152152,2008,CHEMBL962309
CHEMBL487223,CNCc1ccc(F)cc1Oc1ccc(Cl)c(Cl)c1,5.52,CHEMBL1152152,2008,CHEMBL962309
CHEMBL487221,CNC(C)c1ccccc1Oc1ccc(Cl)c(Cl)c1,5.42,CHEMBL1152152,2008,CHEMBL962309
CHEMBL488434,CNCc1cc(F)ccc1Oc1ccc(Cl)cc1,5.13,CHEMBL1152152,2008,CHEMBL962309
CHEMBL444203,CNC(C)c1cc(F)ccc1Oc1ccc(Cl)cc1,5.28,CHEMBL1152152,2008,CHEMBL962309
CHEMBL455511,Cc1ccc(Oc2ccc(Cl)c(Cl)c2)c(CN(C)C)c1,5.47,CHEMBL1152152,2008,CHEMBL962309
CHEMBL451137,CNCc1ccc(Br)cc1Oc1ccc(Cl)c(Cl)c1,6.01,CHEMBL1152152,2008,CHEMBL962309
CHEMBL488435,CNCc1cc(Br)ccc1Oc1ccc(Cl)c(Cl)c1,5.79,CHEMBL1152152,2008,CHEMBL962309
CHEMBL487188,CNCc1cc(OC)c(OC)cc1Oc1ccc(Cl)c(Cl)c1,5.00,CHEMBL1152152,2008,CHEMBL962309
CHEMBL455423,COc1ccc(CN(C)C)c(Oc2ccc(Cl)c(Cl)c2)c1,6.63,CHEMBL1152152,2008,CHEMBL962309
CHEMBL451076,CNCc1cc(C#N)ccc1Oc1ccc(Cl)c(Cl)c1,5.34,CHEMBL1152152,2008,CHEMBL962309
CHEMBL455424,CNCc1cc(S(=O)(=O)NC)ccc1Oc1ccc(Cl)c(Cl)c1,5.32,CHEMBL1152152,2008,CHEMBL962309
CHEMBL455425,CNCc1cc(C)c(C)cc1Oc1ccc(Cl)c(Cl)c1,5.83,CHEMBL1152152,2008,CHEMBL962309
CHEMBL510435,CNCc1ccc(C#N)cc1Oc1ccc(Cl)c(Cl)c1,5.88,CHEMBL1152152,2008,CHEMBL962309
CHEMBL455426,CNCc1cc(C(N)=O)ccc1Oc1ccc(Cl)c(Cl)c1,5.26,CHEMBL1152152,2008,CHEMBL962309
CHEMBL507884,CNCc1cc(C(F)(F)F)ccc1Oc1ccc(Cl)c(Cl)c1,5.88,CHEMBL1152152,2008,CHEMBL962309
CHEMBL455675,CNCc1cc(F)c(Cl)cc1Oc1ccc(Cl)c(Cl)c1,5.49,CHEMBL1152152,2008,CHEMBL962309
CHEMBL500329,CNCc1ccc(OC)cc1Oc1ccc(Cl)c(Cl)c1,6.16,CHEMBL1152152,2008,CHEMBL962309
CHEMBL448461,CNCc1cc(F)ccc1Oc1ccc(Cl)c(F)c1,5.33,CHEMBL1152152,2008,CHEMBL962309
CHEMBL442923,CNCc1cc(F)ccc1Oc1ccc(F)c(Cl)c1,5.08,CHEMBL1152152,2008,CHEMBL962309
CHEMBL453630,CNC(C)c1cc(C(F)(F)F)ccc1Oc1ccc(Cl)c(Cl)c1,5.52,CHEMBL1152152,2008,CHEMBL962309
CHEMBL453631,CNC(C)c1cc(C)ccc1Oc1ccc(Cl)c(Cl)c1,5.57,CHEMBL1152152,2008,CHEMBL962309
CHEMBL527094,CNC(C)c1ccc(OC)cc1Oc1ccc(Cl)c(Cl)c1,6.11,CHEMBL1152152,2008,CHEMBL962309
CHEMBL454657,CNCc1cc(F)c(OC)cc1Oc1ccc(Cl)c(Cl)c1,5.67,CHEMBL1152152,2008,CHEMBL962309
CHEMBL507075,CNCc1ccc(C(F)(F)F)cc1Oc1ccc(Cl)cc1,5.29,CHEMBL1152152,2008,CHEMBL962309
CHEMBL472388,CNCc1cc(C(F)(F)F)ccc1Oc1ccc(C)cc1,4.98,CHEMBL1152152,2008,CHEMBL962309
CHEMBL475121,CNCc1ccc(Cl)cc1Oc1ccc(C)c(C)c1,5.76,CHEMBL1152152,2008,CHEMBL962309
CHEMBL447864,CNCc1ccc(Cl)cc1Oc1ccc(C)cc1,5.79,CHEMBL1152152,2008,CHEMBL962309
CHEMBL507721,CCc1cc(Oc2ccc(F)cc2CNC)ccc1Cl,5.34,CHEMBL1152152,2008,CHEMBL962309
CHEMBL449542,CCc1cc(Oc2cc(Cl)ccc2CNC)ccc1Cl,5.94,CHEMBL1152152,2008,CHEMBL962309
CHEMBL462387,CNCc1ccc(Cl)cc1Oc1ccc(Cl)cc1,6.19,CHEMBL1152152,2008,CHEMBL962309
CHEMBL461631,CNC(C)c1ccc(Cl)cc1Oc1ccc(C)cc1,5.43,CHEMBL1152152,2008,CHEMBL962309
CHEMBL513629,CNC(C)c1ccc(Cl)cc1Oc1ccc(C)c(C)c1,5.61,CHEMBL1152152,2008,CHEMBL962309
CHEMBL462225,CNCc1cc(Cl)ccc1Oc1ccc(C)c(C)c1,5.28,CHEMBL1152152,2008,CHEMBL962309
CHEMBL505091,CNCc1cc(Cl)ccc1Oc1ccc(Cl)c(Cl)c1,5.51,CHEMBL1152152,2008,CHEMBL962309
CHEMBL462226,CNCc1cc(Cl)ccc1Oc1ccc(Cl)cc1,5.32,CHEMBL1152152,2008,CHEMBL962309
CHEMBL451330,CNCc1ccc(Cl)cc1Oc1ccc(C)c(Cl)c1,5.97,CHEMBL1152152,2008,CHEMBL962309
CHEMBL452091,CNCc1ccc(Cl)cc1Oc1ccc(Cl)c(C)c1,5.75,CHEMBL1152152,2008,CHEMBL962309
CHEMBL449048,CNCc1ccc(Cl)cc1Oc1cccc(Cl)c1,5.68,CHEMBL1152152,2008,CHEMBL962309
CHEMBL455184,CNCc1ccc(Cl)cc1Oc1ccc(F)c(C)c1,5.52,CHEMBL1152152,2008,CHEMBL962309
CHEMBL453879,CNCc1ccc(Cl)cc1Oc1ccc(F)c(Cl)c1,5.68,CHEMBL1152152,2008,CHEMBL962309
CHEMBL453880,CNCc1ccc(Cl)cc1Oc1ccc(F)c(C(F)(F)F)c1,6.06,CHEMBL1152152,2008,CHEMBL962309
CHEMBL445754,CNCc1ccc(Cl)cc1Oc1ccc(Cl)c(F)c1,5.91,CHEMBL1152152,2008,CHEMBL962309
CHEMBL487063,Cc1nc2ccccc2c(=O)n1-c1ccc(OCCCN2CCCCC2)cc1,5.10,CHEMBL1152163,2008,CHEMBL956578
CHEMBL454642,Cn1c(-c2ccc(OC3CCN(C4CCC4)CC3)cc2)nc2c(F)cccc2c1=O,5.10,CHEMBL1152163,2008,CHEMBL956578
CHEMBL453894,Cn1c(-c2ccc(OC3CCN(C4CCC4)CC3)cc2)nc2c(C(F)(F)F)cccc2c1=O,6.46,CHEMBL1152163,2008,CHEMBL956578
CHEMBL453893,Cn1c(-c2ccc(OC3CCN(C4CCC4)CC3)cc2)nc2c(Cl)cccc2c1=O,5.96,CHEMBL1152163,2008,CHEMBL956578
CHEMBL508712,Cc1cccc2c(=O)n(C)c(-c3ccc(OC4CCN(C5CCC5)CC4)cc3)nc12,5.70,CHEMBL1152163,2008,CHEMBL956578
CHEMBL454879,COc1ccc2c(=O)n(C)c(-c3ccc(OC4CCN(C5CCC5)CC4)cc3)nc2c1,5.37,CHEMBL1152163,2008,CHEMBL956578
CHEMBL453654,COc1ccc2nc(-c3ccc(OC4CCN(C5CCC5)CC4)cc3)n(C)c(=O)c2c1,5.42,CHEMBL1152163,2008,CHEMBL956578
CHEMBL455681,Cn1c(-c2ccc(OC3CCN(C4CCCC4)CC3)cc2)nc2ccccc2c1=O,5.54,CHEMBL1152163,2008,CHEMBL956578
CHEMBL488249,Cn1c(-c2ccc(OC3CCN(C4CCC4)CC3)cc2)nc2ccccc2c1=O,5.25,CHEMBL1152163,2008,CHEMBL956578
CHEMBL488248,Cn1c(-c2ccc(OCCCN3CCCC3)cc2)nc2ccccc2c1=O,5.54,CHEMBL1152163,2008,CHEMBL956578
CHEMBL487060,O=c1c2ccccc2nc(-c2ccc(OCCCN3CCCCC3)cc2)n1-c1ccccc1,6.34,CHEMBL1152163,2008,CHEMBL956578
CHEMBL487059,O=c1c2ccccc2nc(-c2ccc(OCCCN3CCCCC3)cc2)n1Cc1ccccc1,6.77,CHEMBL1152163,2008,CHEMBL956578
CHEMBL488251,CC(C)n1c(-c2ccc(OCCCN3CCCCC3)cc2)nc2ccccc2c1=O,5.52,CHEMBL1152163,2008,CHEMBL956578
CHEMBL487230,CCCn1c(-c2ccc(OCCCN3CCCCC3)cc2)nc2ccccc2c1=O,5.75,CHEMBL1152163,2008,CHEMBL956578
CHEMBL519067,CCn1c(-c2ccc(OCCCN3CCCCC3)cc2)nc2ccccc2c1=O,5.77,CHEMBL1152163,2008,CHEMBL956578
CHEMBL487064,Cn1c(-c2ccc(OCCCN3CCCCC3)cc2)nc2ccccc2c1=O,5.55,CHEMBL1152163,2008,CHEMBL956578
CHEMBL505914,CN1CC(C)(NC(=O)Nc2cccc(-c3nnnn3C)c2)C(CN2CCC[C@@H](Cc3ccc(F)cc3)C2)OC1=O.Cl,4.80,CHEMBL1139251,2009,CHEMBL1019587
CHEMBL495702,Nc1ccc(-c2cccs2)cc1N,5.80,CHEMBL1136848,2009,CHEMBL1027290
CHEMBL473485,Nc1ccc(-c2ccsc2)cc1N,5.82,CHEMBL1136848,2009,CHEMBL1027290
CHEMBL474890,Nc1ccc(-c2cccs2)cc1NC(=O)c1ccc(CN2CCC3(CCCN3)CC2)cc1,5.80,CHEMBL1136848,2009,CHEMBL1027290
CHEMBL514304,Nc1ccc(-c2ccsc2)cc1NC(=O)c1ccc(CN2CCC3(CCCN3)CC2)cc1,5.83,CHEMBL1136848,2009,CHEMBL1027290
CHEMBL473271,Nc1ccc(-c2ccccc2F)cc1NC(=O)c1ccc(CN2CCC3(CCCN3)CC2)cc1,6.74,CHEMBL1136848,2009,CHEMBL1027290
CHEMBL473475,Nc1ccc(-c2cccc(F)c2)cc1NC(=O)c1ccc(CN2CCC3(CCCN3)CC2)cc1,6.78,CHEMBL1136848,2009,CHEMBL1027290
CHEMBL473478,Nc1ccc(-c2ccc(F)cc2)cc1NC(=O)c1ccc(CN2CCC3(CCNC3)CC2)cc1,6.62,CHEMBL1136848,2009,CHEMBL1027290
CHEMBL473479,Nc1ccc(-c2cccs2)cc1NC(=O)c1ccc(C(=O)N2CCC3(CCCN3)CC2)cc1,4.60,CHEMBL1136848,2009,CHEMBL1027290
CHEMBL473484,Nc1ccc(-c2ccccc2)cc1NC(=O)c1ccc(C(=O)N2CCC3(CCCN3)CC2)cc1,4.91,CHEMBL1136848,2009,CHEMBL1027290
CHEMBL471623,Cc1cccc(C)c1C(=O)N1CCC(N2CC[C@@H](N(Cc3ccccc3)C(=O)C3CC3)C2)CC1,5.01,CHEMBL1152710,2009,CHEMBL1026571
CHEMBL472260,Cc1cccc(C)c1C(=O)N1CCC(N2CCC(N(Cc3ccccc3)C(=O)C3CCC3)CC2)CC1,5.47,CHEMBL1152710,2009,CHEMBL1026571
CHEMBL237336,C[C@@H](c1ccc(-c2ccc(F)cc2)cc1)[C@H](N)C(=O)N1CC[C@H](F)C1,5.96,CHEMBL1152762,2009,CHEMBL1023104
CHEMBL237119,CN(C)C(=O)[C@@H](c1ccc(-c2ccc(F)cc2)cc1)[C@H](N)C(=O)N1CC[C@H](F)C1,5.34,CHEMBL1152762,2009,CHEMBL1023104
CHEMBL459357,CN(C)C(=O)[C@@H](c1ccc(C2=CN3N=CNC3C=C2)cc1)[C@H](N)C(=O)N1CC[C@H](F)C1,4.07,CHEMBL1152762,2009,CHEMBL1023104
CHEMBL445949,CC(C)[C@H](Oc1ccc(CNC(=O)[C@@H]2CCCN2C(=O)C[C@H](N)Cc2cc(F)ccc2F)cc1)C(=O)O.O=C(O)C(F)(F)F,4.12,CHEMBL1152762,2009,CHEMBL1023104
CHEMBL257023,CC(c1nc(-c2ccc(S(C)(=O)=O)cc2Cl)no1)[C@H](N)C(F)=C1CCCC1.O=C(O)C(F)(F)F,4.72,CHEMBL1152762,2009,CHEMBL1023104
CHEMBL1729,COc1cc(N)c(Cl)cc1C(=O)NC1CCN(CCCOc2ccc(F)cc2)CC1OC,8.00,CHEMBL1152811,2009,CHEMBL1011672
CHEMBL1729,COc1cc(N)c(Cl)cc1C(=O)NC1CCN(CCCOc2ccc(F)cc2)CC1OC,5.57,CHEMBL1152811,2009,CHEMBL1011674
CHEMBL1729,COc1cc(N)c(Cl)cc1C(=O)NC1CCN(CCCOc2ccc(F)cc2)CC1OC,5.77,CHEMBL1152811,2009,CHEMBL1011676
CHEMBL536480,Cc1cccc(CCN2CCC(C(=O)c3ccc(NS(C)(=O)=O)cc3)CC2)n1.Cl.Cl,7.70,CHEMBL1152811,2009,CHEMBL1011672
CHEMBL17157,CC(C)(C)c1ccc(C(O)CCCN2CCC(C(O)(c3ccccc3)c3ccccc3)CC2)cc1,7.52,CHEMBL1152811,2009,CHEMBL1011672
CHEMBL536480,Cc1cccc(CCN2CCC(C(=O)c3ccc(NS(C)(=O)=O)cc3)CC2)n1.Cl.Cl,5.17,CHEMBL1152811,2009,CHEMBL1011674
CHEMBL17157,CC(C)(C)c1ccc(C(O)CCCN2CCC(C(O)(c3ccccc3)c3ccccc3)CC2)cc1,6.46,CHEMBL1152811,2009,CHEMBL1011674
CHEMBL536480,Cc1cccc(CCN2CCC(C(=O)c3ccc(NS(C)(=O)=O)cc3)CC2)n1.Cl.Cl,5.53,CHEMBL1152811,2009,CHEMBL1011676
CHEMBL17157,CC(C)(C)c1ccc(C(O)CCCN2CCC(C(O)(c3ccccc3)c3ccccc3)CC2)cc1,6.02,CHEMBL1152811,2009,CHEMBL1011676
CHEMBL1729,COc1cc(N)c(Cl)cc1C(=O)NC1CCN(CCCOc2ccc(F)cc2)CC1OC,6.92,CHEMBL1152811,2009,CHEMBL1011677
CHEMBL536480,Cc1cccc(CCN2CCC(C(=O)c3ccc(NS(C)(=O)=O)cc3)CC2)n1.Cl.Cl,6.16,CHEMBL1152811,2009,CHEMBL1011677
CHEMBL17157,CC(C)(C)c1ccc(C(O)CCCN2CCC(C(O)(c3ccccc3)c3ccccc3)CC2)cc1,7.52,CHEMBL1152811,2009,CHEMBL1011677
CHEMBL60889,CCOc1cc(N)c(Cl)cc1C(=O)NCC1CN(Cc2ccc(F)cc2)CCO1,5.32,CHEMBL1152811,2009,CHEMBL1011678
CHEMBL914,CC(C)(C(=O)O)c1ccc(C(O)CCCN2CCC(C(O)(c3ccccc3)c3ccccc3)CC2)cc1,4.19,CHEMBL1152811,2009,CHEMBL1011678
CHEMBL460009,CC(C[C@H](NC(=O)C1CCC1)c1ccccc1)N1CCC(n2cc(-c3ccccc3)[nH]c2=O)CC1,8.33,CHEMBL1152728,2009,CHEMBL1034067
CHEMBL460217,CC(C[C@H](NC(=O)C1CCC1)c1ccccc1)N1CCC(c2[nH]ncc2-c2ccncc2)CC1,6.93,CHEMBL1152728,2009,CHEMBL1034067
CHEMBL456019,CCN(C(=O)Cc1ccc(OC)cc1)[C@H]1C[C@H]2CC[C@@H](C1)N2CC[C@H](NC(=O)C1CCC1)c1ccccc1,6.61,CHEMBL1152728,2009,CHEMBL1034067
CHEMBL469542,Cc1nnc(C)n1C1CCN(C(C)C[C@H](NC(=O)C2CCC2)c2ccccc2)CC1,6.07,CHEMBL1152728,2009,CHEMBL1034067
CHEMBL459600,CC(C)c1noc(C2CCN(C(C)C[C@H](NC(=O)C3CCC3)c3ccccc3)CC2)n1,5.78,CHEMBL1152728,2009,CHEMBL1034067
CHEMBL459598,CC(C[C@H](NC(=O)C1CCC1)c1ccccc1)N1CCC(c2nnc(CN(C)C)o2)CC1,5.51,CHEMBL1152728,2009,CHEMBL1034067
CHEMBL469724,Cc1nnc(C(C)C)n1C1CCN(C(C)C[C@H](NC(=O)C2CCC2)c2ccccc2)CC1,5.40,CHEMBL1152728,2009,CHEMBL1034067
CHEMBL1108,O=C(CCCN1CC=C(n2c(=O)[nH]c3ccccc32)CC1)c1ccc(F)cc1,7.49,CHEMBL1154445,2008,CHEMBL1036648
CHEMBL61301,Fc1ccc(Cn2c(NC3CCNCC3)nc3ccccc32)cc1,7.56,CHEMBL1154445,2008,CHEMBL1036648
CHEMBL327980,Cc1cccc(CCN2CCC(C(=O)c3ccc(NS(C)(=O)=O)cc3)CC2)n1,7.64,CHEMBL1154445,2008,CHEMBL1036648
CHEMBL477015,CS(=O)(=O)Nc1ccc2c(c1)[C@H](O)CC1(CCN([C@@H]3CCc4cc(C#N)ccc4C3)CC1)O2,7.67,CHEMBL1154445,2008,CHEMBL1036648
CHEMBL1423,O=c1[nH]c2ccccc2n1C1CCN(CCCC(c2ccc(F)cc2)c2ccc(F)cc2)CC1,8.52,CHEMBL1154445,2008,CHEMBL1036648
CHEMBL60796,Oc1ccc(CCN2CCC(Nc3nc4ccccc4n3Cc3ccc(F)cc3)CC2)cc1,9.00,CHEMBL1154445,2008,CHEMBL1036648
CHEMBL473,CN(CCOc1ccc(NS(C)(=O)=O)cc1)CCc1ccc(NS(C)(=O)=O)cc1,7.31,CHEMBL1154445,2008,CHEMBL1036648
CHEMBL219916,O=c1[nH]c2ccccc2n1CCCN1CCC(n2c(=O)[nH]c3cc(Cl)ccc32)CC1,7.24,CHEMBL1154445,2008,CHEMBL1036648
CHEMBL779,CN1CC(=O)N2[C@H](c3ccc4c(c3)OCO4)c3[nH]c4ccccc4c3C[C@@H]2C1=O,4.00,CHEMBL1154445,2008,CHEMBL1036648
CHEMBL607,CCOC(=O)C1(c2ccccc2)CCN(C)CC1,4.12,CHEMBL1154445,2008,CHEMBL1036648
CHEMBL163238,Cc1cccc(C)c1NC(=O)CC12CCCN1CCC2,4.69,CHEMBL1154445,2008,CHEMBL1036648
CHEMBL1125,Cc1cc2c(s1)Nc1ccccc1N=C2N1CCNCC1,4.85,CHEMBL1154445,2008,CHEMBL1036648
CHEMBL100454,CN1CCN(C2=Nc3ccccc3Nc3sc(CO)cc32)CC1,4.94,CHEMBL1154445,2008,CHEMBL1036648
CHEMBL494230,Cc1c(CNC(C)C)nn(-c2ccc(Cl)cc2Cl)c1-c1ccc(Cl)cc1,7.64,CHEMBL1136941,2009,CHEMBL1007470
CHEMBL512827,Cc1c(CNC2CCCC2)nn(-c2ccc(Cl)cc2Cl)c1-c1ccc(Cl)cc1,7.64,CHEMBL1136941,2009,CHEMBL1007470
CHEMBL468937,Cc1c(CNC2CCCC2)nn(-c2ccc(Cl)cc2Cl)c1-c1cccnc1,5.54,CHEMBL1136941,2009,CHEMBL1007470
CHEMBL492396,Cc1c(CNC2CCCC2)nn(-c2ncccc2Cl)c1-c1cccnc1,4.64,CHEMBL1136941,2009,CHEMBL1007470
CHEMBL492585,Cc1c(CNC2CCCC2)nn(-c2ncccc2Cl)c1-c1ccc(Cl)nc1,5.57,CHEMBL1136941,2009,CHEMBL1007470
CHEMBL494767,Cc1ccc(-c2c(C)c(CNC3CCCC3)nn2-c2ncccc2Cl)cn1,4.80,CHEMBL1136941,2009,CHEMBL1007470
CHEMBL494406,Cc1cncc(-c2c(C)c(CNC3CCCC3)nn2-c2ncccc2Cl)c1,5.05,CHEMBL1136941,2009,CHEMBL1007470
CHEMBL468307,Cc1ccc(-c2c(C)c(CNC3CCCC3)nn2-c2ncc(Cl)cc2Cl)cn1,5.92,CHEMBL1136941,2009,CHEMBL1007470
CHEMBL513855,Cc1ccc(-c2c(C)c(CNC3CCCC3F)nn2-c2ncccc2Cl)cn1,4.52,CHEMBL1136941,2009,CHEMBL1007470
CHEMBL468308,Cc1ccc(-c2c(C)c(CN[C@H]3CC[C@@H](F)C3)nn2-c2ncccc2Cl)cn1,4.54,CHEMBL1136941,2009,CHEMBL1007470
CHEMBL468518,Cc1ccc(-c2c(C)c(CNC3CCC(F)(F)C3)nn2-c2ncccc2Cl)cn1,4.68,CHEMBL1136941,2009,CHEMBL1007470
CHEMBL512975,Cc1ncc(-c2c(C)c(CNC3CCCC3)nn2-c2ncccc2Cl)cc1F,4.64,CHEMBL1136941,2009,CHEMBL1007470
CHEMBL466648,Cc1ncc(-c2c(C)c(CN[C@H]3CC[C@@H](F)C3)nn2-c2ncccc2Cl)cc1F,4.39,CHEMBL1136941,2009,CHEMBL1007470
CHEMBL2112075,CC(C)(Cc1ccc2ccccc2c1)NC[C@@H](O)COc1cccc(Cl)c1C#N.Cl,5.52,CHEMBL1137011,2009,CHEMBL939877
CHEMBL504479,COc1ccc(CC(C)(C)NCC(O)COc2ccccc2C#N)cc1,5.46,CHEMBL1137011,2009,CHEMBL939877
CHEMBL523475,COc1ccc(CC(C)(C)NCC(O)COc2cccc(Cl)c2C#N)cc1,5.44,CHEMBL1137011,2009,CHEMBL939877
CHEMBL486278,COc1ccc(CC(C)(C)NC[C@H](O)COc2cccc3[nH]c(=O)[nH]c23)cc1,4.93,CHEMBL1137011,2009,CHEMBL939877
CHEMBL466702,CCN1CCN(c2cc3[nH]c(C(=O)[C@]4(C)CC[C@@H](NC(=O)OC)CC4)nc3cc2Cl)CC1,5.31,CHEMBL1136869,2009,CHEMBL1014963
CHEMBL466112,CCN1CCN(c2cc3[nH]c(C(=O)[C@]4(C)CC[C@@H](NC(=O)OC)CC4)nc3cc2C)CC1,5.52,CHEMBL1136869,2009,CHEMBL1014963
CHEMBL466307,CCN1CCN(c2cc3[nH]c(C(=O)C4(C)CCC(=O)CC4)nc3cc2Cl)CC1,5.07,CHEMBL1136869,2009,CHEMBL1014963
CHEMBL466308,CCN1CCN(c2cc3[nH]c(C(=O)[C@]4(C)CC[C@@](C)(O)CC4)nc3cc2Cl)CC1,4.70,CHEMBL1136869,2009,CHEMBL1014963
CHEMBL511742,CCN1CCN(c2cc3[nH]c(C(=O)[C@]4(C)CC[C@](C)(O)CC4)nc3cc2Cl)CC1,5.51,CHEMBL1136869,2009,CHEMBL1014963
CHEMBL467533,CCN1CCN(c2cc3[nH]c(C(=O)[C@]4(CC)CC[C@@](C)(O)CC4)nc3cc2Cl)CC1,4.96,CHEMBL1136869,2009,CHEMBL1014963
CHEMBL494350,C[C@@H]1CN(CCO)CCN1c1cc2[nH]c(SC(C)(C)C)nc2cc1Cl,5.80,CHEMBL1136886,2009,CHEMBL972465
CHEMBL468504,CCN1CCN(c2cc3[nH]c(SC(C)(C)C)nc3cc2Cl)[C@H](C)C1,6.00,CHEMBL1136886,2009,CHEMBL972465
CHEMBL466222,CCOC(=O)N1CCC(C)(Sc2nc3cc(Cl)c(N4CCN(CC)CC4)cc3[nH]2)CC1,5.41,CHEMBL1136886,2009,CHEMBL972465
CHEMBL468301,CCN1CCN(c2cc3[nH]c(S[C@]4(C)CC[C@H](NC(=O)OC)CC4)nc3cc2Cl)CC1,5.82,CHEMBL1136886,2009,CHEMBL972465
CHEMBL468302,CCN1CCN(c2cc3[nH]c(S[C@]4(C)CC[C@@H](NC(=O)OC)CC4)nc3cc2Cl)CC1,5.46,CHEMBL1136886,2009,CHEMBL972465
CHEMBL467473,CCN1CCN(c2cc3[nH]c(SC4(C)CCC(NC(=O)OC)C4)nc3cc2Cl)CC1,5.70,CHEMBL1136886,2009,CHEMBL972465
CHEMBL466448,CCN1CCN(c2cc3[nH]c(S[C@]4(C)CC[C@@H](c5nnn(C)n5)CC4)nc3cc2Cl)CC1,5.36,CHEMBL1136886,2009,CHEMBL972465
CHEMBL511205,CCN1CCN(c2cc3[nH]c(S[C@]4(C)CC[C@@H](c5nnnn5C)CC4)nc3cc2Cl)CC1,5.20,CHEMBL1136886,2009,CHEMBL972465
CHEMBL466252,CCN1CCN(c2cc3[nH]c(S[C@]4(C)CC[C@@H](c5nc(C)no5)CC4)nc3cc2Cl)CC1,6.42,CHEMBL1136886,2009,CHEMBL972465
CHEMBL467279,CCN1CCN(c2cc3[nH]c(S[C@]4(C)CC[C@@H](c5nnco5)CC4)nc3cc2Cl)CC1,5.47,CHEMBL1136886,2009,CHEMBL972465
CHEMBL2368925,O=C(O[C@@H]1C[C@@H]2C[C@H]3C[C@H](C1)N2CC3=O)c1c[nH]c2ccccc12,5.22,CHEMBL1158373,2009,CHEMBL1023674
CHEMBL289469,CN1C2CCCC1CC(NC(=O)c1nn(C)c3ccccc13)C2,5.42,CHEMBL1158373,2009,CHEMBL1023674
CHEMBL11,CN(C)CCCN1c2ccccc2CCc2ccccc21,5.47,CHEMBL1158373,2009,CHEMBL1023674
CHEMBL71,CN(C)CCCN1c2ccccc2Sc2ccc(Cl)cc21,5.83,CHEMBL1158373,2009,CHEMBL1023674
CHEMBL45816,COCC(=O)O[C@]1(CCN(C)CCCc2nc3ccccc3[nH]2)CCc2cc(F)ccc2[C@@H]1C(C)C,5.84,CHEMBL1158373,2009,CHEMBL1023674
CHEMBL123558,CN1CCN(CCCCN2C(=O)CN(/N=C/c3ccc(-c4ccc(Cl)cc4)o3)C2=O)CC1,6.25,CHEMBL1158373,2009,CHEMBL1023674
CHEMBL1008,CC(C)COCC(CN(Cc1ccccc1)c1ccccc1)N1CCCC1,6.26,CHEMBL1158373,2009,CHEMBL1023674
CHEMBL94454,CN(c1nccc(=O)[nH]1)C1CCN(c2nc3ccccc3n2Cc2ccc(F)cc2)CC1,6.45,CHEMBL1158373,2009,CHEMBL1023674
CHEMBL1107,CCCCN(CCCC)CCC(O)c1cc2c(Cl)cc(Cl)cc2c2cc(C(F)(F)F)ccc12,6.70,CHEMBL1158373,2009,CHEMBL1023674
CHEMBL998,CCOC(=O)N1CCC(=C2c3ccc(Cl)cc3CCc3cccnc32)CC1,6.76,CHEMBL1158373,2009,CHEMBL1023674
CHEMBL219916,O=c1[nH]c2ccccc2n1CCCN1CCC(n2c(=O)[nH]c3cc(Cl)ccc32)CC1,6.79,CHEMBL1158373,2009,CHEMBL1023674
CHEMBL6966,COc1ccc(CCN(C)CCCC(C#N)(c2ccc(OC)c(OC)c2)C(C)C)cc1OC,6.84,CHEMBL1158373,2009,CHEMBL1023674
CHEMBL17157,CC(C)(C)c1ccc(C(O)CCCN2CCC(C(O)(c3ccccc3)c3ccccc3)CC2)cc1,6.89,CHEMBL1158373,2009,CHEMBL1023674
CHEMBL479,CSc1ccc2c(c1)N(CCC1CCCCN1C)c1ccccc1S2,7.45,CHEMBL1158373,2009,CHEMBL1023674
CHEMBL1108,O=C(CCCN1CC=C(n2c(=O)[nH]c3ccccc32)CC1)c1ccc(F)cc1,7.49,CHEMBL1158373,2009,CHEMBL1023674
CHEMBL54,O=C(CCCN1CCC(O)(c2ccc(Cl)cc2)CC1)c1ccc(F)cc1,7.55,CHEMBL1158373,2009,CHEMBL1023674
CHEMBL1423,O=c1[nH]c2ccccc2n1C1CCN(CCCC(c2ccc(F)cc2)c2ccc(F)cc2)CC1,7.74,CHEMBL1158373,2009,CHEMBL1023674
CHEMBL12713,O=C1NCCN1CCN1CCC(c2cn(-c3ccc(F)cc3)c3ccc(Cl)cc23)CC1,7.85,CHEMBL1158373,2009,CHEMBL1023674
CHEMBL473,CN(CCOc1ccc(NS(C)(=O)=O)cc1)CCc1ccc(NS(C)(=O)=O)cc1,7.91,CHEMBL1158373,2009,CHEMBL1023674
CHEMBL327980,Cc1cccc(CCN2CCC(C(=O)c3ccc(NS(C)(=O)=O)cc3)CC2)n1,8.11,CHEMBL1158373,2009,CHEMBL1023674
CHEMBL1729,COc1cc(N)c(Cl)cc1C(=O)NC1CCN(CCCOc2ccc(F)cc2)CC1OC,8.19,CHEMBL1158373,2009,CHEMBL1023674
CHEMBL296419,COc1ccc(CCN2CCC(Nc3nc4ccccc4n3Cc3ccc(F)cc3)CC2)cc1,9.04,CHEMBL1158373,2009,CHEMBL1023674
CHEMBL75880,C1CCC(C(CC2CCCCN2)C2CCCCC2)CC1,5.11,CHEMBL1158373,2009,CHEMBL1023674
CHEMBL629,CN(C)CCC=C1c2ccccc2CCc2ccccc21,5.00,CHEMBL1158373,2009,CHEMBL1023674
CHEMBL23,COc1ccc([C@@H]2Sc3ccccc3N(CCN(C)C)C(=O)[C@@H]2OC(C)=O)cc1,4.76,CHEMBL1158373,2009,CHEMBL1023674
CHEMBL850,C[C@@H]1CN(c2c(F)c(N)c3c(=O)c(C(=O)O)cn(C4CC4)c3c2F)C[C@H](C)N1,4.58,CHEMBL1158373,2009,CHEMBL1023674
CHEMBL472,COc1ccc(Cl)cc1C(=O)NCCc1ccc(S(=O)(=O)NC(=O)NC2CCCCC2)cc1,4.13,CHEMBL1158373,2009,CHEMBL1023674
CHEMBL583,Cc1c(F)c(N2CCNC(C)C2)cc2c1c(=O)c(C(=O)O)cn2C1CC1,4.11,CHEMBL1158373,2009,CHEMBL1023674
CHEMBL192,CCCc1nn(C)c2c(=O)[nH]c(-c3cc(S(=O)(=O)N4CCN(C)CC4)ccc3OCC)nc12,4.00,CHEMBL1158373,2009,CHEMBL1023674
CHEMBL61301,Fc1ccc(Cn2c(NC3CCNCC3)nc3ccccc32)cc1,7.55,CHEMBL1158373,2009,CHEMBL1023674
CHEMBL708,O=C1Cc2cc(CCN3CCN(c4nsc5ccccc45)CC3)c(Cl)cc2N1,6.82,CHEMBL1158373,2009,CHEMBL1023674
CHEMBL85,Cc1nc2n(c(=O)c1CCN1CCC(c3noc4cc(F)ccc34)CC1)CCCC2,6.79,CHEMBL1158373,2009,CHEMBL1023674
CHEMBL42,CN1CCN(C2=Nc3cc(Cl)ccc3Nc3ccccc32)CC1,6.72,CHEMBL1158373,2009,CHEMBL1023674
CHEMBL370805,COC(=O)[C@H]1[C@@H](OC(=O)c2ccccc2)C[C@@H]2CC[C@H]1N2C,5.24,CHEMBL1158373,2009,CHEMBL1023674
CHEMBL914,CC(C)(C(=O)O)c1ccc(C(O)CCCN2CCC(C(O)(c3ccccc3)c3ccccc3)CC2)cc1,4.67,CHEMBL1158373,2009,CHEMBL1023674
CHEMBL564840,Cl.O=c1n(C[C@@H](O)CO)c2ccccc2n1C1CCN(C[C@H]2[C@H]3CC[C@H](C3)C23CC3)CC1,4.60,CHEMBL1158463,2009,CHEMBL1025211
CHEMBL564919,CCN1C[C@@H]2[C@H](C1)[C@H]2CN(Cc1cccc(OC(F)(F)F)c1)C(=O)c1cn(C)cn1,5.66,CHEMBL1158414,2009,CHEMBL1023476
CHEMBL560750,Cn1cnc(C(=O)N(Cc2cccc(OC(F)(F)F)c2)C[C@H]2[C@@H]3CN(CC4CC4)C[C@@H]32)c1,6.28,CHEMBL1158414,2009,CHEMBL1023476
CHEMBL556247,CN1C[C@@H]2[C@H](C1)[C@H]2CN(Cc1cccc(OC(F)(F)F)c1)C(=O)c1cn(C)cn1,5.42,CHEMBL1158414,2009,CHEMBL1023476
CHEMBL563220,Cn1cnc(C(=O)N(Cc2cccc(OC(F)(F)F)c2)C[C@H]2[C@@H]3CN(CC4CCCC4)C[C@@H]32)c1,6.34,CHEMBL1158414,2009,CHEMBL1023476
CHEMBL563251,CN1C[C@@H]2[C@H](C1)[C@H]2CN(Cc1ccc(F)c(Cl)c1)C(=O)c1cn(C)cn1,5.07,CHEMBL1158414,2009,CHEMBL1023476
CHEMBL560289,Cn1cnc(C(=O)N(Cc2ccc(F)c(Cl)c2)C[C@H]2[C@@H]3CNC[C@@H]32)c1,4.84,CHEMBL1158414,2009,CHEMBL1023476
CHEMBL563761,Cn1cnc(C(=O)N(Cc2cccc(Cl)c2)[C@H]2CC[C@@H](N)CC2)c1,4.18,CHEMBL1158414,2009,CHEMBL1023476
CHEMBL559456,Clc1cccc(OC(c2cccnc2)C2CCNCC2)c1Cl,5.29,CHEMBL1151858,2009,CHEMBL1024556
CHEMBL559456,Clc1cccc(OC(c2cccnc2)C2CCNCC2)c1Cl,5.71,CHEMBL1151858,2009,CHEMBL1024556
CHEMBL549825,Clc1cccc(OC(c2cccnc2)[C@@H]2CCCNC2)c1Cl,5.18,CHEMBL1151858,2009,CHEMBL1024556
CHEMBL563495,Clc1cccc(OC(c2ccccn2)[C@H]2CCNC2)c1Cl,5.00,CHEMBL1151858,2009,CHEMBL1024556
CHEMBL541226,Clc1cccc(OC(c2ccccc2)C2CCNCC2)c1Cl,6.02,CHEMBL1151858,2009,CHEMBL1024556
CHEMBL561379,O=C(NC1CC1c1ccccc1)N1CCC(c2nnco2)CC1,4.57,CHEMBL1152451,2009,CHEMBL1051701
CHEMBL552402,O=C(NC1CC1c1ccccc1)N1CCC(c2nc3ccccc3o2)CC1,5.09,CHEMBL1152451,2009,CHEMBL1051701
CHEMBL561788,O=C(NC1CC1c1ccccc1)N1CCC(c2nc(-c3ccccc3C(F)(F)F)no2)CC1,5.22,CHEMBL1152451,2009,CHEMBL1051701
CHEMBL551058,CS(=O)(=O)c1ccc(-c2noc(C3CCN(C(=O)NC4CC4c4ccccc4)CC3)n2)cc1,5.05,CHEMBL1152451,2009,CHEMBL1051701
CHEMBL564757,O=C(NC1CC1c1ccccc1)N1CCC(c2nc(-c3cccnc3)no2)CC1,5.70,CHEMBL1152451,2009,CHEMBL1051701
CHEMBL556487,O=C(NC1CC1c1ccccc1)N1CCC(c2nc(-c3ccncc3)no2)CC1,5.00,CHEMBL1152451,2009,CHEMBL1051701
CHEMBL557032,O=C(NC1CC1c1ccccc1)N1CCC(c2nc(-c3cnccn3)no2)CC1,4.57,CHEMBL1152451,2009,CHEMBL1051701
CHEMBL552061,O=C(NC1CC1c1ccccc1)N1CCC(c2nc(-c3nccc4ccccc34)no2)CC1,5.16,CHEMBL1152451,2009,CHEMBL1051701
CHEMBL551921,O=C(NC1CC1c1ccccc1)N1CCC(c2nc(-c3ccc4ccccc4n3)no2)CC1,5.58,CHEMBL1152451,2009,CHEMBL1051701
CHEMBL555347,O=C(Nc1ccc(C(F)(F)F)cc1)N1CCC(c2nc(-c3ccccn3)no2)CC1,5.10,CHEMBL1152451,2009,CHEMBL1051701
CHEMBL562926,O=C(NC1CCc2ccccc2CC1)N1CCC(c2nc(-c3ccccn3)no2)CC1,4.60,CHEMBL1152451,2009,CHEMBL1051701
CHEMBL550242,O=C(NC1CCc2ccccc2C1)N1CCC(c2nc(-c3ccccn3)no2)CC1,5.22,CHEMBL1152451,2009,CHEMBL1051701
CHEMBL541944,O=C(CN1CCN(Cc2ccn(-c3ccc(C(F)(F)F)cn3)c2)CC1)NC(c1ccc(F)cc1)c1ccc(F)cc1,6.10,CHEMBL1152349,2009,CHEMBL1063190
CHEMBL538936,O=C(CC1CCN(Cc2ccn(-c3ccc(C(F)(F)F)cn3)c2)CC1)NC(c1ccc(F)cc1)c1ccc(F)cc1,6.10,CHEMBL1152349,2009,CHEMBL1063190
CHEMBL560063,O=C(NCc1ccc(Cl)cc1Cl)C1CCN(Cc2ccn(-c3ccc(C(F)(F)F)cn3)c2)CC1,5.46,CHEMBL1152349,2009,CHEMBL1063193
CHEMBL549635,O=C(CC1CCN(Cc2ccn(-c3ccc(C(F)(F)F)cc3)c2)CC1)N(CCCO)Cc1ccc(F)cc1,6.20,CHEMBL1152349,2009,CHEMBL1063190
CHEMBL549636,COCC(O)CN(Cc1ccc(F)cc1)C(=O)CC1CCN(Cc2ccc(-c3ccc(Cl)cc3)o2)CC1,5.96,CHEMBL1152349,2009,CHEMBL1063190
CHEMBL557306,O=C(CC1CCN(Cc2ccc(-c3ccc(Cl)cc3)o2)CC1)NCC(O)C(F)(F)F,5.99,CHEMBL1152349,2009,CHEMBL1063190
CHEMBL564674,O=C(CC1CCN(Cc2ccc(-c3ccc(Cl)cc3)o2)CC1)N1CCCC(CO)C1,5.63,CHEMBL1152349,2009,CHEMBL1063190
CHEMBL557715,O=C(NCC1(O)CCCCC1)C1CCN(Cc2ccn(-c3ccc(C(F)(F)F)cc3)c2)CC1,4.93,CHEMBL1152349,2009,CHEMBL1063190
CHEMBL550308,O=C(NCc1ccc(O)cc1Cl)C1CCN(Cc2ccn(-c3ccc(C(F)(F)F)cc3)c2)CC1,5.81,CHEMBL1152349,2009,CHEMBL1063190
CHEMBL558442,O=C(NCc1ccc(Cl)cc1O)C1CCN(Cc2ccn(-c3ccc(C(F)(F)F)cc3)c2)CC1,5.81,CHEMBL1152349,2009,CHEMBL1063190
CHEMBL562788,O=C(NCc1c(O)cc(Cl)cc1Cl)C1CCN(Cc2ccn(-c3ccc(C(F)(F)F)cc3)c2)CC1,5.38,CHEMBL1152349,2009,CHEMBL1063190
CHEMBL560584,O=C(NCCc1ccccn1)C1CCN(Cc2ccn(-c3ccc(C(F)(F)F)cc3)c2)CC1,5.00,CHEMBL1152349,2009,CHEMBL1063190
CHEMBL550455,Cn1cccc1CNC(=O)CC1CCN(Cc2ccn(-c3ccc(C(F)(F)F)cc3)c2)CC1,5.62,CHEMBL1152349,2009,CHEMBL1063190
CHEMBL550513,CN(CCC(=O)N1CCCC1)C(=O)CC1CCN(Cc2ccn(-c3ccc(C(F)(F)F)cc3)c2)CC1,4.55,CHEMBL1152349,2009,CHEMBL1063190
CHEMBL561463,CCN(CC)C(=O)C1CCCN(C(=O)CC2CCN(Cc3ccn(-c4ccc(C(F)(F)F)cc4)c3)CC2)C1,4.80,CHEMBL1152349,2009,CHEMBL1063190
CHEMBL564032,O=C(CC1CCN(Cc2ccn(-c3ccc(C(F)(F)F)cc3)c2)CC1)N1CCCC(C(=O)N2CCCC2)C1,4.51,CHEMBL1152349,2009,CHEMBL1063190
CHEMBL559237,O=C(C1CCCCN1C(=O)CC1CCN(Cc2ccn(-c3ccc(C(F)(F)F)cc3)c2)CC1)N1CCCC1,5.00,CHEMBL1152349,2009,CHEMBL1063190
CHEMBL562905,O=C(CC1CCN(Cc2ccn(-c3ccc(C(F)(F)F)cc3)c2)CC1)N1CCN(C(=O)N2CCCC2)CC1,4.85,CHEMBL1152349,2009,CHEMBL1063190
CHEMBL559535,O=C(CC1CCN(Cc2ccn(-c3ccc(C(F)(F)F)cc3)c2)CC1)NC(c1ccccc1)c1cnc[nH]1,4.94,CHEMBL1152349,2009,CHEMBL1063190
CHEMBL561584,Cc1nccn1CC(NC(=O)CC1CCN(Cc2ccn(-c3ccc(C(F)(F)F)cc3)c2)CC1)c1ccccc1,4.58,CHEMBL1152349,2009,CHEMBL1063190
CHEMBL561585,O=C(CC1CCN(Cc2ccn(-c3ccc(C(F)(F)F)cc3)c2)CC1)NC(c1ccccc1)c1ccccn1,5.64,CHEMBL1152349,2009,CHEMBL1063190
CHEMBL551924,O=C(CC1CCN(Cc2ccn(-c3ccc(C(F)(F)F)cc3)c2)CC1)NC(c1ccncc1)c1ccc(Cl)cc1,5.77,CHEMBL1152349,2009,CHEMBL1063190
CHEMBL565073,O=C(CC1CCN(Cc2ccn(-c3ccc(C(F)(F)F)cc3)c2)CC1)NC(c1ccc(F)cc1)c1cccnc1,5.66,CHEMBL1152349,2009,CHEMBL1063190
CHEMBL553196,COc1ccc(C(NC(=O)CC2CCN(Cc3ccn(-c4ccc(C(F)(F)F)cc4)c3)CC2)c2ccc(F)cc2)cn1,5.76,CHEMBL1152349,2009,CHEMBL1063190
CHEMBL549984,CCCCC(NC(=O)CC1CCN(Cc2ccn(-c3ccc(C(F)(F)F)cc3)c2)CC1)c1ccc(OC)nc1,6.00,CHEMBL1152349,2009,CHEMBL1063190
CHEMBL558052,O=C(NC1CCN(Cc2ccn(-c3ccc(C(F)(F)F)cc3)c2)CC1)NC(c1ccccc1)c1ccccc1,5.42,CHEMBL1152349,2009,CHEMBL1063190
CHEMBL554511,O=C(NCc1ccc(Cl)cc1Cl)N1CCN(Cc2ccn(-c3ccc(C(F)(F)F)cc3)c2)CC1,5.80,CHEMBL1152349,2009,CHEMBL1063193
CHEMBL472363,O=C(COc1cccc(Cl)c1)NC1CCN(Cc2ccn(-c3ccc(C(F)(F)F)cc3)c2)CC1,6.25,CHEMBL1152349,2009,CHEMBL1063190
CHEMBL557853,C[C@@H]1Sc2ccccc2O[C@@H]1c1ccc(OCCCN2CCCC2)cc1,8.30,CHEMBL1152368,2009,CHEMBL1061548
CHEMBL549433,CC[C@@H]1Sc2ccccc2O[C@@H]1c1ccc(OCCCN2CCCC2)cc1,7.96,CHEMBL1152368,2009,CHEMBL1061548
CHEMBL564514,c1ccc([C@@H]2Sc3ccccc3O[C@@H]2c2ccc(OCCCN3CCCC3)cc2)cc1,7.92,CHEMBL1152368,2009,CHEMBL1061548
CHEMBL550393,C[C@H]1Sc2ccccc2O[C@@H]1c1ccc(OCCCN2CCCC2)cc1,7.60,CHEMBL1152368,2009,CHEMBL1061548
CHEMBL560923,CC1=C(c2ccc(OCCCN3CCCC3)cc2)Oc2ccccc2S1,8.36,CHEMBL1152368,2009,CHEMBL1061548
CHEMBL549908,C[C@H]1[C@@H](c2ccc(OCCCN3CCCC3)cc2)Oc2ccccc2S1(=O)=O,6.36,CHEMBL1152368,2009,CHEMBL1061548
CHEMBL558248,C[C@@H]1[C@@H](c2ccc(OCCCN3CCCC3)cc2)Oc2ccccc2S1(=O)=O,5.89,CHEMBL1152368,2009,CHEMBL1061548
CHEMBL556100,CC1=C(c2ccc(OCCCN3CCCC3)cc2)Oc2ccccc2S1(=O)=O,6.33,CHEMBL1152368,2009,CHEMBL1061548
CHEMBL549639,COc1cccc2c1S(=O)(=O)C(C)C(c1ccc(OCCCN3CCCC3)cc1)O2,5.20,CHEMBL1152368,2009,CHEMBL1061548
CHEMBL565007,COc1ccc2c(c1)S(=O)(=O)C(C)C(c1ccc(OCCCN3CCCC3)cc1)O2,6.00,CHEMBL1152368,2009,CHEMBL1061548
CHEMBL561324,COc1ccc2c(c1)OC(c1ccc(OCCCN3CCCC3)cc1)C(C)S2(=O)=O,5.77,CHEMBL1152368,2009,CHEMBL1061548
CHEMBL562722,COc1cccc2c1OC(c1ccc(OCCCN3CCCC3)cc1)C(C)S2(=O)=O,5.16,CHEMBL1152368,2009,CHEMBL1061548
CHEMBL550050,COc1cccc2c1OC(c1ccc(OCCCN3CCCCC3)cc1)C(C)S2(=O)=O,5.32,CHEMBL1152368,2009,CHEMBL1061548
CHEMBL560863,COc1cccc2c1OC(c1ccc(OCCCN3CCC[C@H]3C)cc1)C(C)S2(=O)=O,5.54,CHEMBL1152368,2009,CHEMBL1061548
CHEMBL563779,COc1cccc2c1OC(c1ccc(OCCCN3CCC[C@@H]3C)cc1)C(C)S2(=O)=O,5.42,CHEMBL1152368,2009,CHEMBL1061548
CHEMBL550517,COc1cccc2c1OC(c1ccc(OCCCN3CCC[C@H](C)C3)cc1)C(C)S2(=O)=O,5.60,CHEMBL1152368,2009,CHEMBL1061548
CHEMBL562870,COc1cccc2c1OC(c1ccc(OC3CCN(C4CCC4)CC3)cc1)C(C)S2(=O)=O,4.85,CHEMBL1152368,2009,CHEMBL1061548
CHEMBL560386,COc1cccc2c1O[C@@H](c1ccc(OCCCN3CCCC3)cc1)[C@H](C)S2(=O)=O,5.31,CHEMBL1152368,2009,CHEMBL1061548
CHEMBL557718,COc1cccc2c1O[C@H](c1ccc(OCCCN3CCCC3)cc1)[C@@H](C)S2(=O)=O,5.21,CHEMBL1152368,2009,CHEMBL1061548
CHEMBL562326,CC1C(c2ccc(OCCCN3CCCC3)cc2)Oc2ccccc2S1(=O)=O,5.89,CHEMBL1152368,2009,CHEMBL1061548
CHEMBL560177,O=C1N(CCN2Cc3ccccc3C2)CCN1c1cccc(Cl)c1,5.50,CHEMBL1152393,2009,CHEMBL1057876
CHEMBL559029,O=C1N(CCN2Cc3ccccc3C2)CCN1c1cccc(C(F)(F)F)c1,6.10,CHEMBL1152393,2009,CHEMBL1057876
CHEMBL540241,CC(C)c1cccc(N2CCN(CCN3Cc4ccccc4C3)C2=O)c1,5.30,CHEMBL1152393,2009,CHEMBL1057876
CHEMBL561512,O=C1N(CCN2Cc3ccccc3C2)CCN1c1cc(Cl)cc(Cl)c1,5.80,CHEMBL1152393,2009,CHEMBL1057876
CHEMBL562176,N#Cc1cc(N2CCN(CCN3Cc4ccccc4C3)C2=O)ccc1F,5.00,CHEMBL1152393,2009,CHEMBL1057876
CHEMBL550502,O=C1N(CCN2Cc3ccccc3C2)CCN1c1ccc(Cl)c(Cl)c1,6.00,CHEMBL1152393,2009,CHEMBL1057876
CHEMBL565017,O=C1N(CCN2Cc3ccccc3C2)CCN1c1cccc(OC(F)(F)F)c1,6.20,CHEMBL1152393,2009,CHEMBL1057876
CHEMBL562983,O=C1N(CCN2Cc3ccccc3C2)CCN1c1ccc(F)c(Cl)c1,5.30,CHEMBL1152393,2009,CHEMBL1057876
CHEMBL559386,CC(C)Oc1cccc(N2CCN(CCN3Cc4ccccc4C3)C2=O)c1,5.40,CHEMBL1152393,2009,CHEMBL1057876
CHEMBL559856,N#Cc1cccc(N2CCN(CCN3Cc4ccccc4C3)C2=O)c1,5.50,CHEMBL1152393,2009,CHEMBL1057876
CHEMBL556272,O=C1N(CCN2Cc3ccccc3C2)CCN1c1cc(F)cc(Cl)c1,5.50,CHEMBL1152393,2009,CHEMBL1057876
CHEMBL565031,O=C1N(CCN2Cc3ccccc3C2)CCN1c1cc(Cl)ccc1F,4.70,CHEMBL1152393,2009,CHEMBL1057876
CHEMBL564298,CC(C)(C)c1ccc(N2CCN(CCN3Cc4ccccc4C3)C2=O)cc1,6.00,CHEMBL1152393,2009,CHEMBL1057876
CHEMBL556478,O=C1N(CCN2Cc3ccccc3C2)CCN1c1ccc2sccc2c1,5.70,CHEMBL1152393,2009,CHEMBL1057876
CHEMBL559780,Cc1nc2cc(N3CCN(CCN4Cc5ccccc5C4)C3=O)ccc2s1,5.40,CHEMBL1152393,2009,CHEMBL1057876
CHEMBL552460,Cc1ccc(N2CCN(CCN3Cc4ccccc4C3)C2=O)s1,4.50,CHEMBL1152393,2009,CHEMBL1057876
CHEMBL563247,O=C1N(CCN2Cc3ccccc3C2)CCN1c1csc2ccccc12,5.10,CHEMBL1152393,2009,CHEMBL1057876
CHEMBL559004,O=C1N(CCN2Cc3ccccc3C2)CCN1c1ccc2occc2c1,5.10,CHEMBL1152393,2009,CHEMBL1057876
CHEMBL549759,CC(=O)n1ccc2cc(N3CCN(CCN4Cc5ccccc5C4)C3=O)ccc21,5.00,CHEMBL1152393,2009,CHEMBL1057876
CHEMBL564477,Cc1ccc(N2CCN(CCN3Cc4ccccc4C3)C2=O)cn1,4.50,CHEMBL1152393,2009,CHEMBL1057876
CHEMBL554914,O=C1N(CCN2Cc3ccccc3C2)CCN1Cc1ccccc1,4.60,CHEMBL1152393,2009,CHEMBL1057876
CHEMBL571229,O=C1N(CCN2Cc3ccccc3C2)CCN1Cc1cccc(Cl)c1,5.60,CHEMBL1152393,2009,CHEMBL1057876
CHEMBL552366,O=C1N(CCN2Cc3ccccc3C2)CCN1Cc1cccc(C(F)(F)F)c1,5.20,CHEMBL1152393,2009,CHEMBL1057876
CHEMBL560650,O=C1N(CCN2Cc3ccccc3C2)CCN1Cc1ccc(Cl)c(Cl)c1,6.10,CHEMBL1152393,2009,CHEMBL1057876
CHEMBL552367,O=C1N(CCN2Cc3ccccc3C2)CCN1Cc1cc(Cl)ccc1Cl,6.40,CHEMBL1152393,2009,CHEMBL1057876
CHEMBL553238,O=C1N(CCN2Cc3ccccc3C2)CCN1Cc1ccc(Cl)cc1,5.70,CHEMBL1152393,2009,CHEMBL1057876
CHEMBL551386,O=C1N(CCN2Cc3ccccc3C2)CCN1Cc1ccccc1Cl,5.70,CHEMBL1152393,2009,CHEMBL1057876
CHEMBL564741,CC(c1cccc(C(F)(F)F)c1)N1CCN(CCN2Cc3ccccc3C2)C1=O,5.90,CHEMBL1152393,2009,CHEMBL1057876
CHEMBL552371,CC1CCCN(CCN2CCN(c3cccc(Cl)c3)C2=O)C1,5.50,CHEMBL1152393,2009,CHEMBL1057876
CHEMBL561054,CC1CCCCN1CCN1CCN(c2cccc(Cl)c2)C1=O,5.70,CHEMBL1152393,2009,CHEMBL1057876
CHEMBL551914,CC1CCN(CCN2CCN(c3cccc(Cl)c3)C2=O)CC1,5.80,CHEMBL1152393,2009,CHEMBL1057876
CHEMBL569846,O=C1N(CCN2CCC(C(F)(F)F)CC2)CCN1c1cccc(O)c1,4.80,CHEMBL1152393,2009,CHEMBL1057876
CHEMBL560574,O=C1N(CCN2CCC(C(F)(F)F)CC2)CCN1c1cccc(I)c1,6.70,CHEMBL1152393,2009,CHEMBL1057876
CHEMBL562624,O=C1N(CCN2CCC(C(F)(F)F)CC2)CCN1c1cccc(Cl)c1,5.90,CHEMBL1152393,2009,CHEMBL1057876
CHEMBL552373,N#Cc1cccc(N2CCN(CCN3CCC(C(F)(F)F)CC3)C2=O)c1,5.10,CHEMBL1152393,2009,CHEMBL1057876
CHEMBL559919,O=C1N(CCN2CCC(C(F)(F)F)CC2)CCN1c1cccc(OC(F)(F)F)c1,5.40,CHEMBL1152393,2009,CHEMBL1057876
CHEMBL554073,N#Cc1cc(N2CCN(CCN3CCC(C(F)(F)F)CC3)C2=O)ccc1F,5.20,CHEMBL1152393,2009,CHEMBL1057876
CHEMBL559920,COc1cccc(N2CCN(CCN3CCC(C(F)(F)F)CC3)C2=O)c1,4.60,CHEMBL1152393,2009,CHEMBL1057876
CHEMBL550849,O=C1N(CCN2CCC(C(F)(F)F)CC2)CCN1c1cccc(Cl)c1F,4.90,CHEMBL1152393,2009,CHEMBL1057876
CHEMBL571456,CC(C)N1CCN(CCN2CCN(c3cccc(C#N)c3)C2=O)CC1,4.90,CHEMBL1152393,2009,CHEMBL1057876
CHEMBL549894,CC(C)N1CCN(CCN2CCN(c3cccc(OC(F)(F)F)c3)C2=O)CC1,5.80,CHEMBL1152393,2009,CHEMBL1057876
CHEMBL564108,CC(C)N1CCN(CCN2CCN(c3ccc(F)c(C#N)c3)C2=O)CC1,4.80,CHEMBL1152393,2009,CHEMBL1057876
CHEMBL570998,CC(C)N1CCN(CCN2CCN(c3cccc(Cl)c3F)C2=O)CC1,4.70,CHEMBL1152393,2009,CHEMBL1057876
CHEMBL550358,COc1cccc(N2CCN(CCN3CCN(C(C)C)CC3)C2=O)c1,4.20,CHEMBL1152393,2009,CHEMBL1057876
CHEMBL560715,CC(C)N1CCN(CCN2CCN(c3cccc(Cl)c3)C2=O)CC1,5.20,CHEMBL1152393,2009,CHEMBL1057876
CHEMBL571221,CN1CCN(CCN2CCN(c3cccc(Cl)c3)C2=O)CC1,5.40,CHEMBL1152393,2009,CHEMBL1057876
CHEMBL508368,C[C@@H](N[C@@H]1CCCc2c1[nH]c1ccc(Br)cc21)c1ccccc1,5.77,CHEMBL1152400,2009,CHEMBL1063963
CHEMBL557502,COc1cccnc1C(=O)N1CCN(c2ccc(NC(=O)C(C)(C)c3ccccc3)cc2Cl)CC1.Cl,4.30,CHEMBL1152417,2009,CHEMBL1063998
CHEMBL564513,CCNc1cc(N2CCOCC2)cc(CCc2nc(C)c(CC)o2)n1,6.40,CHEMBL1152970,2009,CHEMBL1055593
CHEMBL571013,CCc1oc(CCc2cc(N3CCOCC3)cc(NC)n2)nc1C,6.08,CHEMBL1152970,2009,CHEMBL1055593
CHEMBL559593,CCCNc1cc(N2CCOCC2)cc(CCc2nc(C)c(CC)o2)n1,6.32,CHEMBL1152970,2009,CHEMBL1055593
CHEMBL557648,CCc1oc(CCc2cc(N3CCOCC3)cc(NC(C)C)n2)nc1C,6.27,CHEMBL1152970,2009,CHEMBL1055593
CHEMBL562677,CCc1oc(CCc2cc(N3CCOCC3)cc(NCCOC)n2)nc1C,6.05,CHEMBL1152970,2009,CHEMBL1055593
CHEMBL556183,CCc1oc(CCc2cc(N3CCOCC3)cc(NCC#N)n2)nc1C,5.37,CHEMBL1152970,2009,CHEMBL1055593
CHEMBL560921,CCc1oc(CCc2cc(N3CCOCC3)cc(NCCC#N)n2)nc1C,5.80,CHEMBL1152970,2009,CHEMBL1055593
CHEMBL562831,CCOC(=O)CNc1cc(N2CCOCC2)cc(CCc2nc(C)c(CC)o2)n1,6.04,CHEMBL1152970,2009,CHEMBL1055593
CHEMBL559987,CCc1oc(CCc2cc(N3CCOCC3)cc(NC(C)=O)n2)nc1C,5.16,CHEMBL1152970,2009,CHEMBL1055593
CHEMBL560182,CCc1oc(CCc2cc(N3CCOCC3)cc(NCC(F)(F)F)n2)nc1C,5.80,CHEMBL1152970,2009,CHEMBL1055593
CHEMBL551197,CCc1oc(SCc2cc(N3CCOCC3)cc(NCC#N)n2)nc1C,5.08,CHEMBL1152970,2009,CHEMBL1055593
CHEMBL564536,CCc1sc(CCc2cc(N3CCOCC3)cc(NC(C)c3cc(Cl)cc(NC(=O)OC(C)C)c3)n2)nc1C,7.44,CHEMBL1152970,2009,CHEMBL1055593
CHEMBL494462,CCN(CC)C(=O)c1ccc(C2=CC3(CCNCC3)Oc3ccccc32)cc1,5.10,CHEMBL1153522,2009,CHEMBL1056550
CHEMBL551412,CCNC(=O)c1ccc(C2=CC3(CCNCC3)Oc3ccccc32)cc1,4.92,CHEMBL1153522,2009,CHEMBL1056550
CHEMBL550063,NC(=O)c1ccc(C2=CC3(CCNCC3)Oc3ccccc32)cc1,4.94,CHEMBL1153522,2009,CHEMBL1056550
CHEMBL563137,CC(C)CNC(=O)c1ccc(C2=CC3(CCNCC3)Oc3ccccc32)cc1,5.50,CHEMBL1153522,2009,CHEMBL1056550
CHEMBL561882,CC(C)N(C(=O)c1ccc(C2=CC3(CCNCC3)Oc3ccccc32)cc1)C(C)C,5.17,CHEMBL1153522,2009,CHEMBL1056550
CHEMBL561805,CN(C)C(=O)c1ccc(C2=CC3(CCNCC3)Oc3ccccc32)cc1,4.64,CHEMBL1153522,2009,CHEMBL1056550
CHEMBL564922,O=C(c1ccc(C2=CC3(CCNCC3)Oc3ccccc32)cc1)N1CCCC1,4.98,CHEMBL1153522,2009,CHEMBL1056550
CHEMBL550261,O=C(c1ccc(C2=CC3(CCNCC3)Oc3ccccc32)cc1)N1CCCCC1,5.52,CHEMBL1153522,2009,CHEMBL1056550
CHEMBL551414,O=C(c1ccc(C2=CC3(CCNCC3)Oc3ccccc32)cc1)N1CCOCC1,4.27,CHEMBL1153522,2009,CHEMBL1056550
CHEMBL551613,O=C(c1ccc(C2=CC3(CCNCC3)Oc3ccccc32)cc1)N1Cc2ccccc2C1,5.46,CHEMBL1153522,2009,CHEMBL1056550
CHEMBL551536,CN(Cc1ccccc1)C(=O)c1ccc(C2=CC3(CCNCC3)Oc3ccccc32)cc1,5.80,CHEMBL1153522,2009,CHEMBL1056550
CHEMBL551615,CCN1CCc2cc(C3=CC4(CCNCC4)Oc4ccccc43)ccc2C1=O,4.87,CHEMBL1153522,2009,CHEMBL1056550
CHEMBL563893,CCN(CC)C(=O)c1ccc(C2=CC3(CCCNCC3)Oc3ccccc32)cc1,4.93,CHEMBL1153522,2009,CHEMBL1056550
CHEMBL556439,CCN(CC)C(=O)c1ccc(C2=CC3(CCNC3)Oc3ccccc32)cc1,5.19,CHEMBL1153522,2009,CHEMBL1056550
CHEMBL563700,CCN(CC)C(=O)c1ccc(C2=CC3(CCCNC3)Oc3ccccc32)cc1,4.90,CHEMBL1153522,2009,CHEMBL1056550
CHEMBL557121,CCN(CC)C(=O)c1ccc(C2CC3(CCNCC3)Oc3ccccc32)cc1,5.29,CHEMBL1153522,2009,CHEMBL1056550
CHEMBL556648,CCN(CC)C(=O)c1ccc([C@H]2CC3(CCNCC3)Oc3ccccc32)cc1,5.59,CHEMBL1153522,2009,CHEMBL1056550
CHEMBL550471,CCN(CC)C(=O)c1ccc([C@@H]2CC3(CCNCC3)Oc3ccccc32)cc1,4.73,CHEMBL1153522,2009,CHEMBL1056550
CHEMBL550472,CCN(CC)C(=O)c1ccc(C2=CC3(CCNCC3)Oc3ccccc32)s1,5.90,CHEMBL1153522,2009,CHEMBL1056550
CHEMBL550669,CCN(CC)C(=O)c1ccc(C2=CC3(CCNCC3)Oc3ccccc32)o1,5.29,CHEMBL1153522,2009,CHEMBL1056550
CHEMBL562898,CCN(CC)C(=O)c1cc(C2=CC3(CCNCC3)Oc3ccccc32)cs1,5.46,CHEMBL1153522,2009,CHEMBL1056550
CHEMBL557054,CCN(CC)C(=O)c1ccc(C2=CC3(CCNCC3)Oc3ccccc32)cn1,4.36,CHEMBL1153522,2009,CHEMBL1056550
CHEMBL561138,CCN(CC)C(=O)c1ccc(C2=CC3(CCNCC3)Oc3ccccc32)nc1,4.14,CHEMBL1153522,2009,CHEMBL1056550
CHEMBL557257,CCN(CC)C(=O)c1ccc(C2=CC3(CCNCC3)Oc3ccccc32)cc1C,5.35,CHEMBL1153522,2009,CHEMBL1056550
CHEMBL562873,CCN(CC)C(=O)c1ccc(C2=CC3(CCNCC3)Oc3ccccc32)cc1F,5.42,CHEMBL1153522,2009,CHEMBL1056550
CHEMBL557458,CCN(CC)C(=O)c1ccc(C2=CC3(CCNCC3)Oc3ccccc32)cc1O,4.68,CHEMBL1153522,2009,CHEMBL1056550
CHEMBL562478,CCN(CC)C(=O)c1ccc(C2=CC3(CCNCC3)Oc3ccccc32)c(C)c1,5.37,CHEMBL1153522,2009,CHEMBL1056550
CHEMBL559414,CCN(CC)C(=O)c1ccc(C2=CC3(CCNCC3)Oc3ccccc32)c(F)c1,6.38,CHEMBL1153522,2009,CHEMBL1056550
CHEMBL561339,CCN(CC)C(=O)c1ccc(C2=CC3(CCNCC3)Oc3ccccc32)c(O)c1,4.25,CHEMBL1153522,2009,CHEMBL1056550
CHEMBL564226,C[C@H](C1=C(CCN(C)C)Cc2ccccc21)c1ccccn1,6.05,CHEMBL1153519,2009,CHEMBL1051824
CHEMBL559251,CN(C)CCC1=C(Cc2cnccn2)c2ccccc2C1,5.26,CHEMBL1153519,2009,CHEMBL1051824
CHEMBL556506,C[C@H](C1=C(CCN(C)C)Cc2ccccc21)c1cnccn1,5.85,CHEMBL1153519,2009,CHEMBL1051824
CHEMBL564144,C[C@@H](c1ccccn1)c1c(CCN(C)C)sc2ccccc12,5.85,CHEMBL1153519,2009,CHEMBL1051824
CHEMBL563920,C[C@@H](c1ccccn1)c1c(CCN(C)C)oc2ccccc12,5.92,CHEMBL1153519,2009,CHEMBL1051824
CHEMBL551876,C[C@@H](N[C@@H]1CC[C@@H](C(=O)N2CCC(C(=O)N3CCCC3)(c3ccccc3)CC2)C(C)(C)C1)c1ccc(Cl)cc1,5.89,CHEMBL1153458,2009,CHEMBL1053229
CHEMBL557932,COc1ccc(CN[C@@H]2CC[C@@H](C(=O)N3CCC(C(=O)N4CCCC4)(c4ccccc4)CC3)C(C)(C)C2)cc1,6.05,CHEMBL1153458,2009,CHEMBL1053229
CHEMBL563052,COc1ccc([C@H](C)N[C@@H]2CC[C@@H](C(=O)N3CCC(C(=O)N4CCCC4)(c4ccccc4)CC3)C(C)(C)C2)cc1,5.33,CHEMBL1153458,2009,CHEMBL1053229
CHEMBL552762,COc1ccc([C@@H](C)N[C@@H]2CC[C@@H](C(=O)N3CCC(C(=O)N4CCCCC4)(c4ccccc4)CC3)C(C)(C)C2)cc1,5.05,CHEMBL1153458,2009,CHEMBL1053229
CHEMBL561594,COc1ccc([C@@H](C)N[C@@H]2CC[C@@H](C(=O)N3CCC(c4ccccc4)(N4CCCCC4)CC3)C(C)(C)C2)cc1,5.17,CHEMBL1153458,2009,CHEMBL1053229
CHEMBL551206,COc1ccc([C@@H](C)N[C@@H]2CC[C@@H](C(=O)N3CCC(c4ccccc4)(c4ccc(Cl)nc4)CC3)C(C)(C)C2)cc1,5.68,CHEMBL1153458,2009,CHEMBL1053229
CHEMBL171377,COc1ccc([C@@H](C)N[C@@H]2CC[C@@H](C(=O)N3CCC(c4ccccc4)(c4ccc(OC)nc4)CC3)C(C)(C)C2)cc1,6.28,CHEMBL1153458,2009,CHEMBL1053229
CHEMBL559045,COc1ccc([C@@H](C)N[C@@H]2CC[C@@H](C(=O)N3CCC(c4ccccc4)(c4cccnc4)CC3)C(C)(C)C2)cc1,5.02,CHEMBL1153458,2009,CHEMBL1053229
CHEMBL549851,COc1ccc([C@@H](C)N[C@@H]2CC[C@@H](C(=O)N3CCC(c4ccccc4)(c4ccccc4)CC3)C(C)(C)C2)cc1,6.28,CHEMBL1153458,2009,CHEMBL1053229
CHEMBL554299,Cc1ccc(-n2c(-c3ncccc3Cl)nc(CNC3CCCC3)c2C)cn1,4.72,CHEMBL1153467,2009,CHEMBL1059781
CHEMBL551208,Cc1ccc(-n2c(-c3ncccc3Cl)nc(CN[C@H]3CC[C@@H](F)C3)c2C)cn1,4.51,CHEMBL1153467,2009,CHEMBL1059781
CHEMBL564812,CCc1c(CN[C@H]2CC[C@@H](F)C2)nc(-c2ncccc2Cl)n1-c1ccc(C)nc1,4.82,CHEMBL1153467,2009,CHEMBL1059781
CHEMBL561396,Cc1ccc(-n2c(-c3ncccc3Cl)nc(CNC3CCCC3)c2C(C)C)cn1,5.00,CHEMBL1153467,2009,CHEMBL1059781
CHEMBL561397,Cc1ccc(-n2c(-c3ncccc3Cl)nc(CN[C@H]3CC[C@@H](F)C3)c2C(C)C)cn1,4.82,CHEMBL1153467,2009,CHEMBL1059781
CHEMBL556300,Cc1nc(CN[C@H]2CC[C@@H](F)C2)c(C(C)C)n1-c1cc(F)cc(F)c1,4.47,CHEMBL1153467,2009,CHEMBL1059781
CHEMBL562663,Cc1nc(CNC2CCCC2)n(C(C)C)c1-c1ccc(Cl)cc1,5.50,CHEMBL1153467,2009,CHEMBL1059781
CHEMBL563593,COCCc1nc(CN[C@H]2CC[C@@H](F)C2)n(C(C)C)c1-c1ccc(Cl)cc1,4.80,CHEMBL1153467,2009,CHEMBL1059781
CHEMBL560669,N[C@H]1Cn2c(nc3ccc(F)cc32)C[C@@H]1c1cc(F)c(F)cc1F.O=C(O)C(F)(F)F,4.77,CHEMBL1153045,2009,CHEMBL1054110
CHEMBL552479,N[C@H]1Cn2c(nc3cc(C(F)(F)F)ccc32)C[C@@H]1c1cc(F)c(F)cc1F.O=C(O)C(F)(F)F,5.12,CHEMBL1153045,2009,CHEMBL1054110
CHEMBL559940,CS(=O)(=O)c1ccc2c(c1)nc1n2C[C@H](N)[C@@H](c2cc(F)c(F)cc2F)C1.O=C(O)C(F)(F)F,4.42,CHEMBL1153045,2009,CHEMBL1054110
CHEMBL561793,CS(=O)(=O)Nc1ccc2c(c1)nc1n2C[C@H](N)[C@@H](c2cc(F)c(F)cc2F)C1.O=C(O)C(F)(F)F,5.60,CHEMBL1153045,2009,CHEMBL1054110
CHEMBL541438,N[C@H]1Cn2c(nc3cnc(C(F)(F)F)cc32)C[C@@H]1c1cc(F)c(F)cc1F.O=C(O)C(F)(F)F.O=C(O)C(F)(F)F,4.24,CHEMBL1153045,2009,CHEMBL1054110
CHEMBL562188,N[C@H]1Cn2c(nc3cnccc32)C[C@@H]1c1cc(F)c(F)cc1F.O=C(O)C(F)(F)F.O=C(O)C(F)(F)F,4.05,CHEMBL1153045,2009,CHEMBL1054110
CHEMBL559477,N[C@H]1Cn2c(nc3cnc(F)cc32)C[C@@H]1c1cc(F)c(F)cc1F.O=C(O)C(F)(F)F.O=C(O)C(F)(F)F,4.09,CHEMBL1153045,2009,CHEMBL1054110
CHEMBL562388,N[C@H]1Cn2c(nc3ncccc32)C[C@@H]1c1cc(F)c(F)cc1F.O=C(O)C(F)(F)F.O=C(O)C(F)(F)F,4.05,CHEMBL1153045,2009,CHEMBL1054110
CHEMBL476116,CC(C)C(=O)N(Cc1ccccc1-c1ccccc1)[C@H]1CCNC1,5.52,CHEMBL1153484,2009,CHEMBL1062483
CHEMBL85606,N#Cc1ccc2c(c1)CCN(CC[C@H]1CC[C@H](NC(=O)c3ccnc4ccccc34)CC1)C2,5.70,CHEMBL1153053,2009,CHEMBL1059865
CHEMBL244946,Cc1ccc2c(-c3nnc(SCCCN4CCc5ccc(-c6cc(C)nn6C)cc5CC4)n3C)cccc2n1,5.70,CHEMBL1153053,2009,CHEMBL1059865
CHEMBL272511,Cc1ccc2c(-c3nnc(SCCCN4CCc5ccc6oc(C)nc6c5CC4)n3C)cccc2n1,5.60,CHEMBL1153053,2009,CHEMBL1059865
CHEMBL563635,CCN(CC)CCN1CCN(c2cccc(Cl)c2)C1=O,5.50,CHEMBL1153053,2009,CHEMBL1059865
CHEMBL555744,COC[C@@H]1CCCN1N1CCN(c2cccc(Cl)c2)C1=O,5.30,CHEMBL1153053,2009,CHEMBL1059865
CHEMBL563563,CC1(C)C[C@@H]2C[C@@](C)(CN2CCN2CCN(c3cccc(Cl)c3)C2=O)C1,5.90,CHEMBL1153053,2009,CHEMBL1059865
CHEMBL563860,O=C1N(CCN2C[C@H]3CC[C@@H]2C3)CCN1c1cccc(Cl)c1,4.90,CHEMBL1153053,2009,CHEMBL1059865
CHEMBL541435,COCC1[C@@H]2CC[C@H]1CN(CCN1CCN(c3cccc(Cl)c3)C1=O)C2,6.00,CHEMBL1153053,2009,CHEMBL1059865
CHEMBL551927,C[C@@]12CC(c3ccccc3)C[C@@H](C1)N(CCN1CCN(c3cccc(Cl)c3)C1=O)C2,7.20,CHEMBL1153053,2009,CHEMBL1059865
CHEMBL565075,O=C1N(CCN2C[C@H]3CC[C@H](CC3)C2)CCN1c1cccc(Cl)c1,6.40,CHEMBL1153053,2009,CHEMBL1059865
CHEMBL564930,CC1(C)[C@H]2CC[C@]1(C)CN(CCN1CCN(c3cccc(Cl)c3)C1=O)C2,5.90,CHEMBL1153053,2009,CHEMBL1059865
CHEMBL562464,O=C1N(CCN2C[C@@H]3CC[C@H]2Cc2ccccc2C3)CCN1c1cccc(Cl)c1,7.20,CHEMBL1153053,2009,CHEMBL1059865
CHEMBL563580,O=C1N(CCN2[C@@H]3CCC[C@H]2CC3)CCN1c1cccc(Cl)c1,5.80,CHEMBL1153053,2009,CHEMBL1059865
CHEMBL556496,COc1cccc(C2CCCN(CCN3CCN(c4cccc(Cl)c4)C3=O)C2)c1,6.70,CHEMBL1153053,2009,CHEMBL1059865
CHEMBL557110,O=C1N(CCN2CCCC(OCc3ccccc3)C2)CCN1c1cccc(Cl)c1,7.10,CHEMBL1153053,2009,CHEMBL1059865
CHEMBL561128,O=C1N(CCN2CCC(c3ccc(Cl)cc3)CC2)CCN1c1cccc(Cl)c1,8.10,CHEMBL1153053,2009,CHEMBL1059865
CHEMBL563926,COc1cccc(CCN(C)CCN2CCN(c3cccc(Cl)c3)C2=O)c1,6.20,CHEMBL1153053,2009,CHEMBL1059865
CHEMBL554693,COc1ccc(CCN(C)CCN2CCN(c3cccc(Cl)c3)C2=O)cc1OC,5.60,CHEMBL1153053,2009,CHEMBL1059865
CHEMBL561326,O=C1N(CCN2CCC(c3nnc(-c4ccccc4)o3)CC2)CCN1c1cccc(Cl)c1,6.60,CHEMBL1153053,2009,CHEMBL1059865
CHEMBL554738,CN(CCN1CCN(c2cccc(Cl)c2)C1=O)Cc1cc2ccccc2s1,5.80,CHEMBL1153053,2009,CHEMBL1059865
CHEMBL549438,Cc1cc(CN(C)CCN2CCN(c3cccc(Cl)c3)C2=O)on1,4.30,CHEMBL1153053,2009,CHEMBL1059865
CHEMBL559873,O=C1N(CCN2CCCc3sccc3C2)CCN1c1cccc(Cl)c1,6.10,CHEMBL1153053,2009,CHEMBL1059865
CHEMBL562833,CC1(C)[C@@H]2CC[C@]13CCN(CCN1CCN(c4cccc(Cl)c4)C1=O)C3C2,6.10,CHEMBL1153053,2009,CHEMBL1059865
CHEMBL560177,O=C1N(CCN2Cc3ccccc3C2)CCN1c1cccc(Cl)c1,5.50,CHEMBL1153053,2009,CHEMBL1059865
CHEMBL563274,CN(CCN1CCN(c2cccc(Cl)c2)C1=O)C[C@]12CC[C@H](CC1)C2(C)C,5.50,CHEMBL1153053,2009,CHEMBL1059865
CHEMBL558058,CN(CCN1CCN(c2cccc(C(F)(F)F)c2)C1=O)C[C@]12CC[C@H](CC1)C2(C)C,5.20,CHEMBL1153053,2009,CHEMBL1059865
CHEMBL564948,Cc1ccc(N2CCN(CCN(C)C[C@]34CC[C@H](CC3)C4(C)C)C2=O)cc1,5.60,CHEMBL1153053,2009,CHEMBL1059865
CHEMBL563435,COc1cccc(N2CCN(CCN(C)C[C@]34CC[C@H](CC3)C4(C)C)C2=O)c1,5.70,CHEMBL1153053,2009,CHEMBL1059865
CHEMBL560270,Cc1cccc(N2CCN(CCN(C)C[C@]34CC[C@H](CC3)C4(C)C)C2=O)c1,5.80,CHEMBL1153053,2009,CHEMBL1059865
CHEMBL562948,CN(CCN1CCN(c2ccccc2)C1=O)C[C@]12CC[C@H](CC1)C2(C)C,5.40,CHEMBL1153053,2009,CHEMBL1059865
CHEMBL562836,CN(CCN1CCN(c2ccc(F)cc2)C1=O)C[C@]12CC[C@H](CC1)C2(C)C,5.50,CHEMBL1153053,2009,CHEMBL1059865
CHEMBL564347,CN(CCN1CCN(c2ccc3c(c2)OCO3)C1=O)C[C@]12CC[C@H](CC1)C2(C)C,5.20,CHEMBL1153053,2009,CHEMBL1059865
CHEMBL560667,Cc1c(CN[C@H]2CC[C@@H](F)C2)nn(CCC#N)c1-c1cc(F)cc(F)c1,5.02,CHEMBL1153056,2009,CHEMBL1060814
CHEMBL273208,CNCc1cnc(C)cc1Oc1ccccc1Oc1ccccc1,4.95,CHEMBL1153484,2009,CHEMBL1062483
CHEMBL478834,CCOC(=O)N(Cc1ccccc1-c1ccccc1)[C@H]1CCNC1,5.30,CHEMBL1153484,2009,CHEMBL1062483
CHEMBL564071,CC(C)CN(C(=O)c1ccccc1-c1ccccc1)[C@H]1CCNC1,5.84,CHEMBL1153484,2009,CHEMBL1062483
CHEMBL556539,CCSc1ccccc1C(=O)N(CC1CCC1)[C@H]1CCNC1,5.12,CHEMBL1153484,2009,CHEMBL1062483
CHEMBL562569,O=C(c1ccccc1C1CCCC1)N(CC1CCC1)[C@H]1CCNC1,5.66,CHEMBL1153484,2009,CHEMBL1062483
CHEMBL549584,O=C(c1ccccc1Oc1ccccc1)N(CC1CCC1)[C@H]1CCNC1,6.12,CHEMBL1153484,2009,CHEMBL1062483
CHEMBL553395,CSc1ccccc1C(=O)N(C1CCCCC1)[C@H]1CCNC1,5.64,CHEMBL1153484,2009,CHEMBL1062483
CHEMBL550402,CC(C)c1ccccc1C(=O)N(CC1CCCC1)[C@H]1CCNC1,5.63,CHEMBL1153484,2009,CHEMBL1062483
CHEMBL554336,CN(C(=O)c1ccccc1Oc1ccccc1)[C@H]1CCNC1,5.04,CHEMBL1153484,2009,CHEMBL1062483
CHEMBL563117,CCN(C(=O)c1ccccc1Oc1ccccc1)[C@H]1CCNC1,5.30,CHEMBL1153484,2009,CHEMBL1062483
CHEMBL561878,O=C(c1ccccc1Oc1ccccc1)N(C1CCC1)[C@H]1CCNC1,5.53,CHEMBL1153484,2009,CHEMBL1062483
CHEMBL558651,CC(C)CN(C(=O)c1ccccc1Oc1ccccc1)[C@H]1CCNC1,5.97,CHEMBL1153484,2009,CHEMBL1062483
CHEMBL564935,O=C(c1ccccc1Oc1ccccc1)N(c1ccccc1)[C@H]1CCNC1,5.55,CHEMBL1153484,2009,CHEMBL1062483
CHEMBL538380,COc1ccc([C@H](N[C@@H]2CC[C@@H](C(=O)N3CCC(C(=O)N4CCCC4)(c4ccccc4)CC3)C(C)(C)C2)C(F)(F)F)cc1,5.13,CHEMBL1153458,2009,CHEMBL1053229
CHEMBL550410,O=C(NCc1cccc(F)c1)NC1CCN(Cc2ccn(-c3ccc(C(F)(F)F)cc3)c2)CC1,5.92,CHEMBL1153627,2009,CHEMBL1061741
CHEMBL550068,O=C(NC1CCN(Cc2ccn(-c3ccc(C(F)(F)F)cc3)c2)CC1)N1CCn2cccc2C1c1ccccc1,5.89,CHEMBL1153627,2009,CHEMBL1061741
CHEMBL564501,O=C(NC1CCN(Cc2ccn(-c3ccc(C(F)(F)F)cc3)c2)CC1)N1CCCC1Cc1cccnc1,5.76,CHEMBL1153627,2009,CHEMBL1061741
CHEMBL550876,O=C(NC1CCN(Cc2ccn(-c3ccc(C(F)(F)F)cc3)c2)CC1)N1CCCC1c1ccc(F)cc1,5.74,CHEMBL1153627,2009,CHEMBL1061741
CHEMBL557873,COc1ccc(OC2CN(C(=O)NC3CCN(Cc4ccn(-c5ccc(C(F)(F)F)cc5)c4)CC3)C2)cc1,5.69,CHEMBL1153627,2009,CHEMBL1061741
CHEMBL558863,CN(CC1(O)CCCCC1)C(=O)NC1CCN(Cc2ccn(-c3ccc(C(F)(F)F)cc3)c2)CC1,5.67,CHEMBL1153627,2009,CHEMBL1061741
CHEMBL539475,Cc1cc(C)n(CC(NC(=O)NC2CCN(Cc3ccn(-c4ccc(C(F)(F)F)cc4)c3)CC2)c2ccccc2)n1,5.55,CHEMBL1153627,2009,CHEMBL1061741
CHEMBL551281,O=C(NC1CCN(Cc2ccn(-c3ccc(C(F)(F)F)cc3)c2)CC1)N1CC(N2CCCOCC2)C1,5.52,CHEMBL1153627,2009,CHEMBL1061741
CHEMBL560283,O=C(NC1CCN(Cc2ccn(-c3ccc(C(F)(F)F)cc3)c2)CC1)N1CCCC1c1cccnc1,5.51,CHEMBL1153627,2009,CHEMBL1061741
CHEMBL558928,O=C(NC1CCN(Cc2ccn(-c3ccc(C(F)(F)F)cc3)c2)CC1)N1CCCCC1CCO,5.51,CHEMBL1153627,2009,CHEMBL1061741
CHEMBL550943,O=C(Nc1ccc(Cl)cc1CO)NC1CCN(Cc2ccn(-c3ccc(C(F)(F)F)cc3)c2)CC1,5.48,CHEMBL1153627,2009,CHEMBL1061741
CHEMBL550535,O=C(NC1CCN(Cc2ccn(-c3ccc(C(F)(F)F)cc3)c2)CC1)N1CC(N2CCC(C(F)(F)F)CC2)C1,5.41,CHEMBL1153627,2009,CHEMBL1061741
CHEMBL559329,O=C(NC[C@H]1CCCC[C@H]1O)NC1CCN(Cc2ccn(-c3ccc(C(F)(F)F)cc3)c2)CC1,5.40,CHEMBL1153627,2009,CHEMBL1061741
CHEMBL556927,O=C(NC1CCN(Cc2ccn(-c3ccc(C(F)(F)F)cc3)c2)CC1)NC(Cn1cccn1)c1ccccc1,5.39,CHEMBL1153627,2009,CHEMBL1061741
CHEMBL551886,O=C(NC1CCN(Cc2ccn(-c3ccc(C(F)(F)F)cc3)c2)CC1)N1CCC(c2ccccc2O)CC1,5.38,CHEMBL1153627,2009,CHEMBL1061741
CHEMBL558532,CN1CCN(C(=O)NC2CCN(Cc3ccn(-c4ccc(C(F)(F)F)cc4)c3)CC2)C(c2ccccc2)C1,5.33,CHEMBL1153627,2009,CHEMBL1061741
CHEMBL551543,O=C(NC1CCN(Cc2ccn(-c3ccc(C(F)(F)F)cc3)c2)CC1)N1CCCC(CO)C1,5.31,CHEMBL1153627,2009,CHEMBL1061741
CHEMBL562285,O=C(NC1CCN(Cc2ccn(-c3ccc(C(F)(F)F)cc3)c2)CC1)NC(Cc1cnccn1)c1ccccc1,5.27,CHEMBL1153627,2009,CHEMBL1061741
CHEMBL550816,O=C(NC1CCN(Cc2ccn(-c3ccc(C(F)(F)F)cc3)c2)CC1)NC(CN1CCOCC1)c1ccccc1,5.16,CHEMBL1153627,2009,CHEMBL1061741
CHEMBL564243,O=C(NC[C@@H]1CCCC[C@H]1O)NC1CCN(Cc2ccn(-c3ccc(C(F)(F)F)cc3)c2)CC1,5.13,CHEMBL1153627,2009,CHEMBL1061741
CHEMBL558726,O=C(NC1CCN(Cc2ccn(-c3ccc(C(F)(F)F)cc3)c2)CC1)N1CCC(O)(Cc2ccccc2)CC1,5.10,CHEMBL1153627,2009,CHEMBL1061741
CHEMBL551684,O=C(NC1CCN(Cc2ccn(-c3ccc(C(F)(F)F)cc3)c2)CC1)N1CCCC(C(=O)N2CCCC2)C1,4.93,CHEMBL1153627,2009,CHEMBL1061741
CHEMBL563791,O=C(NC1CCN(Cc2ccn(-c3ccc(C(F)(F)F)cc3)c2)CC1)NC(c1ccccc1)c1ncc[nH]1,4.90,CHEMBL1153627,2009,CHEMBL1061741
CHEMBL558533,O=C(NCc1nc2ccccc2[nH]1)NC1CCN(Cc2ccn(-c3ccc(C(F)(F)F)cc3)c2)CC1,4.83,CHEMBL1153627,2009,CHEMBL1061741
CHEMBL559691,O=C(NC1CCN(Cc2ccn(-c3ccc(C(F)(F)F)cc3)c2)CC1)c1c[nH]c(=O)c(Cl)c1,4.71,CHEMBL1153627,2009,CHEMBL1061741
CHEMBL561344,CC(C)C(Cn1ccnc1)NC(=O)NC1CCN(Cc2ccn(-c3ccc(C(F)(F)F)cc3)c2)CC1,4.68,CHEMBL1153627,2009,CHEMBL1061741
CHEMBL557329,O=C(NC1CCN(Cc2ccn(-c3ccc(C(F)(F)F)cc3)c2)CC1)N[C@H](CO)c1ccccc1,4.62,CHEMBL1153627,2009,CHEMBL1061741
CHEMBL563005,O=C(NC1CCN(Cc2ccn(-c3ccc(C(F)(F)F)cc3)c2)CC1)N[C@@H](CO)c1ccccc1,4.59,CHEMBL1153627,2009,CHEMBL1061741
CHEMBL472363,O=C(COc1cccc(Cl)c1)NC1CCN(Cc2ccn(-c3ccc(C(F)(F)F)cc3)c2)CC1,6.25,CHEMBL1153627,2009,CHEMBL1061741
CHEMBL550818,CN(CC1CCOCC1)C1CCN(c2nc3ccccc3n2Cc2ccc(F)cc2)CC1,7.54,CHEMBL1154013,2009,CHEMBL1060930
CHEMBL556450,Cc1cnn(C2CCN(c3nc4ccccc4n3Cc3ccc(F)cc3)CC2)c1,6.09,CHEMBL1154013,2009,CHEMBL1060930
CHEMBL94454,CN(c1nccc(=O)[nH]1)C1CCN(c2nc3ccccc3n2Cc2ccc(F)cc2)CC1,6.36,CHEMBL1154013,2009,CHEMBL1060930
CHEMBL563341,CN1CC[C@@H](N(Cc2ccccc2C(F)(F)F)c2ccc(C#N)c(Cl)c2)C1,6.11,CHEMBL1154038,2009,CHEMBL1062741
CHEMBL552023,CCN1C[C@@H](N(Cc2cc(F)ccc2Cl)c2ccc(C#N)c(Cl)c2)CC1=O,5.51,CHEMBL1154038,2009,CHEMBL1062741
CHEMBL563283,CN1C[C@@H](N(Cc2ccccc2F)c2ccc(C#N)c(Cl)c2)CC1=O,5.19,CHEMBL1154038,2009,CHEMBL1062741
CHEMBL1136,CC[C@H]1OC(=O)[C@H](C)C(=O)[C@H](C)[C@@H](O[C@@H]2O[C@H](C)C[C@H](N(C)C)[C@H]2O)[C@](C)(OC)C[C@@H](C)C(=O)[C@H](C)[C@H]2N(CCCCn3cnc(-c4cccnc4)c3)C(=O)O[C@]12C,4.40,CHEMBL1154167,2009,CHEMBL1042376
CHEMBL583091,CC[C@H]1OC(=O)[C@H](C)C(=O)[C@H](C)[C@@H](O[C@@H]2O[C@H](C)C[C@H](N(C)C)[C@H]2O)[C@](C)(O)C[C@@H](C)C(=O)[C@H](C)[C@H]2N(C3CN(Cc4ccnc5ncccc45)C3)C(=O)O[C@]12C,4.10,CHEMBL1154167,2009,CHEMBL1042376
CHEMBL583093,CC[C@H]1OC(=O)[C@H](C)C(=O)[C@H](C)[C@@H](O[C@@H]2O[C@H](C)C[C@H](N(C)C)[C@H]2O)[C@](C)(O)C[C@@H](C)C(=O)[C@H](C)[C@H]2N(C3CN([C@H](C)c4ccnc5ncccc45)C3)C(=O)O[C@]12C,4.37,CHEMBL1154167,2009,CHEMBL1042376
CHEMBL583299,CC[C@H]1OC(=O)[C@H](C)C(=O)[C@H](C)[C@@H](O[C@@H]2O[C@H](C)C[C@H](N(C)C)[C@H]2O)[C@](C)(O)C[C@@H](C)C(=O)[C@H](C)[C@H]2N(C3CN(Cc4c(O)cnc5cccnc45)C3)C(=O)O[C@]12C,4.17,CHEMBL1154167,2009,CHEMBL1042376
CHEMBL1645462,Cc1c(NC(=O)OC[C@@H]2COCCN2)cn2ncnc(Nc3ccc4c(cnn4Cc4cccc(F)c4)c3)c12,5.40,CHEMBL1154610,2009,CHEMBL1054528
CHEMBL532,CC[C@H]1OC(=O)[C@H](C)[C@@H](O[C@H]2C[C@@](C)(OC)[C@@H](O)[C@H](C)O2)[C@H](C)[C@@H](O[C@@H]2O[C@H](C)C[C@H](N(C)C)[C@H]2O)[C@](C)(O)C[C@@H](C)C(=O)[C@H](C)[C@@H](O)[C@]1(C)O,7.41,CHEMBL1154611,2009,CHEMBL1054535
CHEMBL572996,CC[C@H]1OC(=O)[C@H](C)[C@@H](O[C@H]2C[C@@](C)(OC)[C@@H](O)[C@H](C)O2)[C@H](C)[C@@H](O[C@@H]2O[C@H](C)C[C@H](N(C)C(C)C)[C@H]2O)[C@](C)(O)C[C@@H](C)[C@H](OCC(=O)NC)[C@H](C)[C@@H](O)[C@]1(C)O,6.39,CHEMBL1154611,2009,CHEMBL1054535
CHEMBL584549,CC[C@H]1OC(=O)[C@H](C)[C@@H](O[C@H]2C[C@@](C)(OC)[C@@H](O)[C@H](C)O2)[C@H](C)[C@@H](O[C@@H]2O[C@H](C)C[C@H](N(C)C(C)C)[C@H]2O)[C@](C)(O)C[C@@H](C)[C@H](O)[C@H](C)[C@@H](O)[C@]1(C)O,8.00,CHEMBL1154611,2009,CHEMBL1054535
CHEMBL1204009,CCOC(=O)CCc1ccc(OC[C@H](O)CNC(C)(C)Cc2ccc3ccccc3c2)c(C#N)c1.Cl,8.77,CHEMBL1154613,2009,CHEMBL1052905
CHEMBL180672,CC(C)(Cc1ccc2ccccc2c1)NC[C@@H](O)COc1cccc(Cl)c1C#N,8.52,CHEMBL1154613,2009,CHEMBL1052905
CHEMBL382741,CC(C)(Cc1ccc2ccccc2c1)NC[C@@H](O)COc1ccccc1C#N,8.49,CHEMBL1154613,2009,CHEMBL1052905
CHEMBL486278,COc1ccc(CC(C)(C)NC[C@H](O)COc2cccc3[nH]c(=O)[nH]c23)cc1,7.93,CHEMBL1154613,2009,CHEMBL1052905
CHEMBL570593,CC(C)(Cc1ccc2ccccc2c1)NC[C@@H](O)COc1ccc(CCC(=O)O)cc1C#N,7.49,CHEMBL1154613,2009,CHEMBL1052905
CHEMBL572163,CC(C)(Cc1ccc2ccccc2c1)NC[C@@H](O)COc1ccc(CCC(=O)O)cc1,7.42,CHEMBL1154613,2009,CHEMBL1052905
CHEMBL429436,O=C(c1ccc(Cl)cc1)N1CCC2(CCN(Cc3cccc(Oc4ccccc4)c3)CC2)CC1,6.22,CHEMBL1154736,2009,CHEMBL1045843
CHEMBL259243,O=C(c1ccc(Cl)cc1)N1CCC2(CCN(Cc3ccccc3Oc3ccccc3)CC2)CC1,7.08,CHEMBL1154736,2009,CHEMBL1045843
CHEMBL409224,COc1ccccc1Oc1ccccc1CN1CCC2(CC1)CCN(C(=O)c1ccc(Cl)cc1)CC2,7.06,CHEMBL1154736,2009,CHEMBL1045843
CHEMBL567620,CC(C)COc1ccccc1CN1CCC2(CC1)CCN(C(=O)c1ccncn1)CC2,5.31,CHEMBL1154736,2009,CHEMBL1045843
CHEMBL567419,CC(C)COc1ccccc1CN1CCC2(CC1)CCN(C(=O)c1ccncc1)CC2,5.72,CHEMBL1154736,2009,CHEMBL1045843
CHEMBL566759,C=C(C)COc1ccccc1CN1CCC2(CC1)CCN(C(=O)c1ccncc1)CC2,5.63,CHEMBL1154736,2009,CHEMBL1045843
CHEMBL583212,O=C(c1ccncc1)N1CCC2(CCN(Cc3ccccc3OC(F)(F)C(F)F)CC2)CC1,5.29,CHEMBL1154736,2009,CHEMBL1045843
CHEMBL271128,COc1ccccc1Oc1ccccc1CN1CCC2(CC1)CCN(C(=O)c1ccncc1)CC2,7.34,CHEMBL1154736,2009,CHEMBL1045843
CHEMBL270971,COc1ccccc1Oc1ccccc1CN1CCC2(CC1)CCN(C(=O)c1cc[n+]([O-])cc1)CC2,6.66,CHEMBL1154736,2009,CHEMBL1045843
CHEMBL573216,COc1ccccc1Oc1ccccc1CN1CCC2(CC1)CCN(C(=O)c1ccncn1)CC2,7.15,CHEMBL1154736,2009,CHEMBL1045843
CHEMBL271801,O=C(c1ccncc1)N1CCC2(CCN(Cc3cccc(Oc4ccccc4)c3)CC2)CC1,6.35,CHEMBL1154736,2009,CHEMBL1045843
CHEMBL410885,O=C(c1ccncn1)N1CCC2(CCN(Cc3cccc(Oc4ccccc4)c3)CC2)CC1,5.71,CHEMBL1154736,2009,CHEMBL1045843
CHEMBL574655,COc1ccccc1Oc1cccc(CN2CCC3(CC2)CCN(C(=O)c2ccncn2)CC3)c1,5.72,CHEMBL1154736,2009,CHEMBL1045843
CHEMBL272022,COc1ccccc1Oc1cccc(CN2CCC3(CC2)CCN(C(=O)c2cc[n+]([O-])cc2)CC3)c1,4.59,CHEMBL1154736,2009,CHEMBL1045843
CHEMBL566974,O=C(c1ccncn1)N1CCC2(CCN(Cc3ccccc3Oc3ccccc3)CC2)CC1,6.64,CHEMBL1154736,2009,CHEMBL1045843
CHEMBL583843,COc1ccccc1Oc1ccccc1CN1CCC2(CC1)CCN(C(=O)c1ccc[nH]c1=O)CC2,4.85,CHEMBL1154736,2009,CHEMBL1045843
CHEMBL568503,CC1(C)CCc2cc(CN3CCC4(CC3)CCN(C(=O)c3ccncn3)CC4)ccc2O1,4.95,CHEMBL1154736,2009,CHEMBL1045843
CHEMBL567202,CC1(C)CCc2cc(CN3CCC4(CC3)CCN(C(=O)c3ccc(N)cn3)CC4)ccc2O1,4.71,CHEMBL1154736,2009,CHEMBL1045843
CHEMBL568296,CC1Cc2cccc(CN3CCC4(CC3)CCN(C(=O)c3ccncc3)CC4)c2O1,4.68,CHEMBL1154736,2009,CHEMBL1045843
CHEMBL568522,CC1(C)C=Cc2cccc(CN3CCC4(CC3)CCN(C(=O)c3ccnc(N)c3)CC4)c2O1,4.42,CHEMBL1154736,2009,CHEMBL1045843
CHEMBL568523,CC1(C)Cc2cccc(CN3CCC4(CC3)CCN(C(=O)c3ccc(N)cn3)CC4)c2O1,4.36,CHEMBL1154736,2009,CHEMBL1045843
CHEMBL584087,CC1(C)Oc2cccc(CN3CCC4(CC3)CCN(C(=O)c3ccnc(N)c3)CC4)c2O1,4.78,CHEMBL1154736,2009,CHEMBL1045843
CHEMBL566324,CC1(C)Cc2cccc(CN3CCC4(CC3)CCN(C(=O)c3ncccc3N)CC4)c2O1,5.38,CHEMBL1154736,2009,CHEMBL1045843
CHEMBL567627,CC1(C)Cc2c(CN3CCC4(CC3)CCN(C(=O)c3ccnc(N)c3)CC4)cccc2O1,4.54,CHEMBL1154736,2009,CHEMBL1045843
CHEMBL566543,CC1(C)Cc2c(CN3CCC4(CC3)CCN(C(=O)c3ccc(N)cn3)CC4)cccc2O1,4.78,CHEMBL1154736,2009,CHEMBL1045843
CHEMBL583621,CC1(C)Cc2c(CN3CCC4(CC3)CCN(C(=O)c3ccncc3)CC4)cccc2O1,5.15,CHEMBL1154736,2009,CHEMBL1045843
CHEMBL568294,CC(C)(C)C1(C)Cc2c(CN3CCC4(CC3)CCN(C(=O)c3ccc(N)cn3)CC4)cccc2O1,4.95,CHEMBL1154736,2009,CHEMBL1045843
CHEMBL567417,CCCC1(CC)Cc2c(CN3CCC4(CC3)CCN(C(=O)c3ccc(N)cn3)CC4)cccc2O1,5.46,CHEMBL1154736,2009,CHEMBL1045843
CHEMBL579072,CC1(C)Oc2c(CN3CCC4(CC3)CCN(C(=O)c3ccc(N)cn3)CC4)cccc2C1(F)F,4.51,CHEMBL1154736,2009,CHEMBL1045843
CHEMBL585163,COc1ccc(CCN2C(=O)N(NS(C)(=O)=O)CC2c2ccc(C)c(C)c2)cc1,4.80,CHEMBL1154688,2009,CHEMBL1039568
CHEMBL572153,COc1ccc(CCN2C(=O)N(NS(C)(=O)=O)CC2c2ccc(C)cc2)cc1,4.95,CHEMBL1154688,2009,CHEMBL1039568
CHEMBL583254,COc1ccc(CCN2C(=O)N(NS(C)(=O)=O)CC2c2ccc(C3CC3)cc2)cc1,5.08,CHEMBL1154688,2009,CHEMBL1039568
CHEMBL583465,COc1ccc(CCN2C(=O)N(NS(C)(=O)=O)CC2c2ccc(Cl)cc2)cc1,5.06,CHEMBL1154688,2009,CHEMBL1039568
CHEMBL571041,COc1ccc(CCN2C(=O)N(NS(C)(=O)=O)CC2c2ccc(C(F)(F)F)cc2)cc1,5.04,CHEMBL1154688,2009,CHEMBL1039568
CHEMBL569184,COc1ccc(CCN2C(=O)N(NS(C)(=O)=O)C[C@@H]2c2ccc(OC)cc2)cc1,4.57,CHEMBL1154688,2009,CHEMBL1039568
CHEMBL569185,COc1ccc(CCN2C(=O)N(NS(C)(=O)=O)C[C@H]2c2ccc(OC)cc2)cc1,4.82,CHEMBL1154688,2009,CHEMBL1039568
CHEMBL571952,COc1ccc(CCN2C(=O)N(NS(C)(=O)=O)CC2c2ccc(OC(C)C)cc2)cc1,4.77,CHEMBL1154688,2009,CHEMBL1039568
CHEMBL571953,COCCOc1ccc(C2CN(NS(C)(=O)=O)C(=O)N2CCc2ccc(OC)cc2)cc1,4.48,CHEMBL1154688,2009,CHEMBL1039568
CHEMBL583430,COc1ccc(CCCN2C(=O)N(NS(C)(=O)=O)C[C@@H]2c2ccc(OC)cc2)cc1,4.85,CHEMBL1154688,2009,CHEMBL1039568
CHEMBL570360,COc1ccc(CCCN2C(=O)N(NS(C)(=O)=O)C[C@H]2c2ccc(OC)cc2)cc1,4.84,CHEMBL1154688,2009,CHEMBL1039568
CHEMBL570805,CCOc1ccc(CCN2C(=O)N(NS(C)(=O)=O)C[C@@H]2c2ccc(OC)cc2)cc1,4.91,CHEMBL1154688,2009,CHEMBL1039568
CHEMBL583047,COc1ccc([C@H]2CN(NS(C)(=O)=O)C(=O)N2CCc2ccc(OC(F)(F)F)cc2)cc1,5.25,CHEMBL1154688,2009,CHEMBL1039568
CHEMBL569628,COc1ccc(CCN2C(=O)N(NS(=O)(=O)Cc3ccccc3)C[C@@H]2c2ccc(OC)cc2)cc1,5.36,CHEMBL1154688,2009,CHEMBL1039568
CHEMBL570815,COc1ccc(CCN2C(=O)N(NS(=O)(=O)CC#N)C[C@@H]2c2ccc(OC)cc2)cc1,4.48,CHEMBL1154688,2009,CHEMBL1039568
CHEMBL571039,COc1ccc(CCN2C(=O)N(NS(=O)(=O)CF)C[C@@H]2c2ccc(OC)cc2)cc1,4.55,CHEMBL1154688,2009,CHEMBL1039568
CHEMBL429436,O=C(c1ccc(Cl)cc1)N1CCC2(CCN(Cc3cccc(Oc4ccccc4)c3)CC2)CC1,7.09,CHEMBL1154736,2009,CHEMBL1036929
CHEMBL259243,O=C(c1ccc(Cl)cc1)N1CCC2(CCN(Cc3ccccc3Oc3ccccc3)CC2)CC1,8.19,CHEMBL1154736,2009,CHEMBL1036929
CHEMBL409224,COc1ccccc1Oc1ccccc1CN1CCC2(CC1)CCN(C(=O)c1ccc(Cl)cc1)CC2,8.60,CHEMBL1154736,2009,CHEMBL1036929
CHEMBL567620,CC(C)COc1ccccc1CN1CCC2(CC1)CCN(C(=O)c1ccncn1)CC2,4.72,CHEMBL1154736,2009,CHEMBL1036929
CHEMBL567419,CC(C)COc1ccccc1CN1CCC2(CC1)CCN(C(=O)c1ccncc1)CC2,4.82,CHEMBL1154736,2009,CHEMBL1036929
CHEMBL566759,C=C(C)COc1ccccc1CN1CCC2(CC1)CCN(C(=O)c1ccncc1)CC2,5.96,CHEMBL1154736,2009,CHEMBL1036929
CHEMBL583212,O=C(c1ccncc1)N1CCC2(CCN(Cc3ccccc3OC(F)(F)C(F)F)CC2)CC1,4.77,CHEMBL1154736,2009,CHEMBL1036929
CHEMBL271128,COc1ccccc1Oc1ccccc1CN1CCC2(CC1)CCN(C(=O)c1ccncc1)CC2,7.52,CHEMBL1154736,2009,CHEMBL1036929
CHEMBL270971,COc1ccccc1Oc1ccccc1CN1CCC2(CC1)CCN(C(=O)c1cc[n+]([O-])cc1)CC2,6.68,CHEMBL1154736,2009,CHEMBL1036929
CHEMBL573216,COc1ccccc1Oc1ccccc1CN1CCC2(CC1)CCN(C(=O)c1ccncn1)CC2,6.92,CHEMBL1154736,2009,CHEMBL1036929
CHEMBL271801,O=C(c1ccncc1)N1CCC2(CCN(Cc3cccc(Oc4ccccc4)c3)CC2)CC1,6.44,CHEMBL1154736,2009,CHEMBL1036929
CHEMBL410885,O=C(c1ccncn1)N1CCC2(CCN(Cc3cccc(Oc4ccccc4)c3)CC2)CC1,5.85,CHEMBL1154736,2009,CHEMBL1036929
CHEMBL272022,COc1ccccc1Oc1cccc(CN2CCC3(CC2)CCN(C(=O)c2cc[n+]([O-])cc2)CC3)c1,5.07,CHEMBL1154736,2009,CHEMBL1036929
CHEMBL583843,COc1ccccc1Oc1ccccc1CN1CCC2(CC1)CCN(C(=O)c1ccc[nH]c1=O)CC2,5.70,CHEMBL1154736,2009,CHEMBL1036929
CHEMBL567202,CC1(C)CCc2cc(CN3CCC4(CC3)CCN(C(=O)c3ccc(N)cn3)CC4)ccc2O1,4.49,CHEMBL1154736,2009,CHEMBL1036929
CHEMBL568296,CC1Cc2cccc(CN3CCC4(CC3)CCN(C(=O)c3ccncc3)CC4)c2O1,5.09,CHEMBL1154736,2009,CHEMBL1036929
CHEMBL572537,O=C(c1ccncc1)N1CCC2(CCN(Cc3cccc4c3OCC4)CC2)CC1,5.11,CHEMBL1154736,2009,CHEMBL1036929
CHEMBL568523,CC1(C)Cc2cccc(CN3CCC4(CC3)CCN(C(=O)c3ccc(N)cn3)CC4)c2O1,4.43,CHEMBL1154736,2009,CHEMBL1036929
CHEMBL584087,CC1(C)Oc2cccc(CN3CCC4(CC3)CCN(C(=O)c3ccnc(N)c3)CC4)c2O1,6.12,CHEMBL1154736,2009,CHEMBL1036929
CHEMBL566324,CC1(C)Cc2cccc(CN3CCC4(CC3)CCN(C(=O)c3ncccc3N)CC4)c2O1,4.49,CHEMBL1154736,2009,CHEMBL1036929
CHEMBL567627,CC1(C)Cc2c(CN3CCC4(CC3)CCN(C(=O)c3ccnc(N)c3)CC4)cccc2O1,4.77,CHEMBL1154736,2009,CHEMBL1036929
CHEMBL566543,CC1(C)Cc2c(CN3CCC4(CC3)CCN(C(=O)c3ccc(N)cn3)CC4)cccc2O1,4.89,CHEMBL1154736,2009,CHEMBL1036929
CHEMBL583621,CC1(C)Cc2c(CN3CCC4(CC3)CCN(C(=O)c3ccncc3)CC4)cccc2O1,4.52,CHEMBL1154736,2009,CHEMBL1036929
CHEMBL568294,CC(C)(C)C1(C)Cc2c(CN3CCC4(CC3)CCN(C(=O)c3ccc(N)cn3)CC4)cccc2O1,4.51,CHEMBL1154736,2009,CHEMBL1036929
CHEMBL567417,CCCC1(CC)Cc2c(CN3CCC4(CC3)CCN(C(=O)c3ccc(N)cn3)CC4)cccc2O1,5.40,CHEMBL1154736,2009,CHEMBL1036929
CHEMBL579072,CC1(C)Oc2c(CN3CCC4(CC3)CCN(C(=O)c3ccc(N)cn3)CC4)cccc2C1(F)F,4.32,CHEMBL1154736,2009,CHEMBL1036929
CHEMBL17157,CC(C)(C)c1ccc(C(O)CCCN2CCC(C(O)(c3ccccc3)c3ccccc3)CC2)cc1,6.51,CHEMBL1155359,2009,CHEMBL1048092
CHEMBL571389,Cc1ccc(CCCCN2CCC(C(O)(c3ccccc3)c3ccccc3)CC2)cc1,6.40,CHEMBL1155359,2009,CHEMBL1048092
CHEMBL570033,O=C(O)c1ccc(CCCCN2CCC(C(O)(c3ccccc3)c3ccccc3)CC2)cc1,4.96,CHEMBL1155359,2009,CHEMBL1048092
CHEMBL17157,CC(C)(C)c1ccc(C(O)CCCN2CCC(C(O)(c3ccccc3)c3ccccc3)CC2)cc1,6.51,CHEMBL1155359,2009,CHEMBL1048091
CHEMBL570033,O=C(O)c1ccc(CCCCN2CCC(C(O)(c3ccccc3)c3ccccc3)CC2)cc1,4.96,CHEMBL1155359,2009,CHEMBL1048091
CHEMBL571389,Cc1ccc(CCCCN2CCC(C(O)(c3ccccc3)c3ccccc3)CC2)cc1,6.40,CHEMBL1155359,2009,CHEMBL1048091
CHEMBL570274,C[C@@H]1CNCCN1c1ccc(=O)n(CCOc2ccccc2C(F)(F)F)n1,5.43,CHEMBL1156026,2009,CHEMBL1047263
CHEMBL565833,CCCNCc1ccc(CCn2ccc(OCc3ccc(F)cc3)cc2=O)nc1,5.29,CHEMBL1155318,2009,CHEMBL1043534
CHEMBL570296,CCCNCc1ccc(CCn2ccc(OCc3ccc(F)cc3)cc2=O)cc1,5.38,CHEMBL1155318,2009,CHEMBL1043534
CHEMBL85606,N#Cc1ccc2c(c1)CCN(CC[C@H]1CC[C@H](NC(=O)c3ccnc4ccccc34)CC1)C2,5.70,CHEMBL1155321,2009,CHEMBL1044431
CHEMBL244946,Cc1ccc2c(-c3nnc(SCCCN4CCc5ccc(-c6cc(C)nn6C)cc5CC4)n3C)cccc2n1,5.70,CHEMBL1155321,2009,CHEMBL1044431
CHEMBL272511,Cc1ccc2c(-c3nnc(SCCCN4CCc5ccc6oc(C)nc6c5CC4)n3C)cccc2n1,5.60,CHEMBL1155321,2009,CHEMBL1044431
CHEMBL563635,CCN(CC)CCN1CCN(c2cccc(Cl)c2)C1=O,5.50,CHEMBL1155321,2009,CHEMBL1044431
CHEMBL555744,COC[C@@H]1CCCN1N1CCN(c2cccc(Cl)c2)C1=O,5.30,CHEMBL1155321,2009,CHEMBL1044431
CHEMBL563563,CC1(C)C[C@@H]2C[C@@](C)(CN2CCN2CCN(c3cccc(Cl)c3)C2=O)C1,5.90,CHEMBL1155321,2009,CHEMBL1044431
CHEMBL563860,O=C1N(CCN2C[C@H]3CC[C@@H]2C3)CCN1c1cccc(Cl)c1,4.90,CHEMBL1155321,2009,CHEMBL1044431
CHEMBL541435,COCC1[C@@H]2CC[C@H]1CN(CCN1CCN(c3cccc(Cl)c3)C1=O)C2,6.00,CHEMBL1155321,2009,CHEMBL1044431
CHEMBL551927,C[C@@]12CC(c3ccccc3)C[C@@H](C1)N(CCN1CCN(c3cccc(Cl)c3)C1=O)C2,7.20,CHEMBL1155321,2009,CHEMBL1044431
CHEMBL565075,O=C1N(CCN2C[C@H]3CC[C@H](CC3)C2)CCN1c1cccc(Cl)c1,6.40,CHEMBL1155321,2009,CHEMBL1044431
CHEMBL564930,CC1(C)[C@H]2CC[C@]1(C)CN(CCN1CCN(c3cccc(Cl)c3)C1=O)C2,5.90,CHEMBL1155321,2009,CHEMBL1044431
CHEMBL562464,O=C1N(CCN2C[C@@H]3CC[C@H]2Cc2ccccc2C3)CCN1c1cccc(Cl)c1,7.20,CHEMBL1155321,2009,CHEMBL1044431
CHEMBL563580,O=C1N(CCN2[C@@H]3CCC[C@H]2CC3)CCN1c1cccc(Cl)c1,5.80,CHEMBL1155321,2009,CHEMBL1044431
CHEMBL556496,COc1cccc(C2CCCN(CCN3CCN(c4cccc(Cl)c4)C3=O)C2)c1,6.70,CHEMBL1155321,2009,CHEMBL1044431
CHEMBL557110,O=C1N(CCN2CCCC(OCc3ccccc3)C2)CCN1c1cccc(Cl)c1,7.10,CHEMBL1155321,2009,CHEMBL1044431
CHEMBL561128,O=C1N(CCN2CCC(c3ccc(Cl)cc3)CC2)CCN1c1cccc(Cl)c1,8.10,CHEMBL1155321,2009,CHEMBL1044431
CHEMBL563926,COc1cccc(CCN(C)CCN2CCN(c3cccc(Cl)c3)C2=O)c1,6.20,CHEMBL1155321,2009,CHEMBL1044431
CHEMBL554693,COc1ccc(CCN(C)CCN2CCN(c3cccc(Cl)c3)C2=O)cc1OC,5.60,CHEMBL1155321,2009,CHEMBL1044431
CHEMBL561326,O=C1N(CCN2CCC(c3nnc(-c4ccccc4)o3)CC2)CCN1c1cccc(Cl)c1,6.60,CHEMBL1155321,2009,CHEMBL1044431
CHEMBL554738,CN(CCN1CCN(c2cccc(Cl)c2)C1=O)Cc1cc2ccccc2s1,5.80,CHEMBL1155321,2009,CHEMBL1044431
CHEMBL549438,Cc1cc(CN(C)CCN2CCN(c3cccc(Cl)c3)C2=O)on1,4.30,CHEMBL1155321,2009,CHEMBL1044431
CHEMBL559873,O=C1N(CCN2CCCc3sccc3C2)CCN1c1cccc(Cl)c1,6.10,CHEMBL1155321,2009,CHEMBL1044431
CHEMBL562833,CC1(C)[C@@H]2CC[C@]13CCN(CCN1CCN(c4cccc(Cl)c4)C1=O)C3C2,6.10,CHEMBL1155321,2009,CHEMBL1044431
CHEMBL560177,O=C1N(CCN2Cc3ccccc3C2)CCN1c1cccc(Cl)c1,5.50,CHEMBL1155321,2009,CHEMBL1044431
CHEMBL563274,CN(CCN1CCN(c2cccc(Cl)c2)C1=O)C[C@]12CC[C@H](CC1)C2(C)C,5.50,CHEMBL1155321,2009,CHEMBL1044431
CHEMBL558058,CN(CCN1CCN(c2cccc(C(F)(F)F)c2)C1=O)C[C@]12CC[C@H](CC1)C2(C)C,5.20,CHEMBL1155321,2009,CHEMBL1044431
CHEMBL564948,Cc1ccc(N2CCN(CCN(C)C[C@]34CC[C@H](CC3)C4(C)C)C2=O)cc1,5.60,CHEMBL1155321,2009,CHEMBL1044431
CHEMBL563435,COc1cccc(N2CCN(CCN(C)C[C@]34CC[C@H](CC3)C4(C)C)C2=O)c1,5.70,CHEMBL1155321,2009,CHEMBL1044431
CHEMBL560270,Cc1cccc(N2CCN(CCN(C)C[C@]34CC[C@H](CC3)C4(C)C)C2=O)c1,5.80,CHEMBL1155321,2009,CHEMBL1044431
CHEMBL562948,CN(CCN1CCN(c2ccccc2)C1=O)C[C@]12CC[C@H](CC1)C2(C)C,5.40,CHEMBL1155321,2009,CHEMBL1044431
CHEMBL562836,CN(CCN1CCN(c2ccc(F)cc2)C1=O)C[C@]12CC[C@H](CC1)C2(C)C,5.50,CHEMBL1155321,2009,CHEMBL1044431
CHEMBL567919,CN(CCN1CCN(C2COOC2)C1=O)C[C@]12CC[C@H](CC1)C2(C)C,5.20,CHEMBL1155321,2009,CHEMBL1044431
CHEMBL593521,Fc1cc2c(cn1)C1(CCN(Cc3ccc(Oc4ccc(F)c(F)c4)cc3)CC1)OC2,7.62,CHEMBL1155989,2009,CHEMBL1039122
CHEMBL585509,Fc1cc2c(cn1)C1(CCN(Cc3ccc(Nc4ccc(F)c(F)c4)cc3)CC1)OC2,7.64,CHEMBL1155989,2009,CHEMBL1039122
CHEMBL585856,CN(c1ccc(CN2CCC3(CC2)OCc2cc(F)ncc23)cc1)c1ccc(F)c(F)c1,7.60,CHEMBL1155989,2009,CHEMBL1039122
CHEMBL568572,OC(c1ccc(CN2CCC3(CC2)OCc2cc(F)ncc23)cc1)c1ccc(F)c(F)c1,6.28,CHEMBL1155989,2009,CHEMBL1039122
CHEMBL568361,CC(O)(c1ccc(CN2CCC3(CC2)OCc2cc(F)ncc23)cc1)c1ccc(F)c(F)c1,6.28,CHEMBL1155989,2009,CHEMBL1039122
CHEMBL566257,O=C(c1ccc(CN2CCC3(CC2)OCc2cc(F)ncc23)cc1)c1ccc(F)c(F)c1,7.77,CHEMBL1155989,2009,CHEMBL1039122
CHEMBL582978,O/N=C(/c1ccc(CN2CCC3(CC2)OCc2cc(F)ncc23)cc1)c1ccc(F)c(F)c1,6.51,CHEMBL1155989,2009,CHEMBL1039122
CHEMBL565614,O/N=C(\c1ccc(CN2CCC3(CC2)OCc2cc(F)ncc23)cc1)c1ccc(F)c(F)c1,6.55,CHEMBL1155989,2009,CHEMBL1039122
CHEMBL566880,CO/N=C(/c1ccc(CN2CCC3(CC2)OCc2cc(F)ncc23)cc1)c1ccc(F)c(F)c1,6.60,CHEMBL1155989,2009,CHEMBL1039122
CHEMBL568571,CCO/N=C(/c1ccc(CN2CCC3(CC2)OCc2cc(F)ncc23)cc1)c1ccc(F)c(F)c1,6.85,CHEMBL1155989,2009,CHEMBL1039122
CHEMBL582792,CCO/N=C(/c1ccc(F)c(F)c1)c1ccc(CN2CCC3(CC2)OCc2cc(F)ncc23)cn1,5.75,CHEMBL1155989,2009,CHEMBL1039122
CHEMBL585664,CCO/N=C(/c1ccc(F)c(F)c1)c1ccc(CN2CCC3(CC2)OCc2cn(C)c(=O)cc23)cn1,5.43,CHEMBL1155989,2009,CHEMBL1039122
CHEMBL565829,CCc1n[nH]c(CC)c1Oc1cc(C#N)cc(C#N)c1,5.01,CHEMBL1156057,2009,CHEMBL1039906
CHEMBL567916,CCc1n[nH]c(CC)c1Oc1cc(Cl)cc(C#N)c1,4.41,CHEMBL1156057,2009,CHEMBL1039906
CHEMBL576256,CCc1n[nH]c(CC)c1Oc1cc(C)cc(C#N)c1,4.00,CHEMBL1156057,2009,CHEMBL1039906
CHEMBL595944,Cc1occc1-c1nc(N)c(OC[C@@H](N)Cc2c[nH]c3ccccc23)cc1-c1cnc2[nH]nc(C)c2n1,4.98,CHEMBL1153244,2010,CHEMBL1072008
CHEMBL594717,Cc1ccc(F)cc1CO[C@H]1CCc2ccc(N3CCNC[C@H]3C)nc21,5.41,CHEMBL1153119,2010,CHEMBL1069964
CHEMBL594534,Cc1cc(Nc2ccccc2)nc(NCc2ccccn2)n1,4.80,CHEMBL1153120,2010,CHEMBL1070001
CHEMBL594752,Cc1cc(Nc2ccccc2)nc(NCc2ccc3c(c2)OCO3)n1,5.02,CHEMBL1153120,2010,CHEMBL1070001
CHEMBL594979,FC(F)(F)c1cc(Nc2ccccc2)nc(NCc2ccccn2)n1,4.40,CHEMBL1153120,2010,CHEMBL1070001
CHEMBL558664,CN1CC[C@H](N(Cc2ccccc2C(F)(F)F)c2ccc(C#N)c(Cl)c2)C1,6.11,CHEMBL1153137,2010,CHEMBL1072651
CHEMBL601500,Cc1ccccc1CN(c1ccc(C#N)c(Cl)c1)[C@H]1CCN(S(C)(=O)=O)C1,5.55,CHEMBL1153137,2010,CHEMBL1072651
CHEMBL590593,C[C@H](O)C(=O)N1CC[C@H](N(Cc2cc(Cl)ccc2Cl)c2ccc(C#N)c(Cl)c2)C1,5.66,CHEMBL1153137,2010,CHEMBL1072651
CHEMBL611369,Brc1cnc2nc(N3CCN4CCC3CC4)oc2c1,5.64,CHEMBL1159071,2010,CHEMBL1069497
CHEMBL597241,Clc1cnc2nc(N3CCN4CCC3CC4)oc2c1,5.48,CHEMBL1159071,2010,CHEMBL1069497
CHEMBL597440,Fc1cnc2nc(N3CCN4CCC3CC4)oc2c1,5.06,CHEMBL1159071,2010,CHEMBL1069497
CHEMBL604798,Cc1ccc2oc(N3CCN4CCC3CC4)nc2n1,4.40,CHEMBL1159071,2010,CHEMBL1069497
CHEMBL597276,Clc1cnc2oc(N3CCN4CCC3CC4)nc2c1,5.66,CHEMBL1159071,2010,CHEMBL1069497
CHEMBL603052,Cc1nc2nc(N3CCN4CCC3CC4)oc2cc1Cl,4.79,CHEMBL1159071,2010,CHEMBL1069497
CHEMBL598555,CCc1ccc2oc(N3CCN4CCC3CC4)nc2n1,4.56,CHEMBL1159071,2010,CHEMBL1069497
CHEMBL597737,Fc1ccccc1-c1ccc2oc(N3CCN4CCC3CC4)nc2n1,5.55,CHEMBL1159071,2010,CHEMBL1069497
CHEMBL603695,CN1C[C@H]2C[C@@H](N(Cc3ccc(F)c(C(F)(F)F)c3)C(=O)c3cn(C)cn3)C[C@H]2C1,5.76,CHEMBL1159083,2010,CHEMBL1074124
CHEMBL599480,CCN1C[C@H]2C[C@@H](N(Cc3ccc(F)c(C(F)(F)F)c3)C(=O)c3cn(C)cn3)C[C@H]2C1,5.81,CHEMBL1159083,2010,CHEMBL1074124
CHEMBL596700,Cn1cnc(C(=O)N(Cc2cccc(OC(F)(F)F)c2)[C@H]2C[C@H]3CNC[C@H]3C2)c1,4.88,CHEMBL1159083,2010,CHEMBL1074124
CHEMBL596699,Cn1cnc(C(=O)N(Cc2ccc(F)c(C(F)(F)F)c2)[C@H]2C[C@H]3CNC[C@H]3C2)c1,5.36,CHEMBL1159083,2010,CHEMBL1074124
CHEMBL3217125,Cl.Cl.Cl.Cn1cnc(C(=O)N(Cc2cccc(Cl)c2)[C@H]2CC[C@@H](N)CC2)c1,4.18,CHEMBL1159083,2010,CHEMBL1074124
CHEMBL606029,O=C(c1cc(Cc2c[nH]c(=O)c3cc(Cl)c(Cl)n23)ccc1F)N1CCC2(CCCN2)CC1,4.92,CHEMBL1158507,2010,CHEMBL1069062
CHEMBL590791,CNC(C)(C)C(=O)N1CCN(C(=O)c2cc(Cc3c[nH]c(=O)c4cc(Cl)c(Cl)n34)ccc2F)CC1,4.96,CHEMBL1158507,2010,CHEMBL1069062
CHEMBL590791,CNC(C)(C)C(=O)N1CCN(C(=O)c2cc(Cc3c[nH]c(=O)c4cc(Cl)c(Cl)n34)ccc2F)CC1,4.96,CHEMBL1158513,2010,CHEMBL1069754
CHEMBL589833,O=C(c1cc(Cc2c[nH]c(=O)c3cc(Cl)c(Cl)n23)ccc1F)N1CCC(N2CCCC2)CC1,5.10,CHEMBL1158513,2010,CHEMBL1069754
CHEMBL606029,O=C(c1cc(Cc2c[nH]c(=O)c3cc(Cl)c(Cl)n23)ccc1F)N1CCC2(CCCN2)CC1,4.92,CHEMBL1158513,2010,CHEMBL1069754
CHEMBL602875,COc1cc2c(c(N3CCN(C)CC3)c1)O[C@@H](C(=O)Nc1ccc(N3CCOCC3)cc1)CC2,4.72,CHEMBL1156870,2010,CHEMBL1065722
CHEMBL605785,COC1(c2ccc(NC(=O)c3cc(=O)c4cc(F)cc(-c5c(C)nn(C)c5C)c4o3)cn2)CCOCC1,4.02,CHEMBL1156870,2010,CHEMBL1065722
CHEMBL601873,CC(C)OC(=O)C1=CN(C(=O)c2ccc(OCCCN3CCOCC3)cc2)CC(C)(C)c2c1[nH]c1ccccc21,5.24,CHEMBL1156884,2010,CHEMBL1070849
CHEMBL589069,CCCOCCn1c(=O)c(N2CCN([C@@H](C)[C@@H](C)O)CC2)nc2cnc(-c3ccc(OC)nc3)cc21,7.27,CHEMBL1157659,2010,CHEMBL1073649
CHEMBL590036,CCCOCCn1c(=O)c(N2CCN(C[C@@H](C)O)CC2)nc2cnc(-c3ccc(OC)nc3)cc21,6.64,CHEMBL1157659,2010,CHEMBL1073649
CHEMBL591501,CCCOCCn1c(=O)c(N2CCN(CCO)CC2)nc2cnc(-c3ccc(OC)nc3)cc21,5.75,CHEMBL1157659,2010,CHEMBL1073649
CHEMBL590280,CCCOCCn1c(=O)c(N2CCN(CC)CC2)nc2cnc(-c3ccc(OC)nc3)cc21,6.50,CHEMBL1157659,2010,CHEMBL1073649
CHEMBL591477,CCCOCCn1c(=O)c(N2CCNCC2)nc2cnc(-c3ccc(OC)nc3)cc21,6.17,CHEMBL1157659,2010,CHEMBL1073649
CHEMBL567252,CCCOCCn1c(=O)c(NCCNCCO)nc2cnc(-c3ccc(OC)nc3)cc21,5.35,CHEMBL1157659,2010,CHEMBL1073649
CHEMBL608151,CCOC[C@H]1[C@@H]2CNC[C@@]21c1ccc(Cl)c(Cl)c1,5.38,CHEMBL1157620,2010,CHEMBL1068919
CHEMBL1085672,O=C1N(CC2CCCCN2)CCN1c1cccc(Cl)c1,5.10,CHEMBL1155385,2010,CHEMBL1106923
CHEMBL1084132,c1ccc(N2CCN(CC3CCCCN3)C2)cc1,4.80,CHEMBL1155385,2010,CHEMBL1106923
CHEMBL1084400,N#Cc1nc(CCCN2CCCCC2)cc(-c2cccc(C(F)(F)F)c2)n1,6.80,CHEMBL1155369,2010,CHEMBL1101904
CHEMBL1084401,CCC(CC)NCCCc1cc(-c2cccc(C(F)(F)F)c2)nc(C#N)n1,6.50,CHEMBL1155369,2010,CHEMBL1101904
CHEMBL1084402,CC(C)(C)NCCCc1cc(-c2cccc(C(F)(F)F)c2)nc(C#N)n1,5.96,CHEMBL1155369,2010,CHEMBL1101904
CHEMBL1081869,Cc1ccc(C23CC2CN(CCCSc2nnc(-c4ocnc4C)n2C)C3)c(F)c1,4.40,CHEMBL1153718,2010,CHEMBL1107671
CHEMBL1082111,Cc1ncoc1-c1nnc(SCCCN2CC3CC3(c3cc(C(F)(F)F)ccc3F)C2)n1C,5.00,CHEMBL1153718,2010,CHEMBL1107671
CHEMBL1081957,Cc1ncoc1-c1nnc(SCCCN2CC3CC3(c3cccc(C(F)(F)F)c3)C2)n1C,5.10,CHEMBL1153718,2010,CHEMBL1107671
CHEMBL1080489,COc1cccc(C23CC2CN(CCCSc2nnc(-c4ocnc4C)n2C)C3)c1,5.20,CHEMBL1153718,2010,CHEMBL1107671
CHEMBL1080189,Cc1ncoc1-c1nnc(SCCCN2CC3CC3(c3ccccc3C(F)(F)F)C2)n1C,5.20,CHEMBL1153718,2010,CHEMBL1107671
CHEMBL1081869,Cc1ccc(C23CC2CN(CCCSc2nnc(-c4ocnc4C)n2C)C3)c(F)c1,5.20,CHEMBL1153718,2010,CHEMBL1107671
CHEMBL1081203,Cc1ccc2c(-c3nnc(SCCCN4CC5CC5(c5ccccc5)C4)n3C)cccc2n1,5.30,CHEMBL1153718,2010,CHEMBL1107671
CHEMBL1081687,Cc1ncccc1-c1nnc(SCCCN2C[C@@H]3C[C@]3(c3ccc(C(F)(F)F)cc3)C2)n1C,5.30,CHEMBL1153718,2010,CHEMBL1107671
CHEMBL1081867,Cn1c(SCCCN2C[C@@H]3C[C@]3(c3ccc(C(F)(F)F)cc3)C2)nnc1-c1ccnnc1,5.40,CHEMBL1153718,2010,CHEMBL1107671
CHEMBL1080489,COc1cccc(C23CC2CN(CCCSc2nnc(-c4ocnc4C)n2C)C3)c1,5.40,CHEMBL1153718,2010,CHEMBL1107671
CHEMBL1082111,Cc1ncoc1-c1nnc(SCCCN2CC3CC3(c3cc(C(F)(F)F)ccc3F)C2)n1C,5.40,CHEMBL1153718,2010,CHEMBL1107671
CHEMBL1079938,Cc1ncoc1-c1nnc(SCCCN2CC3CC3(c3cccc(C(F)(F)F)c3F)C2)n1C,5.40,CHEMBL1153718,2010,CHEMBL1107671
CHEMBL1079494,COc1ccc(C23CC2CN(CCCSc2nnc(-c4ocnc4C)n2C)C3)cc1Cl,5.40,CHEMBL1153718,2010,CHEMBL1107671
CHEMBL1079475,Cn1c(SCCCN2C[C@@H]3C[C@]3(c3ccc(C(F)(F)F)cc3)C2)nnc1-c1cncnc1,5.50,CHEMBL1153718,2010,CHEMBL1107671
CHEMBL1081957,Cc1ncoc1-c1nnc(SCCCN2CC3CC3(c3cccc(C(F)(F)F)c3)C2)n1C,5.50,CHEMBL1153718,2010,CHEMBL1107671
CHEMBL1079938,Cc1ncoc1-c1nnc(SCCCN2CC3CC3(c3cccc(C(F)(F)F)c3F)C2)n1C,5.50,CHEMBL1153718,2010,CHEMBL1107671
CHEMBL1079578,COc1ccc(C23CC2CN(CCCSc2nnc(-c4cccc5nc(C)ccc45)n2C)C3)cc1,5.60,CHEMBL1153718,2010,CHEMBL1107671
CHEMBL1079837,COc1ccc(C23CC2CN(CCCSc2nnc(-c4ocnc4C)n2C)C3)cc1,5.60,CHEMBL1153718,2010,CHEMBL1107671
CHEMBL1081957,Cc1ncoc1-c1nnc(SCCCN2CC3CC3(c3cccc(C(F)(F)F)c3)C2)n1C,5.60,CHEMBL1153718,2010,CHEMBL1107671
CHEMBL1081587,Cc1ncoc1-c1nnc(SCCCN2CC3CC3(c3ccc(F)c(C(F)(F)F)c3)C2)n1C,5.60,CHEMBL1153718,2010,CHEMBL1107671
CHEMBL85606,N#Cc1ccc2c(c1)CCN(CC[C@H]1CC[C@H](NC(=O)c3ccnc4ccccc34)CC1)C2,5.70,CHEMBL1153718,2010,CHEMBL1107671
CHEMBL244946,Cc1ccc2c(-c3nnc(SCCCN4CCc5ccc(-c6cc(C)nn6C)cc5CC4)n3C)cccc2n1,5.70,CHEMBL1153718,2010,CHEMBL1107671
CHEMBL272150,Cc1ccc2c(-c3nnc(SCCCN4CCc5ccc6oc(C(F)(F)F)nc6c5CC4)n3C)cccc2n1,5.70,CHEMBL1153718,2010,CHEMBL1107671
CHEMBL1081203,Cc1ccc2c(-c3nnc(SCCCN4CC5CC5(c5ccccc5)C4)n3C)cccc2n1,5.70,CHEMBL1153718,2010,CHEMBL1107671
CHEMBL1080117,Cc1ccc2c(-c3nnc(SCCCN4CC5CC5(c5ccc(Cl)cc5)C4)n3C)cccc2n1,5.70,CHEMBL1153718,2010,CHEMBL1107671
CHEMBL1081746,Cc1nc(C)c(-c2nnc(SCCCN3C[C@@H]4C[C@]4(c4ccc(C(F)(F)F)cc4)C3)n2C)s1,5.70,CHEMBL1153718,2010,CHEMBL1107671
CHEMBL1079837,COc1ccc(C23CC2CN(CCCSc2nnc(-c4ocnc4C)n2C)C3)cc1,5.70,CHEMBL1153718,2010,CHEMBL1107671
CHEMBL1079462,Cc1ncoc1-c1nnc(SCCCN2CC3CC3(c3ccc(F)cc3)C2)n1C,5.70,CHEMBL1153718,2010,CHEMBL1107671
CHEMBL1079462,Cc1ncoc1-c1nnc(SCCCN2CC3CC3(c3ccc(F)cc3)C2)n1C,5.70,CHEMBL1153718,2010,CHEMBL1107671
CHEMBL1079980,Cc1ncoc1-c1nnc(SCCCN2CC3CC3(c3cccc(F)c3)C2)n1C,5.70,CHEMBL1153718,2010,CHEMBL1107671
CHEMBL1081587,Cc1ncoc1-c1nnc(SCCCN2CC3CC3(c3ccc(F)c(C(F)(F)F)c3)C2)n1C,5.70,CHEMBL1153718,2010,CHEMBL1107671
CHEMBL1081868,Cc1ncoc1-c1nnc(SCCCN2CC3CC3(c3cc(F)cc(C(F)(F)F)c3)C2)n1C,5.70,CHEMBL1153718,2010,CHEMBL1107671
CHEMBL1204409,Cc1ncoc1-c1nnc(SCCCN2CC3CC3(c3cc(F)cc(C(F)(F)F)c3)C2)n1C.Cl,5.70,CHEMBL1153718,2010,CHEMBL1107671
CHEMBL1079494,COc1ccc(C23CC2CN(CCCSc2nnc(-c4ocnc4C)n2C)C3)cc1Cl,5.70,CHEMBL1153718,2010,CHEMBL1107671
CHEMBL1081237,Cc1ccc2c(-c3nnc(SCCCN4CC5CC5(c5ccc(Cl)c(Cl)c5)C4)n3C)cccc2n1,5.80,CHEMBL1153718,2010,CHEMBL1107671
CHEMBL1080117,Cc1ccc2c(-c3nnc(SCCCN4CC5CC5(c5ccc(Cl)cc5)C4)n3C)cccc2n1,5.80,CHEMBL1153718,2010,CHEMBL1107671
CHEMBL1079667,Cc1ncoc1-c1nnc(SCCCN2CC3CC3(c3ccccc3)C2)n1C,5.80,CHEMBL1153718,2010,CHEMBL1107671
CHEMBL1080489,COc1cccc(C23CC2CN(CCCSc2nnc(-c4ocnc4C)n2C)C3)c1,5.80,CHEMBL1153718,2010,CHEMBL1107671
CHEMBL1079461,Cc1ncoc1-c1nnc(SCCCN2CC3CC3(c3cccc(Cl)c3)C2)n1C,5.80,CHEMBL1153718,2010,CHEMBL1107671
CHEMBL1079837,COc1ccc(C23CC2CN(CCCSc2nnc(-c4ocnc4C)n2C)C3)cc1,5.90,CHEMBL1153718,2010,CHEMBL1107671
CHEMBL1079461,Cc1ncoc1-c1nnc(SCCCN2CC3CC3(c3cccc(Cl)c3)C2)n1C,5.90,CHEMBL1153718,2010,CHEMBL1107671
CHEMBL1082111,Cc1ncoc1-c1nnc(SCCCN2CC3CC3(c3cc(C(F)(F)F)ccc3F)C2)n1C,5.90,CHEMBL1153718,2010,CHEMBL1107671
CHEMBL1081408,COc1ccc(C23CC2CN(CCCSc2nnc(-c4ocnc4C)n2C)C3)cc1C(F)(F)F,5.90,CHEMBL1153718,2010,CHEMBL1107671
CHEMBL1081408,COc1ccc(C23CC2CN(CCCSc2nnc(-c4ocnc4C)n2C)C3)cc1C(F)(F)F,5.90,CHEMBL1153718,2010,CHEMBL1107671
CHEMBL1081408,COc1ccc(C23CC2CN(CCCSc2nnc(-c4ocnc4C)n2C)C3)cc1C(F)(F)F,5.90,CHEMBL1153718,2010,CHEMBL1107671
CHEMBL1081237,Cc1ccc2c(-c3nnc(SCCCN4CC5CC5(c5ccc(Cl)c(Cl)c5)C4)n3C)cccc2n1,6.00,CHEMBL1153718,2010,CHEMBL1107671
CHEMBL1079481,Cc1ncoc1-c1nnc(SCCCN2CC3CC3(c3ccc(C(F)(F)F)cc3)C2)n1C,6.00,CHEMBL1153718,2010,CHEMBL1107671
CHEMBL1079824,Cc1ncoc1-c1nnc(SCCCN2C[C@@H]3C[C@]3(c3ccc(C(C)(C)C)cc3)C2)n1C,6.00,CHEMBL1153718,2010,CHEMBL1107671
CHEMBL1079980,Cc1ncoc1-c1nnc(SCCCN2CC3CC3(c3cccc(F)c3)C2)n1C,6.00,CHEMBL1153718,2010,CHEMBL1107671
CHEMBL1079980,Cc1ncoc1-c1nnc(SCCCN2CC3CC3(c3cccc(F)c3)C2)n1C,6.00,CHEMBL1153718,2010,CHEMBL1107671
CHEMBL1080846,Cc1ncoc1-c1nnc(SCCCN2CC3CC3(c3ccc(Cl)c(Cl)c3)C2)n1C,6.00,CHEMBL1153718,2010,CHEMBL1107671
CHEMBL1080846,Cc1ncoc1-c1nnc(SCCCN2CC3CC3(c3ccc(Cl)c(Cl)c3)C2)n1C,6.00,CHEMBL1153718,2010,CHEMBL1107671
CHEMBL1081023,Cc1ncoc1-c1nnc(SCCCN2CC3CC3(c3ccc(C(F)(F)F)cc3F)C2)n1C,6.00,CHEMBL1153718,2010,CHEMBL1107671
CHEMBL1079938,Cc1ncoc1-c1nnc(SCCCN2CC3CC3(c3cccc(C(F)(F)F)c3F)C2)n1C,6.00,CHEMBL1153718,2010,CHEMBL1107671
CHEMBL1081868,Cc1ncoc1-c1nnc(SCCCN2CC3CC3(c3cc(F)cc(C(F)(F)F)c3)C2)n1C,6.00,CHEMBL1153718,2010,CHEMBL1107671
CHEMBL1081869,Cc1ccc(C23CC2CN(CCCSc2nnc(-c4ocnc4C)n2C)C3)c(F)c1,6.00,CHEMBL1153718,2010,CHEMBL1107671
CHEMBL1081747,Cc1ncoc1-c1nnc(SCCCN2CC3CC3(c3ccc(Cl)cc3F)C2)n1C,6.00,CHEMBL1153718,2010,CHEMBL1107671
CHEMBL1081934,Cc1ncoc1-c1nnc(SCCCN2CC3CC3(c3cccc(OC(F)(F)F)c3)C2)n1C,6.00,CHEMBL1153718,2010,CHEMBL1107671
CHEMBL1081934,Cc1ncoc1-c1nnc(SCCCN2CC3CC3(c3cccc(OC(F)(F)F)c3)C2)n1C,6.00,CHEMBL1153718,2010,CHEMBL1107671
CHEMBL1081203,Cc1ccc2c(-c3nnc(SCCCN4CC5CC5(c5ccccc5)C4)n3C)cccc2n1,6.10,CHEMBL1153718,2010,CHEMBL1107671
CHEMBL1079640,Cc1ccc(-c2nnc(SCCCN3C[C@@H]4C[C@]4(c4ccc(C(F)(F)F)cc4)C3)n2C)cn1,6.10,CHEMBL1153718,2010,CHEMBL1107671
CHEMBL1079480,Cc1cnc(-c2nnc(SCCCN3C[C@@H]4C[C@]4(c4ccc(C(F)(F)F)cc4)C3)n2C)cn1,6.10,CHEMBL1153718,2010,CHEMBL1107671
CHEMBL1081409,Cc1ncoc1-c1nnc(SCCCN2C[C@@H]3C[C@]3(c3ccc(C(F)(F)F)cc3)C2)n1C,6.10,CHEMBL1153718,2010,CHEMBL1107671
CHEMBL1082106,Cc1ncoc1-c1nnc(SCCCN2CC3CC3(c3ccc(Br)cc3)C2)n1C,6.10,CHEMBL1153718,2010,CHEMBL1107671
CHEMBL1080490,Cc1ncoc1-c1nnc(SCCCN2CC3CC3(c3ccc(Cl)cc3)C2)n1C,6.10,CHEMBL1153718,2010,CHEMBL1107671
CHEMBL1080490,Cc1ncoc1-c1nnc(SCCCN2CC3CC3(c3ccc(Cl)cc3)C2)n1C,6.10,CHEMBL1153718,2010,CHEMBL1107671
CHEMBL1081023,Cc1ncoc1-c1nnc(SCCCN2CC3CC3(c3ccc(C(F)(F)F)cc3F)C2)n1C,6.10,CHEMBL1153718,2010,CHEMBL1107671
CHEMBL1079494,COc1ccc(C23CC2CN(CCCSc2nnc(-c4ocnc4C)n2C)C3)cc1Cl,6.10,CHEMBL1153718,2010,CHEMBL1107671
CHEMBL1081237,Cc1ccc2c(-c3nnc(SCCCN4CC5CC5(c5ccc(Cl)c(Cl)c5)C4)n3C)cccc2n1,6.20,CHEMBL1153718,2010,CHEMBL1107671
CHEMBL1079577,Cc1ccc2c(-c3nnc(SCCCN4CC5CC5(c5ccc(C#N)cc5)C4)n3C)cccc2n1,6.20,CHEMBL1153718,2010,CHEMBL1107671
CHEMBL1079578,COc1ccc(C23CC2CN(CCCSc2nnc(-c4cccc5nc(C)ccc45)n2C)C3)cc1,6.20,CHEMBL1153718,2010,CHEMBL1107671
CHEMBL1079578,COc1ccc(C23CC2CN(CCCSc2nnc(-c4cccc5nc(C)ccc45)n2C)C3)cc1,6.20,CHEMBL1153718,2010,CHEMBL1107671
CHEMBL1081686,Cn1c(SCCCN2C[C@@H]3C[C@]3(c3ccc(C(F)(F)F)cc3)C2)nnc1-c1ccccc1,6.20,CHEMBL1153718,2010,CHEMBL1107671
CHEMBL1081580,Cc1ncoc1-c1nnc(SCCCN2C[C@H]3C[C@@]3(c3ccc(C(F)(F)F)cc3)C2)n1C,6.20,CHEMBL1153718,2010,CHEMBL1107671
CHEMBL1079822,Cc1ncoc1-c1nnc(SCCCN2CC3CC3(c3ccc(C(C)(C)C)cc3)C2)n1C,6.20,CHEMBL1153718,2010,CHEMBL1107671
CHEMBL1080126,Cc1ncoc1-c1nnc(SCCCN2CC3CC3(c3ccc(C(F)(F)F)c(F)c3)C2)n1C,6.20,CHEMBL1153718,2010,CHEMBL1107671
CHEMBL1080126,Cc1ncoc1-c1nnc(SCCCN2CC3CC3(c3ccc(C(F)(F)F)c(F)c3)C2)n1C,6.20,CHEMBL1153718,2010,CHEMBL1107671
CHEMBL1081934,Cc1ncoc1-c1nnc(SCCCN2CC3CC3(c3cccc(OC(F)(F)F)c3)C2)n1C,6.20,CHEMBL1153718,2010,CHEMBL1107671
CHEMBL1080164,Cc1ccc2c(-c3nnc(SCCCN4C[C@H]5C[C@@]5(c5ccc(Br)cc5)C4)n3C)cccc2n1,6.30,CHEMBL1153718,2010,CHEMBL1107671
CHEMBL1081685,Cc1ccc2c(-c3nnc(SCCCN4C[C@@H]5C[C@]5(c5ccc(C(F)(F)F)cc5)C4)n3C)cccc2n1,6.30,CHEMBL1153718,2010,CHEMBL1107671
CHEMBL1082106,Cc1ncoc1-c1nnc(SCCCN2CC3CC3(c3ccc(Br)cc3)C2)n1C,6.30,CHEMBL1153718,2010,CHEMBL1107671
CHEMBL1080846,Cc1ncoc1-c1nnc(SCCCN2CC3CC3(c3ccc(Cl)c(Cl)c3)C2)n1C,6.30,CHEMBL1153718,2010,CHEMBL1107671
CHEMBL1081023,Cc1ncoc1-c1nnc(SCCCN2CC3CC3(c3ccc(C(F)(F)F)cc3F)C2)n1C,6.30,CHEMBL1153718,2010,CHEMBL1107671
CHEMBL1081587,Cc1ncoc1-c1nnc(SCCCN2CC3CC3(c3ccc(F)c(C(F)(F)F)c3)C2)n1C,6.30,CHEMBL1153718,2010,CHEMBL1107671
CHEMBL1081747,Cc1ncoc1-c1nnc(SCCCN2CC3CC3(c3ccc(Cl)cc3F)C2)n1C,6.30,CHEMBL1153718,2010,CHEMBL1107671
CHEMBL1079823,Cc1ncoc1-c1nnc(SCCCN2C[C@H]3C[C@@]3(c3ccc(C(C)(C)C)cc3)C2)n1C,6.40,CHEMBL1153718,2010,CHEMBL1107671
CHEMBL1082106,Cc1ncoc1-c1nnc(SCCCN2CC3CC3(c3ccc(Br)cc3)C2)n1C,6.40,CHEMBL1153718,2010,CHEMBL1107671
CHEMBL1080490,Cc1ncoc1-c1nnc(SCCCN2CC3CC3(c3ccc(Cl)cc3)C2)n1C,6.40,CHEMBL1153718,2010,CHEMBL1107671
CHEMBL1079814,Cc1cc(C(F)(F)F)ccc1C12CC1CN(CCCSc1nnc(-c3ocnc3C)n1C)C2,6.40,CHEMBL1153718,2010,CHEMBL1107671
CHEMBL1080126,Cc1ncoc1-c1nnc(SCCCN2CC3CC3(c3ccc(C(F)(F)F)c(F)c3)C2)n1C,6.40,CHEMBL1153718,2010,CHEMBL1107671
CHEMBL1081747,Cc1ncoc1-c1nnc(SCCCN2CC3CC3(c3ccc(Cl)cc3F)C2)n1C,6.40,CHEMBL1153718,2010,CHEMBL1107671
CHEMBL1079461,Cc1ncoc1-c1nnc(SCCCN2CC3CC3(c3cccc(Cl)c3)C2)n1C,6.50,CHEMBL1153718,2010,CHEMBL1107671
CHEMBL1079462,Cc1ncoc1-c1nnc(SCCCN2CC3CC3(c3ccc(F)cc3)C2)n1C,6.50,CHEMBL1153718,2010,CHEMBL1107671
CHEMBL1081966,Cc1ncoc1-c1nnc(SCCCN2CC3CC3(c3ccc(OC(F)(F)F)cc3)C2)n1C,6.50,CHEMBL1153718,2010,CHEMBL1107671
CHEMBL1081401,Cc1ccc2c(-c3nnc(SCCCN4CC5CC5(c5ccc(C(C)(C)C)cc5)C4)n3C)cccc2n1,6.60,CHEMBL1153718,2010,CHEMBL1107671
CHEMBL1081401,Cc1ccc2c(-c3nnc(SCCCN4CC5CC5(c5ccc(C(C)(C)C)cc5)C4)n3C)cccc2n1,6.60,CHEMBL1153718,2010,CHEMBL1107671
CHEMBL1081401,Cc1ccc2c(-c3nnc(SCCCN4CC5CC5(c5ccc(C(C)(C)C)cc5)C4)n3C)cccc2n1,6.60,CHEMBL1153718,2010,CHEMBL1107671
CHEMBL1080165,Cc1ccc2c(-c3nnc(SCCCN4C[C@@H]5C[C@]5(c5ccc(Br)cc5)C4)n3C)cccc2n1,6.60,CHEMBL1153718,2010,CHEMBL1107671
CHEMBL1081966,Cc1ncoc1-c1nnc(SCCCN2CC3CC3(c3ccc(OC(F)(F)F)cc3)C2)n1C,6.60,CHEMBL1153718,2010,CHEMBL1107671
CHEMBL1080117,Cc1ccc2c(-c3nnc(SCCCN4CC5CC5(c5ccc(Cl)cc5)C4)n3C)cccc2n1,6.70,CHEMBL1153718,2010,CHEMBL1107671
CHEMBL1079639,Cc1ccoc1-c1nnc(SCCCN2C[C@@H]3C[C@]3(c3ccc(C(F)(F)F)cc3)C2)n1C,6.70,CHEMBL1153718,2010,CHEMBL1107671
CHEMBL1081966,Cc1ncoc1-c1nnc(SCCCN2CC3CC3(c3ccc(OC(F)(F)F)cc3)C2)n1C,6.70,CHEMBL1153718,2010,CHEMBL1107671
CHEMBL1080293,Cc1ccc2c(-c3nnc(SCCCN4CC5CC5(c5ccc(C(F)(F)F)cc5)C4)n3C)cccc2n1,6.80,CHEMBL1153718,2010,CHEMBL1107671
CHEMBL1079497,Cc1ccc2c(-c3nnc(SCCCN4CC5CC5(c5ccc(Br)cc5)C4)n3C)cccc2n1,6.90,CHEMBL1153718,2010,CHEMBL1107671
CHEMBL1081687,Cc1ncccc1-c1nnc(SCCCN2C[C@@H]3C[C@]3(c3ccc(C(F)(F)F)cc3)C2)n1C,6.41,CHEMBL1153718,2010,CHEMBL1107673
CHEMBL1081867,Cn1c(SCCCN2C[C@@H]3C[C@]3(c3ccc(C(F)(F)F)cc3)C2)nnc1-c1ccnnc1,6.33,CHEMBL1153718,2010,CHEMBL1107673
CHEMBL1081746,Cc1nc(C)c(-c2nnc(SCCCN3C[C@@H]4C[C@]4(c4ccc(C(F)(F)F)cc4)C3)n2C)s1,6.46,CHEMBL1153718,2010,CHEMBL1107673
CHEMBL1081409,Cc1ncoc1-c1nnc(SCCCN2C[C@@H]3C[C@]3(c3ccc(C(F)(F)F)cc3)C2)n1C,6.70,CHEMBL1153718,2010,CHEMBL1107673
CHEMBL1080490,Cc1ncoc1-c1nnc(SCCCN2CC3CC3(c3ccc(Cl)cc3)C2)n1C,6.96,CHEMBL1153718,2010,CHEMBL1107673
CHEMBL1081023,Cc1ncoc1-c1nnc(SCCCN2CC3CC3(c3ccc(C(F)(F)F)cc3F)C2)n1C,6.34,CHEMBL1153718,2010,CHEMBL1107673
CHEMBL1087268,Cc1cnc(Nc2cc(N3CCN(C)CC3)nc(N[C@@H](C)c3ccc(F)cn3)n2)s1,4.89,CHEMBL1154970,2010,CHEMBL1103133
CHEMBL1087269,Cc1cnc(Nc2cc(N3CCOCC3)nc(N[C@@H](C)c3ccc(F)cn3)n2)s1,4.92,CHEMBL1154970,2010,CHEMBL1103133
CHEMBL393718,CCOc1cc(CN2CCC(Nc3nc4cc(S(N)(=O)=O)ccc4o3)CC2)ccc1OC,5.46,CHEMBL1154321,2009,CHEMBL1113040
CHEMBL1079313,CCOc1cc(CN2CCC(Nc3nc4cc(S(=O)(=O)CC)ccc4o3)CC2)ccc1OC,6.75,CHEMBL1154321,2009,CHEMBL1113040
CHEMBL1080584,CCOc1cc(CN2CCC(Nc3nc4cc(C(N)=O)ccc4o3)CC2)cc(OCC)c1F,6.37,CHEMBL1154321,2009,CHEMBL1113040
CHEMBL1080046,CCCCc1ccc(S(=O)(=O)Nc2ccc3c(c2)CCN(Cc2cc[nH]n2)CC3)cc1,5.60,CHEMBL1154336,2009,CHEMBL1109288
CHEMBL476954,CC(C)C(=O)N(Cc1cccc(Cl)c1Cl)[C@H]1CCNC1,4.61,CHEMBL1154203,2009,CHEMBL1112305
CHEMBL1080787,CC(C)CN(C(=O)c1cccc(Cl)c1Cl)[C@H]1CCNC1,4.70,CHEMBL1154203,2009,CHEMBL1112305
CHEMBL1080789,O=C(c1cccc(Cl)c1Cl)N(CCC1CC1)[C@H]1CCNC1,5.15,CHEMBL1154203,2009,CHEMBL1112305
CHEMBL1080790,CC(C)(C)CN(C(=O)c1cccc(Cl)c1Cl)[C@H]1CCNC1,4.78,CHEMBL1154203,2009,CHEMBL1112305
CHEMBL1080968,O=C(c1cccc(Cl)c1Cl)N(C1CCCC1)[C@H]1CCNC1,4.99,CHEMBL1154203,2009,CHEMBL1112305
CHEMBL1080969,CCC(CC)N(C(=O)c1cccc(Cl)c1Cl)[C@H]1CCNC1,5.11,CHEMBL1154203,2009,CHEMBL1112305
CHEMBL1079264,O=C(c1cccc(Cl)c1Cl)N(c1ccccc1)[C@H]1CCNC1,5.10,CHEMBL1154203,2009,CHEMBL1112305
CHEMBL1077647,CC(C)CN(C(=O)c1cc(Cl)ccc1Cl)[C@H]1CCNC1,4.70,CHEMBL1154203,2009,CHEMBL1112305
CHEMBL1078742,CC(C)CN(C(=O)c1ccc(Cl)c(Cl)c1)[C@H]1CCNC1,4.76,CHEMBL1154203,2009,CHEMBL1112305
CHEMBL1077638,CC(C)CN(C(=O)c1cccc(C(F)(F)F)c1Cl)[C@H]1CCNC1,5.38,CHEMBL1154203,2009,CHEMBL1112305
CHEMBL1078162,Cc1c(Cl)cccc1C(=O)N(CC(C)C)[C@H]1CCNC1,4.28,CHEMBL1154203,2009,CHEMBL1112305
CHEMBL1078169,CC(C)CN(C(=O)c1ccccc1C(C)C)[C@H]1CCNC1,4.89,CHEMBL1154203,2009,CHEMBL1112305
CHEMBL1078231,CCCC[C@H]1CN(CC2CCOCC2)C(=O)OC12CCN(C1(C)CCN(C(=O)c3c(C)ncnc3C)CC1)CC2,4.92,CHEMBL1154224,2009,CHEMBL1114086
CHEMBL1092941,CC(C)N(C)[C@@H]1CC[C@H](N2CC[C@H](NC(=O)c3cc(F)cc(C(F)(F)F)c3)C2=O)[C@H](CS(=O)(=O)c2ccccc2)C1,4.66,CHEMBL1156220,2010,CHEMBL1104433
CHEMBL1092748,CC(C)N(C)[C@@H]1CC[C@H](N2CC[C@H](NC(=O)c3cc(C(F)(F)F)cc(C(F)(F)F)c3)C2=O)[C@H](CS(=O)(=O)c2ccccc2)C1,5.40,CHEMBL1156220,2010,CHEMBL1104433
CHEMBL1092678,Cc1ccc(S(=O)(=O)C[C@@H]2C[C@H](N(C)C(C)C)CC[C@@H]2N2CC[C@H](NC(=O)c3cccc(C(F)(F)F)c3)C2=O)cc1,5.52,CHEMBL1156220,2010,CHEMBL1104433
CHEMBL1091605,CC(C)N(C)[C@@H]1CC[C@H](N2CC[C@H](NC(=O)c3cccc(C(F)(F)F)c3)C2=O)[C@H](CS(=O)(=O)c2ccccc2)C1,4.52,CHEMBL1156220,2010,CHEMBL1104433
CHEMBL1092169,CC(C)(O)C(=O)c1oc2nc(-c3ccccc3Cl)c(-c3ccc(Cl)cc3)cc2c1NC(=O)CO,5.18,CHEMBL1156265,2010,CHEMBL1114477
CHEMBL1092901,CC(=O)N1CCC(c2[nH]nc(-c3ccc(F)cc3)c2-c2ccncc2)CC1,6.10,CHEMBL1156967,2010,CHEMBL1107055
CHEMBL1091879,CC(C)C(N1CCOCC1)C(O)(c1cccnc1)c1cccnc1,4.12,CHEMBL1156169,2010,CHEMBL1108890
CHEMBL1091880,OC(c1cccnc1)(c1cccnc1)C(Cc1ccccc1)N1CCOCC1,4.82,CHEMBL1156169,2010,CHEMBL1108890
CHEMBL1088803,CCCCC(N1CCOCC1)C(O)(c1cccnc1)c1cccnc1,4.44,CHEMBL1156169,2010,CHEMBL1108890
CHEMBL1088804,CCCCCCC(N1CCOCC1)C(O)(c1cccnc1)c1cccnc1,4.56,CHEMBL1156169,2010,CHEMBL1108890
CHEMBL1090818,OC(c1cccnc1)(c1cccnc1)C(c1ccccc1)N1CCC1,4.82,CHEMBL1156169,2010,CHEMBL1108890
CHEMBL1092574,COCCN(C)C(c1ccccc1)C(O)(c1cccnc1)c1cccnc1,5.46,CHEMBL1156169,2010,CHEMBL1108890
CHEMBL1091163,OC(c1cccnc1)(c1cccnc1)C(c1ccccc1)N1CCCOCC1,5.45,CHEMBL1156169,2010,CHEMBL1108890
CHEMBL1090159,OC(c1cccnc1)(c1cccnc1)C(c1ccccc1)N1CCNCC1,5.64,CHEMBL1156169,2010,CHEMBL1108890
CHEMBL1090160,OC(c1cccnc1)(c1cccnc1)C(c1ccccc1)N1CCCCC1,4.85,CHEMBL1156169,2010,CHEMBL1108890
CHEMBL1089159,OC(c1cccnc1)(c1cccnc1)C(c1ccccc1)N1CCCC1,4.70,CHEMBL1156169,2010,CHEMBL1108890
CHEMBL559251,CN(C)CCC1=C(Cc2cnccn2)c2ccccc2C1,5.27,CHEMBL1156971,2010,CHEMBL1115186
CHEMBL1088900,COc1nccnc1CC1=C(CCN(C)C)Cc2ccccc21,5.12,CHEMBL1156971,2010,CHEMBL1115186
CHEMBL556506,C[C@H](C1=C(CCN(C)C)Cc2ccccc21)c1cnccn1,5.85,CHEMBL1156971,2010,CHEMBL1115186
CHEMBL1092597,COc1nccnc1[C@H](C)C1=C(CCN(C)C)Cc2ccccc21,5.12,CHEMBL1156971,2010,CHEMBL1115186
CHEMBL1092598,C[C@H](C1=C(CCN(C)C)Cc2ccccc21)c1nccs1,5.43,CHEMBL1156971,2010,CHEMBL1115186
CHEMBL1092599,Cc1csc([C@H](C)C2=C(CCN(C)C)Cc3ccccc32)n1,5.72,CHEMBL1156971,2010,CHEMBL1115186
CHEMBL1092600,Cc1ccc2c(c1)CC(CCN(C)C)=C2Cc1cnccn1,6.28,CHEMBL1156971,2010,CHEMBL1115186
CHEMBL1092258,COc1ccc2c(c1)CC(CCN(C)C)=C2Cc1cnccn1,5.68,CHEMBL1156971,2010,CHEMBL1115186
CHEMBL1092259,CN(C)CCC1=C(Cc2cnccn2)c2ccc(Cl)cc2C1,6.96,CHEMBL1156971,2010,CHEMBL1115186
CHEMBL1092649,CN(C)CCC1=C(Cc2cnccn2)c2ccc(F)cc2C1,6.23,CHEMBL1156971,2010,CHEMBL1115186
CHEMBL1092650,COc1nccnc1CC1=C(CCN(C)C)Cc2cc(Cl)ccc21,6.64,CHEMBL1156971,2010,CHEMBL1115186
CHEMBL1092662,CN(C)CCC1=C(Cc2cccnn2)c2ccc(F)cc2C1,6.05,CHEMBL1156971,2010,CHEMBL1115186
CHEMBL1092663,Cc1ccc2c(c1)CC(CCN(C)C)=C2[C@@H](C)c1cnccn1,6.44,CHEMBL1156971,2010,CHEMBL1115186
CHEMBL1090175,COc1ccc2c(c1)CC(CCN(C)C)=C2[C@@H](C)c1cnccn1,5.47,CHEMBL1156971,2010,CHEMBL1115186
CHEMBL1090176,COc1nccnc1[C@H](C)C1=C(CCN(C)C)Cc2cc(C)ccc21,5.42,CHEMBL1156971,2010,CHEMBL1115186
CHEMBL1090186,COc1ccc2c(c1)CC(CCN(C)C)=C2[C@@H](C)c1nccnc1OC,5.30,CHEMBL1156971,2010,CHEMBL1115186
CHEMBL1090526,COc1nccnc1[C@H](C)C1=C(CCN(C)C)Cc2cc(F)ccc21,5.75,CHEMBL1156971,2010,CHEMBL1115186
CHEMBL1090528,Cc1ccc2c(c1)CC(CCN(C)C)=C2[C@@H](C)c1nccs1,6.21,CHEMBL1156971,2010,CHEMBL1115186
CHEMBL1093623,COc1ccc2c(c1)CC(CCN(C)C)=C2[C@@H](C)c1nccs1,4.66,CHEMBL1156971,2010,CHEMBL1115186
CHEMBL1092652,CN(C)CCC1=C(Cc2cccnn2)c2ccc(Cl)cc2C1,6.66,CHEMBL1156971,2010,CHEMBL1115186
CHEMBL1091919,CSc1nn2c3c(c(C)nc2c1S(=O)(=O)c1ccccc1)CCCC3,5.08,CHEMBL1156328,2010,CHEMBL1117033
CHEMBL1091775,C[C@@H](c1ccccn1)c1c(CCN2CCC2)sc2ccccc12,5.38,CHEMBL1156278,2010,CHEMBL1106981
CHEMBL1091777,C[C@H](c1cccnc1)c1c(CCN(C)C)sc2ccccc12,6.31,CHEMBL1156278,2010,CHEMBL1106982
CHEMBL1092126,Cc1cccnc1[C@H](C)c1c(CCN(C)C)sc2ccccc12,6.04,CHEMBL1156278,2010,CHEMBL1106982
CHEMBL1091069,COc1cccnc1[C@H](C)c1c(CCN(C)C)sc2ccccc12,5.52,CHEMBL1156278,2010,CHEMBL1106982
CHEMBL1092377,C[C@@H](c1ncccc1F)c1c(CCN(C)C)sc2ccccc12,6.48,CHEMBL1156278,2010,CHEMBL1106982
CHEMBL1092495,C[C@@H](c1ccc(F)cn1)c1c(CCN(C)C)sc2ccccc12,6.62,CHEMBL1156278,2010,CHEMBL1106982
CHEMBL1093294,COc1ncccc1[C@@H](C)c1c(CCN(C)C)sc2ccccc12,5.75,CHEMBL1156278,2010,CHEMBL1106982
CHEMBL1092765,C[C@H](c1cccnc1F)c1c(CCN(C)C)sc2ccccc12,5.64,CHEMBL1156278,2010,CHEMBL1106982
CHEMBL1092766,C[C@H](c1cccnc1Cl)c1c(CCN(C)C)sc2ccccc12,5.82,CHEMBL1156278,2010,CHEMBL1106982
CHEMBL1091782,C[C@@H](c1cscn1)c1c(CCN(C)C)sc2ccccc12,5.77,CHEMBL1156278,2010,CHEMBL1106982
CHEMBL1093058,C[C@H](c1c(CCN(C)C)sc2ccccc12)n1cccn1,5.70,CHEMBL1156278,2010,CHEMBL1106982
CHEMBL1089681,O=C(NCc1cc(Cl)cc(Cl)c1)N(c1ccc(Br)cc1)C1CCN(C2CCCC2)CC1,7.21,CHEMBL1156281,2010,CHEMBL1107892
CHEMBL1094028,O=C(NCc1ccccc1)N(c1ccc(Br)cc1)C1CCN(C2CCCC2)CC1,6.75,CHEMBL1156281,2010,CHEMBL1107892
CHEMBL1094029,O=C(Nc1ccccc1)N(c1ccc(Br)cc1)C1CCN(C2CCCC2)CC1,6.73,CHEMBL1156281,2010,CHEMBL1107892
CHEMBL1094030,O=C(NCc1ccc(F)cc1)N(c1ccc(Br)cc1)C1CCN(C2CCCC2)CC1,6.70,CHEMBL1156281,2010,CHEMBL1107892
CHEMBL1092105,CCN1CCC(N(C(=O)NCc2ccc(F)cc2)c2ccc(Cl)cc2)CC1,5.18,CHEMBL1156281,2010,CHEMBL1107892
CHEMBL1092106,CCN1CCC(N(C(=O)NCc2ccc(F)cc2)c2ccc(Cl)cn2)CC1,5.04,CHEMBL1156281,2010,CHEMBL1107892
CHEMBL1093113,O=C(NCc1ccc(F)cc1)N(c1ccc(Cl)cc1)C1CCN(CCO)CC1,4.90,CHEMBL1156281,2010,CHEMBL1107892
CHEMBL1089078,O=C(NCc1ccc(F)cc1)N(c1ccc(Br)cc1)C1CCN(CCO)CC1,5.10,CHEMBL1156281,2010,CHEMBL1107892
CHEMBL1091834,O=C(NCc1ccc(F)cc1)N(c1ccc(Cl)cc1)C1CCN(Cc2ccncc2)CC1,5.42,CHEMBL1156281,2010,CHEMBL1107892
CHEMBL1091836,Nc1cc(CN2CCC(N(C(=O)NCc3ccc(F)cc3)c3ccc(Cl)cc3)CC2)ccn1,6.42,CHEMBL1156281,2010,CHEMBL1107892
CHEMBL1093696,O=C(NCc1ccc(F)cc1)N(c1ccc(Cl)cc1)C1CCN(Cc2ccnnc2)CC1,4.92,CHEMBL1156281,2010,CHEMBL1107892
CHEMBL1092108,O=C(NCc1ccccc1)N(c1ccc(Br)cc1)C1CCN(Cc2ccncc2)CC1,5.64,CHEMBL1156281,2010,CHEMBL1107892
CHEMBL1092109,O=C(NCc1ccccc1)N(c1ccc(Br)cc1)C1CCN(Cc2ccnnc2)CC1,4.86,CHEMBL1156281,2010,CHEMBL1107892
CHEMBL1089865,Cc1ccc(C(=O)NC2CC2)cc1-c1cc2cnn(-c3c(F)cccc3F)c2n(C)c1=O,4.44,CHEMBL1156338,2010,CHEMBL1104518
CHEMBL1089210,Cc1ccc(OC(=O)N(CC(=O)O)Cc2cccc(OCc3nc(-c4ccc(Cl)cc4)oc3C)c2)cc1,4.53,CHEMBL1156340,2010,CHEMBL1110812
CHEMBL1090211,Cc1ccc(OC(=O)N(CC(=O)O)Cc2cccc(OCc3oc(-c4ccc(Cl)cc4)nc3C)c2)cc1,4.70,CHEMBL1156340,2010,CHEMBL1110812
CHEMBL1091664,Cc1ccc(OC(=O)N(CC(=O)O)Cc2cccc(OCc3nc(-c4ccc(Cl)cc4)sc3C)c2)cc1,5.00,CHEMBL1156340,2010,CHEMBL1110812
CHEMBL1092931,Cc1ccc(OC(=O)N(CC(=O)O)Cc2cccc(OCc3nc(-c4cccc(Cl)c4)oc3C)c2)cc1,5.14,CHEMBL1156340,2010,CHEMBL1110812
CHEMBL1089164,Cc1ccc(OC(=O)N(CC(=O)O)Cc2cccc(OCc3nc(-c4ccc(F)cc4)oc3C)c2)cc1,4.42,CHEMBL1156340,2010,CHEMBL1110812
CHEMBL1090188,Cc1ccc(OC(=O)N(CC(=O)O)Cc2cccc(OCc3nc(-c4ccc(C#N)cc4)oc3C)c2)cc1,4.28,CHEMBL1156340,2010,CHEMBL1110812
CHEMBL1090189,COc1ccc(-c2nc(COc3cccc(CN(CC(=O)O)C(=O)Oc4ccc(C)cc4)c3)c(C)o2)cc1,5.07,CHEMBL1156340,2010,CHEMBL1110812
CHEMBL1090877,Cc1ccc(OC(=O)N(CC(=O)O)Cc2cccc(OCc3nc(-c4ccc(C)cc4)oc3C)c2)cc1,4.59,CHEMBL1156340,2010,CHEMBL1110812
CHEMBL1091218,Cc1ccc(OC(=O)N(CC(=O)O)Cc2cccc(OCc3nc(-c4ccc(C(F)(F)F)cc4)oc3C)c2)cc1,4.58,CHEMBL1156340,2010,CHEMBL1110812
CHEMBL356066,O=C(/C=C/c1ccc(CN(CCO)CCc2c[nH]c3ccccc23)cc1)NO,4.91,CHEMBL1156307,2010,CHEMBL1111711
CHEMBL1089343,Cc1[nH]c2ccccc2c1C1CCCN(Cc2ccc(/C=C/C(=O)NO)cc2)C1,4.56,CHEMBL1156307,2010,CHEMBL1111711
CHEMBL1089344,Cc1[nH]c2ccccc2c1C1CCN(Cc2ccc(/C=C/C(=O)NO)cc2)C1,4.87,CHEMBL1156307,2010,CHEMBL1111711
CHEMBL1089359,Cc1[nH]c2ccccc2c1CC1CCCCN1Cc1ccc(/C=C/C(=O)NO)cc1,5.04,CHEMBL1156307,2010,CHEMBL1111711
CHEMBL1089700,Cc1[nH]c2ccccc2c1CCN1CCCC1c1ccc(/C=C/C(=O)NO)cc1,4.71,CHEMBL1156307,2010,CHEMBL1111711
CHEMBL1088949,Cc1[nH]c2ccccc2c1CCN1Cc2ccc(/C=C/C(=O)NO)cc2C1,5.32,CHEMBL1156307,2010,CHEMBL1111711
CHEMBL1089701,Cc1[nH]c2ccccc2c1CCN1CCc2cc(/C=C/C(=O)NO)ccc2C1,4.83,CHEMBL1156307,2010,CHEMBL1111711
CHEMBL1093362,Cc1[nH]c2ccccc2c1CCN1CCc2ccc(/C=C/C(=O)NO)cc2C1,5.57,CHEMBL1156307,2010,CHEMBL1111711
CHEMBL1089301,Cc1[nH]c2ccccc2c1CCN1CCc2ccc(/C=C/C(=O)NO)cc2CC1,5.50,CHEMBL1156307,2010,CHEMBL1111711
CHEMBL1094040,O=C(/C=C/c1ccc(CN2CCCC(c3c[nH]c4ccccc34)C2)cc1)NO,4.53,CHEMBL1156307,2010,CHEMBL1111711
CHEMBL1094041,O=C(/C=C/c1ccc(CN2CCCC(c3c(-c4ccccc4)[nH]c4ccccc34)C2)cc1)NO,4.55,CHEMBL1156307,2010,CHEMBL1111711
CHEMBL1094042,CC(C)(C)c1[nH]c2ccccc2c1C1CCCN(Cc2ccc(/C=C/C(=O)NO)cc2)C1,4.87,CHEMBL1156307,2010,CHEMBL1111711
CHEMBL1093051,O=C(/C=C/c1ccc(CN2CCCC(c3c[nH]c4ccccc34)C2)c(F)c1)NO,4.82,CHEMBL1156307,2010,CHEMBL1111711
CHEMBL1093052,O=C(/C=C/c1ccc(CN2CCCC(c3c(-c4ccccc4)[nH]c4ccccc34)C2)c(F)c1)NO,4.71,CHEMBL1156307,2010,CHEMBL1111711
CHEMBL1093053,CC(C)(C)c1[nH]c2ccccc2c1C1CCCN(Cc2ccc(/C=C/C(=O)NO)cc2F)C1,4.52,CHEMBL1156307,2010,CHEMBL1111711
CHEMBL1093351,CC(C)(C)c1[nH]c2ccccc2c1C1CCCN(Cc2ccc(/C=C/C(=O)NO)cc2Cl)C1,5.00,CHEMBL1156307,2010,CHEMBL1111711
CHEMBL1092921,O=C(CNC(=O)c1cccc(C(F)(F)F)c1)N[C@@H]1CCN(CCC2CCN(C(=O)c3cc(F)ccc3F)CC2)C1,5.00,CHEMBL1156954,2010,CHEMBL1108768
CHEMBL1095202,CCOCCn1c([C@@H]2CCCN(C3CCOCC3)C2)nc2ccccc21,5.68,CHEMBL1157885,2010,CHEMBL1110021
CHEMBL1095819,CN1CCC[C@@H](c2nc3ccccc3n2Cc2ccc(F)cc2)C1,6.14,CHEMBL1157885,2010,CHEMBL1110021
CHEMBL1087493,CCOCCn1c(N2CC[C@H](N(C)C)C2)nc2ccccc21,6.63,CHEMBL1157885,2010,CHEMBL1110017
CHEMBL1087367,COc1ccc(Cn2c(N3CC[C@@H](N(C)C)C3)nc3ccccc32)cc1,6.31,CHEMBL1157885,2010,CHEMBL1110017
CHEMBL556450,Cc1cnn(C2CCN(c3nc4ccccc4n3Cc3ccc(F)cc3)CC2)c1,6.09,CHEMBL1157885,2010,CHEMBL1110017
CHEMBL550818,CN(CC1CCOCC1)C1CCN(c2nc3ccccc3n2Cc2ccc(F)cc2)CC1,7.54,CHEMBL1157885,2010,CHEMBL1110017
CHEMBL1097783,CCOCCn1nc(C)c2nc(NC3CCNCC3)nc(Nc3cc(C)ccn3)c21,5.55,CHEMBL1157825,2010,CHEMBL1106530
CHEMBL1094365,CCOCCn1nc(CC)c2nc(N3CCC(C(=O)O)CC3)nc(Nc3cc(C)ccn3)c21,5.96,CHEMBL1157825,2010,CHEMBL1106530
CHEMBL1095845,O=C([C@H]1C[C@H](Oc2cccc(F)c2)CN1)N1CCCN(C2CCC2)CC1,5.52,CHEMBL1158560,2010,CHEMBL1105770
CHEMBL1095846,O=C([C@H]1C[C@H](Oc2ccc(F)cc2)CN1)N1CCCN(C2CCC2)CC1,5.11,CHEMBL1158560,2010,CHEMBL1105770
CHEMBL1096827,CC(=O)N1C[C@@H](Oc2cccc(F)c2)C[C@@H]1C(=O)N1CCCN(C2CCC2)CC1,5.22,CHEMBL1158560,2010,CHEMBL1105770
CHEMBL1095847,O=C([C@H]1C[C@H](Oc2ccc(Cl)cc2)CN1)N1CCCN(C2CCC2)CC1,5.70,CHEMBL1158560,2010,CHEMBL1105771
CHEMBL1095877,O=C([C@H]1C[C@H](Oc2cccc(Cl)c2)CN1)N1CCCN(C2CCC2)CC1,5.14,CHEMBL1158560,2010,CHEMBL1105771
CHEMBL1097882,O=C([C@H]1C[C@H](Oc2ccc(F)cc2)CN1)N1CCCN(C2CCCC2)CC1,5.34,CHEMBL1158560,2010,CHEMBL1105771
CHEMBL1097883,N#Cc1ccc(O[C@@H]2CN[C@@H](C(=O)N3CCCN(C4CCCC4)CC3)C2)cc1,5.54,CHEMBL1158560,2010,CHEMBL1105771
CHEMBL1097701,O=C(CN1CCCN(Cc2nc3ccccc3[nH]2)CC1)Nc1ccc(C(F)(F)F)cc1,5.30,CHEMBL1158564,2010,CHEMBL1121059
CHEMBL1098851,O=C(CNc1ccccc1C(F)(F)F)N1CCCN(Cc2nc3ccccc3[nH]2)CC1,5.88,CHEMBL1158564,2010,CHEMBL1121059
CHEMBL45816,COCC(=O)O[C@]1(CCN(C)CCCc2nc3ccccc3[nH]2)CCc2cc(F)ccc2[C@@H]1C(C)C,5.85,CHEMBL1158564,2010,CHEMBL1121059
CHEMBL1097718,Cc1cccc(Nc2nc(N3CCNCC3)nc3c(C)nn(CCOCC(F)(F)F)c23)n1,6.25,CHEMBL1157119,2010,CHEMBL1106514
CHEMBL1099069,CCc1nn(CCOCC(F)(F)F)c2c(Nc3ccncn3)nc(N3CCNCC3)nc12,5.29,CHEMBL1157119,2010,CHEMBL1106514
CHEMBL1098752,Cc1nn(CCOCC(F)(F)F)c2c(Nc3ccncn3)nc(N3CCN[C@H](C)C3)nc12,6.05,CHEMBL1157119,2010,CHEMBL1106514
CHEMBL1095121,CCc1nn(CCOCC(F)(F)F)c2c(Nc3ccncn3)nc(N3CCN[C@H](C)C3)nc12,5.85,CHEMBL1157119,2010,CHEMBL1106514
CHEMBL1094521,C[C@H](O)C(=O)NC1CC(C)(C)Oc2nc(-c3ccc(Cl)cc3Cl)c(-c3ccc(Cl)cc3)cc21,6.92,CHEMBL1157794,2010,CHEMBL1105740
CHEMBL1094847,CC1(C)CC(NC(=O)C(C)(C)O)c2cc(-c3ccc(Cl)cc3)c(-c3ccc(Cl)cc3Cl)nc2O1,6.42,CHEMBL1157794,2010,CHEMBL1105740
CHEMBL1095499,CC1(C)CC(NC(=O)C2(O)CC2)c2cc(-c3ccc(Cl)cc3)c(-c3ccc(Cl)cc3Cl)nc2O1,6.52,CHEMBL1157794,2010,CHEMBL1105740
CHEMBL1169572,Cc1cc(Cl)ccc1-c1nc2c(cc1-c1ccc(Cl)cc1)C(NC(=O)C(O)C(F)(F)F)CC(C)(C)O2,6.58,CHEMBL1157794,2010,CHEMBL1105740
CHEMBL1169572,Cc1cc(Cl)ccc1-c1nc2c(cc1-c1ccc(Cl)cc1)C(NC(=O)C(O)C(F)(F)F)CC(C)(C)O2,6.39,CHEMBL1157794,2010,CHEMBL1105740
CHEMBL1097455,CC1(C)CC(NC(=O)C(C)(O)C(F)(F)F)c2cc(-c3ccc(Cl)cc3)c(-c3ccc(Cl)cc3Cl)nc2O1,6.22,CHEMBL1157794,2010,CHEMBL1105740
CHEMBL1097456,CC1(C)CC(NC(=O)CC(O)C(F)(F)F)c2cc(-c3ccc(Cl)cc3)c(-c3ccc(Cl)cc3Cl)nc2O1,5.84,CHEMBL1157794,2010,CHEMBL1105740
CHEMBL1097456,CC1(C)CC(NC(=O)CC(O)C(F)(F)F)c2cc(-c3ccc(Cl)cc3)c(-c3ccc(Cl)cc3Cl)nc2O1,5.61,CHEMBL1157794,2010,CHEMBL1105740
CHEMBL1095159,CC1(C)CC(NC(=O)C(F)(F)CO)c2cc(-c3ccc(Cl)cc3)c(-c3ccc(Cl)cc3Cl)nc2O1,7.10,CHEMBL1157794,2010,CHEMBL1105740
CHEMBL1095789,CCc1cc(C(=O)N[C@@H]2CC(C)(C)Oc3nc(-c4ccc(Cl)cc4Cl)c(-c4ccc(Cl)cc4)cc32)n[nH]1,5.92,CHEMBL1157794,2010,CHEMBL1105740
CHEMBL1095158,Cc1c[nH]nc1C(=O)N[C@@H]1CC(C)(C)Oc2nc(-c3ccc(Cl)cc3Cl)c(-c3ccc(Cl)cc3)cc21,5.28,CHEMBL1157794,2010,CHEMBL1105740
CHEMBL1095476,Cc1[nH]nc(C(=O)N[C@@H]2CC(C)(C)Oc3nc(-c4ccc(Cl)cc4Cl)c(-c4ccc(Cl)cc4)cc32)c1C,5.06,CHEMBL1157794,2010,CHEMBL1105740
CHEMBL1097841,CC1(C)C[C@@H](NC(=O)c2cn[nH]c2)c2cc(-c3ccc(Cl)cc3)c(-c3ccc(Cl)cc3Cl)nc2O1,6.42,CHEMBL1157794,2010,CHEMBL1105740
CHEMBL1095150,Cc1n[nH]cc1C(=O)N[C@@H]1CC(C)(C)Oc2nc(-c3ccc(Cl)cc3Cl)c(-c3ccc(Cl)cc3)cc21,5.96,CHEMBL1157794,2010,CHEMBL1105740
CHEMBL1095151,Cc1n[nH]c(C)c1C(=O)N[C@@H]1CC(C)(C)Oc2nc(-c3ccc(Cl)cc3Cl)c(-c3ccc(Cl)cc3)cc21,5.80,CHEMBL1157794,2010,CHEMBL1105740
CHEMBL1098876,Cc1nc(C(=O)N[C@@H]2CC(C)(C)Oc3nc(-c4ccc(Cl)cc4Cl)c(-c4ccc(Cl)cc4)cc32)n[nH]1,5.70,CHEMBL1157794,2010,CHEMBL1105740
CHEMBL1095553,CC1(C)C[C@@H](NC(=O)c2n[nH]c3ccccc23)c2cc(-c3ccc(Cl)cc3)c(-c3ccc(Cl)cc3Cl)nc2O1,5.34,CHEMBL1157794,2010,CHEMBL1105740
CHEMBL1095554,CC1(C)C[C@@H](NC(=O)c2ccc3[nH]ncc3c2)c2cc(-c3ccc(Cl)cc3)c(-c3ccc(Cl)cc3Cl)nc2O1,6.20,CHEMBL1157794,2010,CHEMBL1105740
CHEMBL1095990,CC(=O)N[C@@H]1CC(C)(C)Oc2nc(-c3ccc(Cl)cc3Cl)c(-c3ccc(Cl)cc3)cc21,6.27,CHEMBL1157794,2010,CHEMBL1105740
CHEMBL1098847,CC(=O)N[C@H]1CC(C)(C)Oc2nc(-c3ccc(Cl)cc3Cl)c(-c3ccc(Cl)cc3)cc21,5.58,CHEMBL1157794,2010,CHEMBL1105740
CHEMBL1096182,Cc1cc(C(=O)N[C@@H]2CC(C)(C)Oc3nc(-c4ccc(Cl)cc4Cl)c(-c4ccc(Cl)cc4)cc32)n[nH]1,6.00,CHEMBL1157794,2010,CHEMBL1105740
CHEMBL477015,CS(=O)(=O)Nc1ccc2c(c1)[C@H](O)CC1(CCN([C@@H]3CCc4cc(C#N)ccc4C3)CC1)O2,6.17,CHEMBL1157794,2010,CHEMBL1105740
CHEMBL1086579,Cc1cc(CN2CCN(c3c(Br)cnc4[nH]c(N5CCN(C)CC5)nc34)CC2)no1,5.52,CHEMBL1155446,2010,CHEMBL1118846
CHEMBL1086582,Cc1cc(CN2CCN(c3c(Cl)cnc4[nH]c(N5CCN(C)CC5)nc34)CC2)no1,5.64,CHEMBL1155446,2010,CHEMBL1118846
CHEMBL1083409,CNC[C@@H](O)CCN1c2ccccc2N(c2ccccc2)S1(=O)=O,5.10,CHEMBL1155515,2010,CHEMBL1120746
CHEMBL1083429,CNC[C@@H](O)CCN1c2ccccc2N(c2c(F)cccc2F)S1(=O)=O,4.70,CHEMBL1155515,2010,CHEMBL1120746
CHEMBL1083118,CNC[C@@H](O)CCN1c2ccccc2N(c2cc(F)ccc2F)S1(=O)=O,4.89,CHEMBL1155515,2010,CHEMBL1120746
CHEMBL1083787,O=C(NCCCCN1CCCCC1)Nc1ccc(-c2ccc(F)cc2)nc1,5.89,CHEMBL1155527,2010,CHEMBL1118799
CHEMBL1080787,CC(C)CN(C(=O)c1cccc(Cl)c1Cl)[C@H]1CCNC1,4.70,CHEMBL1155538,2010,CHEMBL1120514
CHEMBL403441,CCOc1ccccc1C[C@H](c1ccccc1)N1CCNCC1,5.16,CHEMBL1155538,2010,CHEMBL1120514
CHEMBL214335,COc1ccccc1CC(c1ccccc1)N1CCNCC1,4.39,CHEMBL1155538,2010,CHEMBL1120514
CHEMBL213754,CCCOc1ccccc1CC(c1ccccc1)N1CCNCC1,5.23,CHEMBL1155538,2010,CHEMBL1120514
CHEMBL1083405,CC(C)Oc1ccccc1CC(c1ccccc1)N1CCNCC1,5.20,CHEMBL1155538,2010,CHEMBL1120514
CHEMBL1083705,c1ccc(C(Cc2ccccc2OC2CC2)N2CCNCC2)cc1,5.19,CHEMBL1155538,2010,CHEMBL1120514
CHEMBL1083706,c1ccc(C(Cc2ccccc2OCC2CC2)N2CCNCC2)cc1,5.53,CHEMBL1155538,2010,CHEMBL1120514
CHEMBL1083707,c1ccc(C(Cc2cccc3c2OCC3)N2CCNCC2)cc1,4.67,CHEMBL1155538,2010,CHEMBL1120514
CHEMBL1083708,FC(F)Oc1ccccc1CC(c1ccccc1)N1CCNCC1,4.97,CHEMBL1155538,2010,CHEMBL1120514
CHEMBL375131,FC(F)(F)Oc1ccccc1CC(c1ccccc1)N1CCNCC1,4.96,CHEMBL1155538,2010,CHEMBL1120514
CHEMBL1086273,COc1c(F)cccc1CC(c1ccccc1)N1CCNCC1,4.68,CHEMBL1155538,2010,CHEMBL1120514
CHEMBL1086274,COc1cccc(F)c1CC(c1ccccc1)N1CCNCC1,5.07,CHEMBL1155538,2010,CHEMBL1120514
CHEMBL1086275,Fc1cccc(OC(F)F)c1CC(c1ccccc1)N1CCNCC1,4.98,CHEMBL1155538,2010,CHEMBL1120514
CHEMBL1085959,COc1ccccc1CC(c1ccccc1F)N1CCNCC1,4.40,CHEMBL1155538,2010,CHEMBL1120514
CHEMBL1085567,COc1ccccc1CC(c1ccc(F)cc1)N1CCNCC1,4.80,CHEMBL1155538,2010,CHEMBL1120514
CHEMBL1084309,Fc1ccccc1C(Cc1ccccc1OC(F)F)N1CCNCC1,5.19,CHEMBL1155538,2010,CHEMBL1120514
CHEMBL1084577,Fc1cccc(C(Cc2ccccc2OC(F)F)N2CCNCC2)c1,5.08,CHEMBL1155538,2010,CHEMBL1120514
CHEMBL1083425,Fc1ccc(C(Cc2ccccc2OC(F)F)N2CCNCC2)cc1,5.04,CHEMBL1155538,2010,CHEMBL1120514
CHEMBL1083426,Fc1ccccc1C(Cc1ccccc1OC(F)(F)F)N1CCNCC1,5.12,CHEMBL1155538,2010,CHEMBL1120514
CHEMBL1083427,Fc1cccc(C(Cc2ccccc2OC(F)(F)F)N2CCNCC2)c1,5.21,CHEMBL1155538,2010,CHEMBL1120514
CHEMBL1084033,Fc1ccc(C(Cc2ccccc2OC(F)(F)F)N2CCNCC2)cc1,5.09,CHEMBL1155538,2010,CHEMBL1120514
CHEMBL214335,COc1ccccc1CC(c1ccccc1)N1CCNCC1,4.41,CHEMBL1155538,2010,CHEMBL1120514
CHEMBL214335,COc1ccccc1CC(c1ccccc1)N1CCNCC1,4.64,CHEMBL1155538,2010,CHEMBL1120514
CHEMBL1083708,FC(F)Oc1ccccc1CC(c1ccccc1)N1CCNCC1,4.90,CHEMBL1155538,2010,CHEMBL1120514
CHEMBL1083708,FC(F)Oc1ccccc1CC(c1ccccc1)N1CCNCC1,4.82,CHEMBL1155538,2010,CHEMBL1120514
CHEMBL1083426,Fc1ccccc1C(Cc1ccccc1OC(F)(F)F)N1CCNCC1,5.69,CHEMBL1155538,2010,CHEMBL1120514
CHEMBL1083426,Fc1ccccc1C(Cc1ccccc1OC(F)(F)F)N1CCNCC1,6.12,CHEMBL1155538,2010,CHEMBL1120514
CHEMBL1084033,Fc1ccc(C(Cc2ccccc2OC(F)(F)F)N2CCNCC2)cc1,5.02,CHEMBL1155538,2010,CHEMBL1120514
CHEMBL1084033,Fc1ccc(C(Cc2ccccc2OC(F)(F)F)N2CCNCC2)cc1,5.30,CHEMBL1155538,2010,CHEMBL1120514
CHEMBL1083025,CC1(C)CC(NC(=O)CCO)c2cc(-c3ccc(Cl)cc3)c(-c3ccc(Cl)cc3Cl)nc2O1,6.42,CHEMBL1158602,2010,CHEMBL1120225
CHEMBL1094521,C[C@H](O)C(=O)NC1CC(C)(C)Oc2nc(-c3ccc(Cl)cc3Cl)c(-c3ccc(Cl)cc3)cc21,6.47,CHEMBL1158602,2010,CHEMBL1120225
CHEMBL1082330,CN1c2nc(-c3ccc(Cl)cc3Cl)c(-c3ccc(Cl)cc3)cc2C(C(=O)NCO)CC1(C)C,7.40,CHEMBL1158602,2010,CHEMBL1120225
CHEMBL1083646,C[C@@H](O)C(=O)NC1CC(C)(C)Oc2nc(-c3ccc(Cl)cc3Cl)c(-c3ccc(Cl)cc3)cc21,6.92,CHEMBL1158602,2010,CHEMBL1120225
CHEMBL1083750,Cn1nccc1-c1cc(NC(=O)c2ccc(F)cc2F)ccc1OCCN1CCOCC1,5.39,CHEMBL1155506,2010,CHEMBL1119165
CHEMBL1086317,Cn1nccc1-c1cc(NC(=O)c2cccc(C(F)(F)F)c2)ccc1OCCN1CCOCC1,6.05,CHEMBL1155506,2010,CHEMBL1119165
CHEMBL1084617,COc1cccc(C(=O)Nc2ccc(OCCN3CCOCC3)c(-c3ccnn3C)c2)c1,4.96,CHEMBL1155506,2010,CHEMBL1119165
CHEMBL1085627,CC(=O)N1CCN(CCOc2ccc(NC(=O)c3cccc(F)c3)cc2-c2ccnn2C)CC1,5.39,CHEMBL1155506,2010,CHEMBL1119165
CHEMBL1171786,O=C(O)c1ccccc1Oc1ccc(Cl)cc1NS(=O)(=O)c1ccc(Cl)c(Cl)c1,5.10,CHEMBL1177762,2010,CHEMBL1174519
CHEMBL1170608,Cl.Nc1ncc(-c2cnn(C3CCNCC3)c2)cc1-c1nc2ccccc2o1,6.12,CHEMBL1177783,2010,CHEMBL1175155
CHEMBL1170953,O=C(c1ccc(Oc2ccc(F)cc2)cn1)N1CCCN(C2CCC2)CC1,5.08,CHEMBL1177792,2010,CHEMBL1175788
CHEMBL1170790,O=C(c1ccc(Oc2cccc(F)c2)nc1)N1CCCN(C2CCC2)CC1,5.46,CHEMBL1177792,2010,CHEMBL1175790
CHEMBL1171756,N#Cc1cccc(Oc2ccc(C(=O)N3CCCN(C4CCC4)CC3)cn2)c1,5.27,CHEMBL1177792,2010,CHEMBL1175790
CHEMBL1171002,O=C(c1ccc(Oc2cccc(Cl)c2)nc1)N1CCCN(C2CCC2)CC1,5.80,CHEMBL1177792,2010,CHEMBL1175790
CHEMBL1171886,O=C(c1ccc(Oc2ccc(Cl)cc2)nc1)N1CCCN(C2CCC2)CC1,5.85,CHEMBL1177792,2010,CHEMBL1175790
CHEMBL1170953,O=C(c1ccc(Oc2ccc(F)cc2)cn1)N1CCCN(C2CCC2)CC1,6.05,CHEMBL1177792,2010,CHEMBL1175790
CHEMBL497999,CS(=O)(=O)c1ccc(OCC2CC2)c(C(=O)N2CCN(c3ccc(C#N)cc3F)CC2)c1,6.22,CHEMBL1177706,2010,CHEMBL1177037
CHEMBL1173634,CC(C)COc1ccc(S(C)(=O)=O)cc1C(=O)N1CCN(c2ccc(C#N)cc2F)CC1,6.16,CHEMBL1177706,2010,CHEMBL1177037
CHEMBL1173635,CC(C)Oc1ccc(S(C)(=O)=O)cc1C(=O)N1CCN(c2ccc(C#N)cc2F)CC1,5.48,CHEMBL1177706,2010,CHEMBL1177037
CHEMBL1172998,CS(=O)(=O)c1ccc(OCC(F)(F)F)c(C(=O)N2CCN(c3ccc(C#N)cc3F)CC2)c1,5.70,CHEMBL1177706,2010,CHEMBL1177037
CHEMBL1172999,CC(Oc1ccc(S(C)(=O)=O)cc1C(=O)N1CCN(c2ccc(C#N)cc2F)CC1)C(F)(F)F,5.52,CHEMBL1177706,2010,CHEMBL1177037
CHEMBL1171498,CC(Oc1ccc(S(C)(=O)=O)cc1C(=O)N1CCN(c2ccc(C#N)cc2)CC1)C(F)(F)F,5.92,CHEMBL1177706,2010,CHEMBL1177037
CHEMBL1171499,CC(Oc1ccc(S(C)(=O)=O)cc1C(=O)N1CCN(c2ccc(C(F)(F)F)cc2)CC1)C(F)(F)F,5.00,CHEMBL1177706,2010,CHEMBL1177037
CHEMBL1172199,CC(Oc1ccc(S(C)(=O)=O)cc1C(=O)N1CCN(c2ccc(C(F)(F)F)cc2F)CC1)C(F)(F)F,5.16,CHEMBL1177706,2010,CHEMBL1177037
CHEMBL1170071,CC(Oc1ccc(S(C)(=O)=O)cc1C(=O)N1CCN(c2ccc(C(F)(F)F)cn2)CC1)C(F)(F)F,4.70,CHEMBL1177706,2010,CHEMBL1177037
CHEMBL1171649,CC(Oc1ccc(S(C)(=O)=O)cc1C(=O)N1CCN(c2ncc(C(F)(F)F)cc2F)CC1)C(F)(F)F,4.70,CHEMBL1177706,2010,CHEMBL1177037
CHEMBL1169701,CC(Oc1ccc(S(C)(=O)=O)cc1C(=O)N1CCN(c2ncc(C(F)(F)F)cc2Cl)CC1)C(F)(F)F,5.00,CHEMBL1177706,2010,CHEMBL1177037
CHEMBL2021600,C[C@H](Oc1ccc(S(C)(=O)=O)cc1C(=O)N1CCN(c2ncc(C(F)(F)F)cc2F)CC1)C(C)(C)C,4.77,CHEMBL1177706,2010,CHEMBL1177037
CHEMBL2021601,C[C@@H](Oc1ccc(S(C)(=O)=O)cc1C(=O)N1CCN(c2ncc(C(F)(F)F)cc2F)CC1)C(C)(C)C,4.55,CHEMBL1177706,2010,CHEMBL1177037
CHEMBL1079481,Cc1ncoc1-c1nnc(SCCCN2CC3CC3(c3ccc(C(F)(F)F)cc3)C2)n1C,6.00,CHEMBL1208692,2010,CHEMBL1211615
CHEMBL1210552,Cc1ncoc1-c1nnc(SCCCN2CC3CC3(c3ccc(S(F)(F)(F)(F)F)cc3)C2)n1C,6.30,CHEMBL1208692,2010,CHEMBL1211615
CHEMBL1210552,Cc1ncoc1-c1nnc(SCCCN2CC3CC3(c3ccc(S(F)(F)(F)(F)F)cc3)C2)n1C,6.40,CHEMBL1208692,2010,CHEMBL1211615
CHEMBL1210552,Cc1ncoc1-c1nnc(SCCCN2CC3CC3(c3ccc(S(F)(F)(F)(F)F)cc3)C2)n1C,6.10,CHEMBL1208692,2010,CHEMBL1211615
CHEMBL1081957,Cc1ncoc1-c1nnc(SCCCN2CC3CC3(c3cccc(C(F)(F)F)c3)C2)n1C,5.50,CHEMBL1208692,2010,CHEMBL1211615
CHEMBL1210614,Cc1ncoc1-c1nnc(SCCCN2CC3CC3(c3cccc(S(F)(F)(F)(F)F)c3)C2)n1C,6.00,CHEMBL1208692,2010,CHEMBL1211615
CHEMBL1210614,Cc1ncoc1-c1nnc(SCCCN2CC3CC3(c3cccc(S(F)(F)(F)(F)F)c3)C2)n1C,5.70,CHEMBL1208692,2010,CHEMBL1211615
CHEMBL1210614,Cc1ncoc1-c1nnc(SCCCN2CC3CC3(c3cccc(S(F)(F)(F)(F)F)c3)C2)n1C,5.90,CHEMBL1208692,2010,CHEMBL1211615
CHEMBL1209217,O=C(C1CCOC1)N1C[C@@H]2[C@H](CNc3nc(-c4ccccn4)cs3)[C@@H]2C1,5.70,CHEMBL1208767,2010,CHEMBL1212048
CHEMBL41,CNCCC(Oc1ccc(C(F)(F)F)cc1)c1ccccc1,5.51,CHEMBL1212860,2010,CHEMBL1217370
CHEMBL1086754,Cc1c(C(=O)NCCCN2CCN(c3cccc(Cl)c3Cl)CC2)cc(-c2ccccc2)n1C,6.85,CHEMBL1212860,2010,CHEMBL1217370
CHEMBL1086756,CCCn1c(-c2ccccc2)cc(C(=O)NCCCN2CCN(c3cccc(Cl)c3Cl)CC2)c1C,6.27,CHEMBL1212860,2010,CHEMBL1217370
CHEMBL1214176,CCCn1c(-c2ccccc2)cc(C(=O)N(C)CCCN2CCN(c3cccc(C)c3C)CC2)c1C,6.16,CHEMBL1212860,2010,CHEMBL1217370
CHEMBL1214177,Cc1c(C(=O)N(C)CCCN2CCN(c3cccc(Cl)c3Cl)CC2)cc(-c2ccccc2)n1C,6.30,CHEMBL1212860,2010,CHEMBL1217370
CHEMBL1086626,Cc1[nH]c(-c2ccccc2)cc1C(=O)NCCCN1CCN(c2cccc(Cl)c2Cl)CC1,7.00,CHEMBL1212860,2010,CHEMBL1217370
CHEMBL3217141,Cc1[nH]c(-c2ccccn2)cc1C(=O)NCCCN1CCN(c2cccc(Cl)c2Cl)CC1.Cl.Cl.Cl.Cl,6.05,CHEMBL1212860,2010,CHEMBL1217370
CHEMBL3216259,Cc1c(C(=O)NCCCN2CCN(c3cccc(Cl)c3Cl)CC2)cc(-c2ccccn2)n1C.Cl.Cl.Cl.Cl,5.77,CHEMBL1212860,2010,CHEMBL1217370
CHEMBL3216702,CCCn1c(-c2ccccn2)cc(C(=O)NCCCN2CCN(c3cccc(Cl)c3Cl)CC2)c1C.Cl.Cl.Cl.Cl,6.00,CHEMBL1212860,2010,CHEMBL1217370
CHEMBL1212957,Cc1c(C(=O)NCCCN2CCN(c3cccc(Cl)c3Cl)CC2)cc(-c2cccnc2)n1C,5.17,CHEMBL1212860,2010,CHEMBL1217370
CHEMBL1214595,Cc1cccc(N2CCN(CCNC(=O)c3cc(C(C)(C)C)n(C)c3C)CC2)c1C,4.93,CHEMBL1212860,2010,CHEMBL1217370
CHEMBL1214597,Cc1c(C(=O)NCCN2CCN(c3cccc(Cl)c3Cl)CC2)cc(C(C)(C)C)n1C.Cl,5.16,CHEMBL1212860,2010,CHEMBL1217370
CHEMBL1215691,N#Cc1ccc(N2N=C(c3ccc4[nH]c(=O)oc4c3)C[C@@H]2c2ccc(F)cc2)cc1,7.54,CHEMBL1212897,2010,CHEMBL1219663
CHEMBL1215755,CN(C)CCN(C)C(=O)c1ccc(C2=NN(c3ccc(C#N)cc3)C(c3ccc(F)cc3)C2)cc1,6.77,CHEMBL1212897,2010,CHEMBL1219663
CHEMBL1214402,NC(=O)c1cnc(-c2cnc3c(Nc4ccc(C(F)(F)F)cn4)ccnc3n2)c(C(F)(F)F)c1,5.23,CHEMBL1212834,2010,CHEMBL1217643
CHEMBL1214731,Cn1cc(Br)c(C(=O)N2CCN(CC(=O)c3ccc(F)cc3)CC2)n1,4.72,CHEMBL1212923,2010,CHEMBL1219105
CHEMBL1214946,Cn1cc(Cl)c(C(=O)N2CCN(CC(=O)c3ccc(F)cc3)CC2)n1,4.52,CHEMBL1212923,2010,CHEMBL1219105
CHEMBL1214731,Cn1cc(Br)c(C(=O)N2CCN(CC(=O)c3ccc(F)cc3)CC2)n1,4.72,CHEMBL1212923,2010,CHEMBL1219105
CHEMBL1224639,CC(C)c1ccc(S(=O)(=O)Nc2ccc([C@@]34C[C@@H]3CN(C)C4)cc2)cc1,5.80,CHEMBL1221332,2010,CHEMBL1225700
CHEMBL1224697,CCN1C[C@H]2C[C@@]2(c2ccc(NS(=O)(=O)c3ccc(C(C)C)cc3)cc2)C1,5.90,CHEMBL1221332,2010,CHEMBL1225700
CHEMBL1224698,C=CCN1C[C@H]2C[C@@]2(c2ccc(NS(=O)(=O)c3ccc(C(C)C)cc3)cc2)C1,7.00,CHEMBL1221332,2010,CHEMBL1225700
CHEMBL1224699,COc1cc([C@]23CNC[C@H]2C3)ccc1NS(=O)(=O)c1ccc(C(C)C)cc1,5.90,CHEMBL1221332,2010,CHEMBL1225700
CHEMBL1224700,O=S(=O)(Nc1ccc([C@]23CNC[C@H]2C3)cc1)c1ccc(C(F)(F)F)cc1,6.10,CHEMBL1221332,2010,CHEMBL1225700
CHEMBL1224701,O=S(=O)(Nc1ccc([C@]23CNC[C@H]2C3)cc1)c1ccc(OC(F)(F)F)cc1,5.00,CHEMBL1221332,2010,CHEMBL1225700
CHEMBL1223598,CC(C)c1ccc(S(=O)(=O)Cc2ccc([C@]34CNC[C@H]3C4)cc2)cc1,5.90,CHEMBL1221332,2010,CHEMBL1225700
CHEMBL1223600,CC(C)c1ccc(CS(=O)(=O)c2ccc([C@]34CNC[C@H]3C4)cc2)cc1,5.50,CHEMBL1221332,2010,CHEMBL1225700
CHEMBL1223601,CCCCc1ccc(S(=O)(=O)Nc2ccc([C@]34CNC[C@H]3C4)cc2)cc1,5.70,CHEMBL1221332,2010,CHEMBL1225700
CHEMBL1223602,CCC(C)(C)c1ccc(S(=O)(=O)Nc2ccc([C@]34CNC[C@H]3C4)cc2)cc1,5.90,CHEMBL1221332,2010,CHEMBL1225700
CHEMBL1223657,CC(C)c1ccc(S(=O)(=O)Nc2ccc(C34CNCC3C4)cc2)cc1,5.30,CHEMBL1221332,2010,CHEMBL1225700
CHEMBL1223657,CC(C)c1ccc(S(=O)(=O)Nc2ccc(C34CNCC3C4)cc2)cc1,5.80,CHEMBL1221332,2010,CHEMBL1225700
